Picked up JAVA_TOOL_OPTIONS: -Duser.home=/Users/spectrum/.jcode/scratch/smk37-v15-quarkslab/runs/20260802T091433Z/home-kagaimiq-patched
Picked up JAVA_TOOL_OPTIONS: -Duser.home=/Users/spectrum/.jcode/scratch/smk37-v15-quarkslab/runs/20260802T091433Z/home-kagaimiq-patched
Picked up JAVA_TOOL_OPTIONS: -Duser.home=/Users/spectrum/.jcode/scratch/smk37-v15-quarkslab/runs/20260802T091433Z/home-kagaimiq-patched
Picked up JAVA_TOOL_OPTIONS: -Duser.home=/Users/spectrum/.jcode/scratch/smk37-v15-quarkslab/runs/20260802T091433Z/home-kagaimiq-patched
openjdk version "25.0.2" 2026-01-20
OpenJDK Runtime Environment Homebrew (build 25.0.2)
OpenJDK 64-Bit Server VM Homebrew (build 25.0.2, mixed mode)
INFO  Using log config file: jar:file:/Users/spectrum/.jcode/scratch/smk37-v15-quarkslab/runs/20260802T091433Z/ghidra-kagaimiq-patched/Ghidra/Framework/Generic/lib/Generic.jar!/generic.log4j.xml (LoggingInitialization)  
INFO  Using log file: /Users/spectrum/.jcode/scratch/smk37-v15-quarkslab/runs/20260802T091433Z/home-kagaimiq-patched/Library/ghidra/ghidra_12.1.2_PUBLIC/application.log (LoggingInitialization)  
INFO  Loading user preferences: /Users/spectrum/.jcode/scratch/smk37-v15-quarkslab/runs/20260802T091433Z/home-kagaimiq-patched/Library/ghidra/ghidra_12.1.2_PUBLIC/preferences (Preferences)  
INFO  Searching for classes... (ClassSearcher)  
INFO  Class search complete (793 ms) (ClassSearcher)  
INFO  Initializing SSL Context (DefaultSSLContextInitializer)  
INFO  Initializing Random Number Generator... (SecureRandomFactory)  
INFO  Random Number Generator initialization complete: NativePRNGNonBlocking (SecureRandomFactory)  
INFO  Trust manager disabled, cacerts have not been set (DefaultTrustManagerFactory)  
WARN  NOP detected at pi32v2_ins_stack.sinc:39 (SleighCompile)  
WARN  NOP detected at pi32v2_ins_stack.sinc:67 (SleighCompile)  
WARN  2 NOP constructors found (SleighCompile)  
INFO  Headless startup complete (2170 ms) (AnalyzeHeadless)  
INFO  Class searcher loaded 92 extension points (46 false positives) (ClassSearcher)  
WARNING: A terminally deprecated method in sun.misc.Unsafe has been called
WARNING: sun.misc.Unsafe::staticFieldOffset has been called by org.apache.felix.framework.util.SecureAction (file:/Users/spectrum/.jcode/scratch/smk37-v15-quarkslab/runs/20260802T091433Z/ghidra-kagaimiq-patched/Ghidra/Features/Base/lib/org.apache.felix.framework-7.0.5.jar)
WARNING: Please consider reporting this to the maintainers of class org.apache.felix.framework.util.SecureAction
WARNING: sun.misc.Unsafe::staticFieldOffset will be removed in a future release
INFO  HEADLESS Script Paths:
    /Users/spectrum/.jcode/scratch/smk37-v15-quarkslab/runs/20260802T091433Z/ghidra-kagaimiq-patched/Ghidra/Debug/Debugger/ghidra_scripts
    /Users/spectrum/.jcode/scratch/smk37-v15-quarkslab/runs/20260802T091433Z/ghidra-kagaimiq-patched/Ghidra/Processors/JVM/ghidra_scripts
    /Users/spectrum/.jcode/scratch/smk37-v15-quarkslab/runs/20260802T091433Z/ghidra-kagaimiq-patched/Ghidra/Features/MicrosoftCodeAnalyzer/ghidra_scripts
    /Users/spectrum/.jcode/scratch/smk37-v15-quarkslab/runs/20260802T091433Z/ghidra-kagaimiq-patched/Ghidra/Processors/PIC/ghidra_scripts
    /Users/spectrum/.jcode/scratch/smk37-v15-quarkslab/runs/20260802T091433Z/ghidra-kagaimiq-patched/Ghidra/Features/SystemEmulation/ghidra_scripts
    /Users/spectrum/.jcode/scratch/smk37-v15-quarkslab/runs/20260802T091433Z/ghidra-kagaimiq-patched/Ghidra/Features/SwiftDemangler/ghidra_scripts
    /Users/spectrum/.jcode/scratch/smk37-v15-quarkslab/runs/20260802T091433Z/ghidra-kagaimiq-patched/Ghidra/Processors/Atmel/ghidra_scripts
    /Users/spectrum/.jcode/scratch/smk37-v15-quarkslab/runs/20260802T091433Z/ghidra-kagaimiq-patched/Ghidra/Features/GnuDemangler/ghidra_scripts
    /Users/spectrum/.jcode/scratch/smk37-v15-quarkslab/runs/20260802T091433Z/ghidra-kagaimiq-patched/Ghidra/Features/BSim/ghidra_scripts
    /Users/spectrum/.jcode/scratch/smk37-v15-quarkslab/runs/20260802T091433Z/ghidra-kagaimiq-patched/Ghidra/Features/BytePatterns/ghidra_scripts
    /Users/spectrum/.jcode/scratch/smk37-v15-quarkslab/runs/20260802T091433Z/ghidra-kagaimiq-patched/Ghidra/Features/VersionTracking/ghidra_scripts
    /Users/spectrum/Documents/SMK37ProMod/baselines/v15/analysis/quarkslab
    /Users/spectrum/.jcode/scratch/smk37-v15-quarkslab/runs/20260802T091433Z/ghidra-kagaimiq-patched/Ghidra/Processors/DATA/ghidra_scripts
    /Users/spectrum/.jcode/scratch/smk37-v15-quarkslab/runs/20260802T091433Z/ghidra-kagaimiq-patched/Ghidra/Features/DecompilerDependent/ghidra_scripts
    /Users/spectrum/.jcode/scratch/smk37-v15-quarkslab/runs/20260802T091433Z/ghidra-kagaimiq-patched/Ghidra/Features/FunctionID/ghidra_scripts
    /Users/spectrum/.jcode/scratch/smk37-v15-quarkslab/runs/20260802T091433Z/ghidra-kagaimiq-patched/Ghidra/Features/WildcardAssembler/ghidra_scripts
    /Users/spectrum/.jcode/scratch/smk37-v15-quarkslab/runs/20260802T091433Z/ghidra-kagaimiq-patched/Ghidra/Debug/Debugger-rmi-trace/ghidra_scripts
    /Users/spectrum/.jcode/scratch/smk37-v15-quarkslab/runs/20260802T091433Z/ghidra-kagaimiq-patched/Ghidra/Features/Decompiler/ghidra_scripts
    /Users/spectrum/.jcode/scratch/smk37-v15-quarkslab/runs/20260802T091433Z/ghidra-kagaimiq-patched/Ghidra/Processors/8051/ghidra_scripts
    /Users/spectrum/.jcode/scratch/smk37-v15-quarkslab/runs/20260802T091433Z/ghidra-kagaimiq-patched/Ghidra/Features/PyGhidra/ghidra_scripts
    /Users/spectrum/.jcode/scratch/smk37-v15-quarkslab/runs/20260802T091433Z/ghidra-kagaimiq-patched/Ghidra/Features/FileFormats/ghidra_scripts
    /Users/spectrum/.jcode/scratch/smk37-v15-quarkslab/runs/20260802T091433Z/ghidra-kagaimiq-patched/Ghidra/Features/PDB/ghidra_scripts
    /Users/spectrum/.jcode/scratch/smk37-v15-quarkslab/runs/20260802T091433Z/ghidra-kagaimiq-patched/Ghidra/Features/Base/ghidra_scripts (HeadlessAnalyzer)  
INFO  HEADLESS: execution starts (HeadlessAnalyzer)  
INFO  Creating project: /Users/spectrum/jcode-v15-quarkslab-work/20260802T091433Z-kagaimiq-patched/v15-20260802T091433Z-kagaimiq-patched (HeadlessAnalyzer)  
INFO  Creating project: /Users/spectrum/jcode-v15-quarkslab-work/20260802T091433Z-kagaimiq-patched/v15-20260802T091433Z-kagaimiq-patched (DefaultProject)  
INFO  REPORT: Processing input files:  (HeadlessAnalyzer)  
INFO       project: /Users/spectrum/jcode-v15-quarkslab-work/20260802T091433Z-kagaimiq-patched/v15-20260802T091433Z-kagaimiq-patched (HeadlessAnalyzer)  
INFO  IMPORTING: file:///Users/spectrum/Documents/SMK37ProMod/build/v15-official-app.bin (HeadlessAnalyzer)  
INFO  Successfully applied "-loader-baseAddr" to "Base Address" (old: "null", new: "0x02000000") (ProgramLoader)  
INFO  Using Loader: Raw Binary (ProgramLoader)  
INFO  Using Language/Compiler: pi32v2:LE:32:default:default (ProgramLoader)  
INFO  Using Library Search Path: [., /System/Library/dyld/dyld_shared_cache_arm64e, /System/Library/dyld/dyld_shared_cache_x86_64, /System/Library/dyld/dyld_shared_cache_x86_64h, /System/Cryptexes/OS/System/Library/dyld/dyld_shared_cache_arm64e, /System/Cryptexes/OS/System/Library/dyld/dyld_shared_cache_x86_64, /System/Cryptexes/OS/System/Library/dyld/dyld_shared_cache_x86_64h, /Users/spectrum/Library/Java/Extensions, /Library/Java/Extensions, /Network/Library/Java/Extensions, /System/Library/Java/Extensions, /usr/lib/java] (ProgramLoader)  
INFO  IMPORTING: Loaded 0 additional files (HeadlessAnalyzer)  
INFO  ANALYZING all memory and code: file:///Users/spectrum/Documents/SMK37ProMod/build/v15-official-app.bin (HeadlessAnalyzer)  
INFO  Packed database cache: /var/tmp/spectrum-ghidra/packed-db-cache (PackedDatabaseCache)  
INFO  Applied data type archive: generic_clib (ApplyDataArchiveAnalyzer)  
INFO  -----------------------------------------------------
    ASCII Strings                              0.223 secs
    Apply Data Archives                        0.382 secs
    Basic Constant Reference Analyzer          0.043 secs
    Call-Fixup Installer                       0.000 secs
    Create Address Tables                      0.083 secs
    Create Address Tables - One Time           0.115 secs
    Create Function                            0.013 secs
    Data Reference                             0.039 secs
    Decompiler Switch Analysis                 0.419 secs
    Demangler GNU                              0.001 secs
    Disassemble Entry Points                   0.001 secs
    Embedded Media                             0.021 secs
    External Entry References                  0.001 secs
    Function ID                                0.026 secs
    Non-Returning Functions - Discovered       0.008 secs
    Reference                                  0.044 secs
    Shared Return Calls                        0.005 secs
    Stack                                      0.008 secs
    Subroutine References                      0.022 secs
-----------------------------------------------------
     Total Time   1 secs
-----------------------------------------------------
 (AutoAnalysisManager)  
INFO  REPORT: Analysis succeeded for file: file:///Users/spectrum/Documents/SMK37ProMod/build/v15-official-app.bin (HeadlessAnalyzer)  
INFO  REPORT: Execute script: V15DecoderAnalysis.java '/Users/spectrum/Documents/SMK37ProMod/baselines/v15/analysis/quarkslab/results/kagaimiq-patched'  (HeadlessAnalyzer)  
INFO  SCRIPT: /Users/spectrum/Documents/SMK37ProMod/baselines/v15/analysis/quarkslab/V15DecoderAnalysis.java (HeadlessAnalyzer)  
INFO  V15DecoderAnalysis.java> PROVENANCE image_sha256=36fe8299667d06d4e2c195ea0b125b8e3400a4dc010b45d6989354dd4e172055 (GhidraScript)  
INFO  V15DecoderAnalysis.java> PROVENANCE mapped_memory_base=02000000 (GhidraScript)  
INFO  V15DecoderAnalysis.java> PROVENANCE program_image_base_metadata=00000000 (GhidraScript)  
INFO  V15DecoderAnalysis.java> PROVENANCE image_size=617012 (GhidraScript)  
INFO  V15DecoderAnalysis.java> PROVENANCE language=pi32v2:LE:32:default (GhidraScript)  
INFO  V15DecoderAnalysis.java> PROVENANCE script_args=[/Users/spectrum/Documents/SMK37ProMod/baselines/v15/analysis/quarkslab/results/kagaimiq-patched] (GhidraScript)  
INFO  V15DecoderAnalysis.java> RAW_POINTER_COUNT target=midi_route_ascii exact=0 interior=0 (GhidraScript)  
INFO  V15DecoderAnalysis.java> RAW_POINTER_COUNT target=midi_streaming_interface exact=0 interior=0 (GhidraScript)  
INFO  V15DecoderAnalysis.java> RAW_POINTER_COUNT target=midi_streaming_header exact=0 interior=0 (GhidraScript)  
INFO  V15DecoderAnalysis.java> RAW_POINTER_COUNT target=usb_midi_cin_payload_lengths exact=0 interior=0 (GhidraScript)  
INFO  V15DecoderAnalysis.java> RAW_POINTER_COUNT target=usb_device_descriptor exact=0 interior=0 (GhidraScript)  
INFO  V15DecoderAnalysis.java> RAW_POINTER_COUNT target=midi_product_utf16le exact=0 interior=0 (GhidraScript)  
INFO  V15DecoderAnalysis.java> RAW_POINTER_COUNT target=midi_in_endpoint exact=0 interior=0 (GhidraScript)  
INFO  V15DecoderAnalysis.java> RAW_POINTER_COUNT target=midi_in_cs_endpoint exact=0 interior=0 (GhidraScript)  
INFO  V15DecoderAnalysis.java> RAW_POINTER_COUNT target=midi_out_endpoint exact=0 interior=0 (GhidraScript)  
INFO  V15DecoderAnalysis.java> RAW_POINTER_COUNT target=midi_out_cs_endpoint exact=0 interior=0 (GhidraScript)  
INFO  V15DecoderAnalysis.java> RAW_POINTER_COUNT target=midi_jack_graph exact=0 interior=0 (GhidraScript)  
INFO  V15DecoderAnalysis.java> RECURSIVE pointer_derived_seeds=663 accepted=663 (GhidraScript)  
ERROR caught exception (ConstantPropagationAnalyzer) ghidra.util.exception.AssertException: Not a valid Address on instruction at 02000096
	at ghidra.program.util.SymbolicPropogator.applyPcode(SymbolicPropogator.java:1131)
	at ghidra.program.util.SymbolicPropogator.flowConstants(SymbolicPropogator.java:626)
	at ghidra.program.util.SymbolicPropogator.flowConstants(SymbolicPropogator.java:479)
	at ghidra.program.util.SymbolicPropogator.flowConstants(SymbolicPropogator.java:215)
	at ghidra.app.plugin.core.analysis.ConstantPropagationAnalyzer.flowConstants(ConstantPropagationAnalyzer.java:514)
	at ghidra.app.plugin.core.analysis.ConstantPropagationAnalyzer.analyzeLocation(ConstantPropagationAnalyzer.java:490)
	at ghidra.app.plugin.core.analysis.ConstantPropagationAnalyzer.analyzeSet(ConstantPropagationAnalyzer.java:427)
	at ghidra.app.plugin.core.analysis.ConstantPropagationAnalyzer.added(ConstantPropagationAnalyzer.java:199)
	at ghidra.app.plugin.core.analysis.AnalysisScheduler.runAnalyzer(AnalysisScheduler.java:186)
	at ghidra.app.plugin.core.analysis.AnalysisTask.applyTo(AnalysisTask.java:37)
	at ghidra.app.plugin.core.analysis.AnalysisTask.applyTo(AnalysisTask.java:24)
	at ghidra.app.plugin.core.analysis.AutoAnalysisManager$AnalysisTaskWrapper.run(AutoAnalysisManager.java:660)
	at ghidra.app.plugin.core.analysis.AutoAnalysisManager.startAnalysis(AutoAnalysisManager.java:760)
	at ghidra.app.plugin.core.analysis.AutoAnalysisManager.startAnalysis(AutoAnalysisManager.java:639)
	at ghidra.program.flatapi.FlatProgramAPI.analyzeChanges(FlatProgramAPI.java:236)
	at ghidra.app.script.GhidraScript.analyzeChanges(GhidraScript.java:529)
	at ghidra.program.flatapi.FlatProgramAPI.analyzeAll(FlatProgramAPI.java:213)
	at ghidra.app.script.GhidraScript.analyzeAll(GhidraScript.java:506)
	at V15DecoderAnalysis.run(V15DecoderAnalysis.java:440)
	at ghidra.app.script.GhidraScript.executeNormal(GhidraScript.java:460)
	at ghidra.app.script.GhidraScript.doExecute(GhidraScript.java:314)
	at ghidra.app.script.GhidraScript.execute(GhidraScript.java:290)
	at ghidra.app.util.headless.HeadlessAnalyzer.runScript(HeadlessAnalyzer.java:597)
	at ghidra.app.util.headless.HeadlessAnalyzer.runScriptsList(HeadlessAnalyzer.java:941)
	at ghidra.app.util.headless.HeadlessAnalyzer.analyzeProgram(HeadlessAnalyzer.java:1097)
	at ghidra.app.util.headless.HeadlessAnalyzer.processFileWithImport(HeadlessAnalyzer.java:1595)
	at ghidra.app.util.headless.HeadlessAnalyzer.processWithLoader(HeadlessAnalyzer.java:1755)
	at ghidra.app.util.headless.HeadlessAnalyzer.processWithImport(HeadlessAnalyzer.java:1696)
	at ghidra.app.util.headless.HeadlessAnalyzer.processWithImport(HeadlessAnalyzer.java:1780)
	at ghidra.app.util.headless.HeadlessAnalyzer.processLocal(HeadlessAnalyzer.java:464)
	at ghidra.app.util.headless.AnalyzeHeadless.launch(AnalyzeHeadless.java:199)
	at ghidra.GhidraLauncher.launch(GhidraLauncher.java:81)
	at ghidra.Ghidra.main(Ghidra.java:54)
 
ghidra.util.exception.AssertException: Not a valid Address on instruction at 02000096
	at ghidra.program.util.SymbolicPropogator.applyPcode(SymbolicPropogator.java:1131)
	at ghidra.program.util.SymbolicPropogator.flowConstants(SymbolicPropogator.java:626)
	at ghidra.program.util.SymbolicPropogator.flowConstants(SymbolicPropogator.java:479)
	at ghidra.program.util.SymbolicPropogator.flowConstants(SymbolicPropogator.java:215)
	at ghidra.app.plugin.core.analysis.ConstantPropagationAnalyzer.flowConstants(ConstantPropagationAnalyzer.java:514)
	at ghidra.app.plugin.core.analysis.ConstantPropagationAnalyzer.analyzeLocation(ConstantPropagationAnalyzer.java:490)
	at ghidra.app.plugin.core.analysis.ConstantPropagationAnalyzer.analyzeSet(ConstantPropagationAnalyzer.java:427)
	at ghidra.app.plugin.core.analysis.ConstantPropagationAnalyzer.added(ConstantPropagationAnalyzer.java:199)
	at ghidra.app.plugin.core.analysis.AnalysisScheduler.runAnalyzer(AnalysisScheduler.java:186)
	at ghidra.app.plugin.core.analysis.AnalysisTask.applyTo(AnalysisTask.java:37)
	at ghidra.app.plugin.core.analysis.AnalysisTask.applyTo(AnalysisTask.java:24)
	at ghidra.app.plugin.core.analysis.AutoAnalysisManager$AnalysisTaskWrapper.run(AutoAnalysisManager.java:660)
	at ghidra.app.plugin.core.analysis.AutoAnalysisManager.startAnalysis(AutoAnalysisManager.java:760)
	at ghidra.app.plugin.core.analysis.AutoAnalysisManager.startAnalysis(AutoAnalysisManager.java:639)
	at ghidra.program.flatapi.FlatProgramAPI.analyzeChanges(FlatProgramAPI.java:236)
	at ghidra.app.script.GhidraScript.analyzeChanges(GhidraScript.java:529)
	at ghidra.program.flatapi.FlatProgramAPI.analyzeAll(FlatProgramAPI.java:213)
	at ghidra.app.script.GhidraScript.analyzeAll(GhidraScript.java:506)
	at V15DecoderAnalysis.run(V15DecoderAnalysis.java:440)
	at ghidra.app.script.GhidraScript.executeNormal(GhidraScript.java:460)
	at ghidra.app.script.GhidraScript.doExecute(GhidraScript.java:314)
	at ghidra.app.script.GhidraScript.execute(GhidraScript.java:290)
	at ghidra.app.util.headless.HeadlessAnalyzer.runScript(HeadlessAnalyzer.java:597)
	at ghidra.app.util.headless.HeadlessAnalyzer.runScriptsList(HeadlessAnalyzer.java:941)
	at ghidra.app.util.headless.HeadlessAnalyzer.analyzeProgram(HeadlessAnalyzer.java:1097)
	at ghidra.app.util.headless.HeadlessAnalyzer.processFileWithImport(HeadlessAnalyzer.java:1595)
	at ghidra.app.util.headless.HeadlessAnalyzer.processWithLoader(HeadlessAnalyzer.java:1755)
	at ghidra.app.util.headless.HeadlessAnalyzer.processWithImport(HeadlessAnalyzer.java:1696)
	at ghidra.app.util.headless.HeadlessAnalyzer.processWithImport(HeadlessAnalyzer.java:1780)
	at ghidra.app.util.headless.HeadlessAnalyzer.processLocal(HeadlessAnalyzer.java:464)
	at ghidra.app.util.headless.AnalyzeHeadless.launch(AnalyzeHeadless.java:199)
	at ghidra.GhidraLauncher.launch(GhidraLauncher.java:81)
	at ghidra.Ghidra.main(Ghidra.java:54)
INFO  Applied data type archive: generic_clib (ApplyDataArchiveAnalyzer)  
INFO  V15DecoderAnalysis.java> EVIDENCE_SCALAR phase=recursive at=0200082a value=0205785b text=mov r0,#0x205785b function=- (GhidraScript)  
INFO  V15DecoderAnalysis.java> EVIDENCE_PCODE_CONST phase=recursive at=0200082a value=0205785b op=COPY text=mov r0,#0x205785b function=- (GhidraScript)  
INFO  V15DecoderAnalysis.java> EVIDENCE_SCALAR phase=recursive at=02023378 value=02057250 text=mov r4,#0x2057250 function=FUN_02023376@02023376 (GhidraScript)  
INFO  V15DecoderAnalysis.java> EVIDENCE_PCODE_CONST phase=recursive at=02023378 value=02057250 op=COPY text=mov r4,#0x2057250 function=FUN_02023376@02023376 (GhidraScript)  
INFO  V15DecoderAnalysis.java> EVIDENCE_SCALAR phase=recursive at=02029a78 value=02057250 text=mov r1,#0x2057250 function=- (GhidraScript)  
INFO  V15DecoderAnalysis.java> EVIDENCE_PCODE_CONST phase=recursive at=02029a78 value=02057250 op=COPY text=mov r1,#0x2057250 function=- (GhidraScript)  
INFO  V15DecoderAnalysis.java> EVIDENCE_SCALAR phase=recursive at=0203e75a value=0205736e text=mov r7,#0x205736e function=- (GhidraScript)  
INFO  V15DecoderAnalysis.java> EVIDENCE_PCODE_CONST phase=recursive at=0203e75a value=0205736e op=COPY text=mov r7,#0x205736e function=- (GhidraScript)  
INFO  V15DecoderAnalysis.java> EVIDENCE_SCALAR phase=recursive at=0203f802 value=0205739e text=mov r9,#0x205739e function=- (GhidraScript)  
INFO  V15DecoderAnalysis.java> EVIDENCE_PCODE_CONST phase=recursive at=0203f802 value=0205739e op=COPY text=mov r9,#0x205739e function=- (GhidraScript)  
INFO  V15DecoderAnalysis.java> EVIDENCE_SCALAR phase=recursive at=02045684 value=0205739a text=mov r14,#0x205739a function=- (GhidraScript)  
INFO  V15DecoderAnalysis.java> EVIDENCE_PCODE_CONST phase=recursive at=02045684 value=0205739a op=COPY text=mov r14,#0x205739a function=- (GhidraScript)  
INFO  V15DecoderAnalysis.java> PHASE recursive (GhidraScript)  
INFO  V15DecoderAnalysis.java> METRIC phase=recursive key=instruction_count value=1893 (GhidraScript)  
INFO  V15DecoderAnalysis.java> METRIC phase=recursive key=instruction_bytes value=4618 (GhidraScript)  
INFO  V15DecoderAnalysis.java> METRIC phase=recursive key=code_region_bytes value=356352 (GhidraScript)  
INFO  V15DecoderAnalysis.java> METRIC phase=recursive key=undecoded_even_slots value=175867 (GhidraScript)  
INFO  V15DecoderAnalysis.java> METRIC phase=recursive key=function_count value=133 (GhidraScript)  
INFO  V15DecoderAnalysis.java> METRIC phase=recursive key=call_instruction_count value=198 (GhidraScript)  
INFO  V15DecoderAnalysis.java> METRIC phase=recursive key=direct_call_reference_count value=184 (GhidraScript)  
INFO  V15DecoderAnalysis.java> METRIC phase=recursive key=branch_instruction_count value=204 (GhidraScript)  
INFO  V15DecoderAnalysis.java> METRIC phase=recursive key=computed_flow_count value=0 (GhidraScript)  
INFO  V15DecoderAnalysis.java> METRIC phase=recursive key=no_pcode_instruction_count value=79 (GhidraScript)  
INFO  V15DecoderAnalysis.java> METRIC phase=recursive key=pcode_exception_count value=0 (GhidraScript)  
INFO  V15DecoderAnalysis.java> METRIC phase=recursive key=evidence_reference_count value=0 (GhidraScript)  
INFO  V15DecoderAnalysis.java> METRIC phase=recursive key=evidence_scalar_count value=6 (GhidraScript)  
INFO  V15DecoderAnalysis.java> METRIC phase=recursive key=evidence_pcode_constant_count value=6 (GhidraScript)  
INFO  V15DecoderAnalysis.java> HISTOGRAM phase=recursive key=instruction_size value={2=1602, 4=166, 6=125} (GhidraScript)  
INFO  V15DecoderAnalysis.java> HISTOGRAM phase=recursive key=mnemonic value={add=175, bitclr=2, bitset=6, bittgl=18, bkpt=4, call=198, cli=5, clr=4, csync=8, flush=1, flushinv=1, goto=71, hbkpt=5, idle=4, iflush=2, jeq=12, jnz=28, jz=93, lb.z=80, lh.z=29, lockclr=1, lsl=21, lsr=22, lw=112, mov=557, movz=41, mul=4, nop=26, or=5, pfetch=7, pop=79, push=99, qasl=5, qasr=4, rep=18, rts=15, sb=30, sh=22, ssync=1, sti=4, sub=7, sw=40, swi=2, sxtb=1, sxth=5, testset=4, uxtb=7, uxth=7, xor=1} (GhidraScript)  
INFO  V15DecoderAnalysis.java> TARGET_XREF_COUNT phase=recursive target=midi_route_ascii exact=0 interior=0 (GhidraScript)  
INFO  V15DecoderAnalysis.java> TARGET_XREF_COUNT phase=recursive target=midi_streaming_interface exact=0 interior=0 (GhidraScript)  
INFO  V15DecoderAnalysis.java> TARGET_XREF_COUNT phase=recursive target=midi_streaming_header exact=0 interior=0 (GhidraScript)  
INFO  V15DecoderAnalysis.java> TARGET_XREF_COUNT phase=recursive target=usb_midi_cin_payload_lengths exact=0 interior=0 (GhidraScript)  
INFO  V15DecoderAnalysis.java> TARGET_XREF_COUNT phase=recursive target=usb_device_descriptor exact=0 interior=0 (GhidraScript)  
INFO  V15DecoderAnalysis.java> TARGET_XREF_COUNT phase=recursive target=midi_product_utf16le exact=0 interior=0 (GhidraScript)  
INFO  V15DecoderAnalysis.java> TARGET_XREF_COUNT phase=recursive target=midi_in_endpoint exact=0 interior=0 (GhidraScript)  
INFO  V15DecoderAnalysis.java> TARGET_XREF_COUNT phase=recursive target=midi_in_cs_endpoint exact=0 interior=0 (GhidraScript)  
INFO  V15DecoderAnalysis.java> TARGET_XREF_COUNT phase=recursive target=midi_out_endpoint exact=0 interior=0 (GhidraScript)  
INFO  V15DecoderAnalysis.java> TARGET_XREF_COUNT phase=recursive target=midi_out_cs_endpoint exact=0 interior=0 (GhidraScript)  
INFO  V15DecoderAnalysis.java> TARGET_XREF_COUNT phase=recursive target=midi_jack_graph exact=0 interior=0 (GhidraScript)  
INFO  V15DecoderAnalysis.java> LISTING phase=recursive path=/Users/spectrum/Documents/SMK37ProMod/baselines/v15/analysis/quarkslab/results/kagaimiq-patched-recursive-listing.tsv (GhidraScript)  
INFO  V15DecoderAnalysis.java> SWEEP attempted=94753 accepted=94753 (GhidraScript)  
WARN  Decompiling 0204de38, pcode error at 0204de3c: Unable to resolve constructor at 0204de3c (DecompileCallback)  
WARN  Decompiling 0204caca, pcode error at 0204cad0: Unable to resolve constructor at 0204cad0 (DecompileCallback)  
WARN  Decompiling 02056b10, pcode error at 02056b12: Unable to resolve constructor at 02056b12 (DecompileCallback)  
WARN  Decompiling 02010b6c, pcode error at 02010b84: Unable to resolve constructor at 02010b84 (DecompileCallback)  
WARN  Decompiling 020417b4, pcode error at 020417c0: Unable to resolve constructor at 020417c0 (DecompileCallback)  
WARN  Decompiling 0200d7a0, pcode error at 0200d7dc: Unable to resolve constructor at 0200d7dc (DecompileCallback)  
WARN  Decompiling 0201b016, pcode error at 0201b046: Unable to resolve constructor at 0201b046 (DecompileCallback)  
WARN  Decompiling 02031cbe, pcode error at 02031ce6: Unable to resolve constructor at 02031ce6 (DecompileCallback)  
WARN  Decompiling 0201879c, pcode error at 020378e2: Unable to resolve constructor at 020378e2 (DecompileCallback)  
WARN  Decompiling 0201879c, pcode error at 0202c948: Unable to resolve constructor at 0202c948 (DecompileCallback)  
WARN  Decompiling 0201879c, pcode error at 02035b52: Unable to resolve constructor at 02035b52 (DecompileCallback)  
WARN  Decompiling 0201879c, pcode error at 02025f76: Unable to resolve constructor at 02025f76 (DecompileCallback)  
WARN  Decompiling 0203f136, pcode error at 0203f068: Unable to resolve constructor at 0203f068 (DecompileCallback)  
WARN  Decompiling 0203f136, pcode error at 0203f072: Unable to resolve constructor at 0203f072 (DecompileCallback)  
WARN  Decompiling 0201879c, pcode error at 020305cc: Unable to resolve constructor at 020305cc (DecompileCallback)  
WARN  Decompiling 0201879c, pcode error at 0201b424: Unable to resolve constructor at 0201b424 (DecompileCallback)  
WARN  Decompiling 0201879c, pcode error at 0201b7c0: Unable to resolve constructor at 0201b7c0 (DecompileCallback)  
WARN  Decompiling 0201879c, pcode error at 0201a960: Unable to resolve constructor at 0201a960 (DecompileCallback)  
WARN  Decompiling 0201879c, pcode error at 02020de2: Unable to resolve constructor at 02020de2 (DecompileCallback)  
WARN  Decompiling 0201879c, pcode error at 0201c826: Unable to resolve constructor at 0201c826 (DecompileCallback)  
WARN  Decompiling 0201879c, pcode error at 0201c7fc: Unable to resolve constructor at 0201c7fc (DecompileCallback)  
WARN  Decompiling 0201879c, pcode error at 0202a942: Unable to resolve constructor at 0202a942 (DecompileCallback)  
WARN  Decompiling 0201879c, pcode error at 02032972: Unable to resolve constructor at 02032972 (DecompileCallback)  
WARN  Decompiling 0201879c, pcode error at 0202988a: Unable to resolve constructor at 0202988a (DecompileCallback)  
WARN  Decompiling 0201879c, pcode error at 02027378: Unable to resolve constructor at 02027378 (DecompileCallback)  
WARN  Decompiling 0201879c, pcode error at 02018940: Unable to resolve constructor at 02018940 (DecompileCallback)  
WARN  Decompiling 0201879c, pcode error at 02032974: Unable to resolve constructor at 02032974 (DecompileCallback)  
WARN  Decompiling 0201879c, pcode error at 02032986: Unable to resolve constructor at 02032986 (DecompileCallback)  
WARN  Decompiling 020031f4, pcode error at 020032aa: Unable to resolve constructor at 020032aa (DecompileCallback)  
WARN  Decompiling 0201879c, pcode error at 02032a28: Unable to resolve constructor at 02032a28 (DecompileCallback)  
WARN  Decompiling 0201879c, pcode error at 020378a2: Unable to resolve constructor at 020378a2 (DecompileCallback)  
WARN  Decompiling 0201879c, pcode error at 02032174: Unable to resolve constructor at 02032174 (DecompileCallback)  
WARN  Decompiling 0201879c, pcode error at 020298a0: Unable to resolve constructor at 020298a0 (DecompileCallback)  
WARN  Decompiling 0201879c, pcode error at 0201b7c4: Unable to resolve constructor at 0201b7c4 (DecompileCallback)  
WARN  Decompiling 0201879c, pcode error at 0201ad60: Unable to resolve constructor at 0201ad60 (DecompileCallback)  
WARN  Decompiling 0201879c, pcode error at 020378a8: Unable to resolve constructor at 020378a8 (DecompileCallback)  
WARN  Decompiling 0201879c, pcode error at 02029134: Unable to resolve constructor at 02029134 (DecompileCallback)  
WARN  Decompiling 0201879c, pcode error at 0202b180: Unable to resolve constructor at 0202b180 (DecompileCallback)  
WARN  Decompiling 0201879c, pcode error at 02022ba2: Unable to resolve constructor at 02022ba2 (DecompileCallback)  
WARN  Decompiling 0201879c, pcode error at 020187a0: Unable to resolve constructor at 020187a0 (DecompileCallback)  
WARN  Decompiling 0201879c, pcode error at 0201899e: Unable to resolve constructor at 0201899e (DecompileCallback)  
WARN  Decompiling 0201879c, pcode error at 020385a6: Unable to resolve constructor at 020385a6 (DecompileCallback)  
WARN  Decompiling 0201879c, pcode error at 0202a41c: Unable to resolve constructor at 0202a41c (DecompileCallback)  
WARN  Decompiling 0201879c, pcode error at 0201f978: Unable to resolve constructor at 0201f978 (DecompileCallback)  
WARN  Decompiling 0201879c, pcode error at 0201b524: Unable to resolve constructor at 0201b524 (DecompileCallback)  
WARN  Decompiling 0201879c, pcode error at 0201b5b8: Unable to resolve constructor at 0201b5b8 (DecompileCallback)  
WARN  Decompiling 0201879c, pcode error at 020309cc: Unable to resolve constructor at 020309cc (DecompileCallback)  
WARN  Decompiling 0201879c, pcode error at 0201b442: Unable to resolve constructor at 0201b442 (DecompileCallback)  
WARN  Decompiling 0201879c, pcode error at 02038766: Unable to resolve constructor at 02038766 (DecompileCallback)  
WARN  Decompiling 0201879c, pcode error at 02020cb4: Unable to resolve constructor at 02020cb4 (DecompileCallback)  
WARN  Decompiling 0201879c, pcode error at 020298ba: Unable to resolve constructor at 020298ba (DecompileCallback)  
WARN  Decompiling 0201879c, pcode error at 0202a320: Unable to resolve constructor at 0202a320 (DecompileCallback)  
WARN  Decompiling 0201879c, pcode error at 0202a97a: Unable to resolve constructor at 0202a97a (DecompileCallback)  
WARN  Decompiling 0201879c, pcode error at 0203616c: Unable to resolve constructor at 0203616c (DecompileCallback)  
WARN  Decompiling 0201879c, pcode error at 0203289c: Unable to resolve constructor at 0203289c (DecompileCallback)  
WARN  Decompiling 0201879c, pcode error at 020247c0: Unable to resolve constructor at 020247c0 (DecompileCallback)  
WARN  Decompiling 0201879c, pcode error at 02035b58: Unable to resolve constructor at 02035b58 (DecompileCallback)  
WARN  Decompiling 0201879c, pcode error at 020337e0: Unable to resolve constructor at 020337e0 (DecompileCallback)  
WARN  Decompiling 0201879c, pcode error at 0201bfee: Unable to resolve constructor at 0201bfee (DecompileCallback)  
WARN  Decompiling 0201879c, pcode error at 0201d484: Unable to resolve constructor at 0201d484 (DecompileCallback)  
WARN  Decompiling 0201879c, pcode error at 0201d552: Unable to resolve constructor at 0201d552 (DecompileCallback)  
WARN  Decompiling 0201879c, pcode error at 020267c0: Unable to resolve constructor at 020267c0 (DecompileCallback)  
WARN  Decompiling 0201879c, pcode error at 0201bfce: Unable to resolve constructor at 0201bfce (DecompileCallback)  
WARN  Decompiling 0201879c, pcode error at 0201b742: Unable to resolve constructor at 0201b742 (DecompileCallback)  
WARN  Decompiling 0201879c, pcode error at 0201b728: Unable to resolve constructor at 0201b728 (DecompileCallback)  
WARN  Decompiling 0201879c, pcode error at 020327b6: Unable to resolve constructor at 020327b6 (DecompileCallback)  
WARN  Decompiling 0201879c, pcode error at 02019f72: Unable to resolve constructor at 02019f72 (DecompileCallback)  
WARN  Decompiling 0201879c, pcode error at 02033956: Unable to resolve constructor at 02033956 (DecompileCallback)  
WARN  Decompiling 0201879c, pcode error at 020327e6: Unable to resolve constructor at 020327e6 (DecompileCallback)  
WARN  Decompiling 0201879c, pcode error at 0201cd60: Unable to resolve constructor at 0201cd60 (DecompileCallback)  
WARN  Decompiling 0201879c, pcode error at 0203490a: Unable to resolve constructor at 0203490a (DecompileCallback)  
WARN  Decompiling 0201879c, pcode error at 0202f030: Unable to resolve constructor at 0202f030 (DecompileCallback)  
WARN  Decompiling 0201879c, pcode error at 0202f044: Unable to resolve constructor at 0202f044 (DecompileCallback)  
WARN  Decompiling 0201879c, pcode error at 020207b2: Unable to resolve constructor at 020207b2 (DecompileCallback)  
WARN  Decompiling 0201879c, pcode error at 02019b74: Unable to resolve constructor at 02019b74 (DecompileCallback)  
WARN  Decompiling 0201879c, pcode error at 0201c3c8: Unable to resolve constructor at 0201c3c8 (DecompileCallback)  
WARN  Decompiling 0201879c, pcode error at 0201c7d0: Unable to resolve constructor at 0201c7d0 (DecompileCallback)  
WARN  Decompiling 0201879c, pcode error at 0201b57e: Unable to resolve constructor at 0201b57e (DecompileCallback)  
WARN  Decompiling 0201879c, pcode error at 020187c6: Unable to resolve constructor at 020187c6 (DecompileCallback)  
WARN  Decompiling 0201879c, pcode error at 0201af72: Unable to resolve constructor at 0201af72 (DecompileCallback)  
WARN  Decompiling 0201879c, pcode error at 020337c0: Unable to resolve constructor at 020337c0 (DecompileCallback)  
WARN  Decompiling 0201879c, pcode error at 0201a7c8: Unable to resolve constructor at 0201a7c8 (DecompileCallback)  
WARN  Decompiling 0201879c, pcode error at 0201b172: Unable to resolve constructor at 0201b172 (DecompileCallback)  
WARN  Decompiling 0201879c, pcode error at 020339ea: Unable to resolve constructor at 020339ea (DecompileCallback)  
WARN  Decompiling 0201879c, pcode error at 02033a44: Unable to resolve constructor at 02033a44 (DecompileCallback)  
WARN  Decompiling 0201879c, pcode error at 0201c3b2: Unable to resolve constructor at 0201c3b2 (DecompileCallback)  
WARN  Decompiling 0201879c, pcode error at 0201bd00: Unable to resolve constructor at 0201bd00 (DecompileCallback)  
WARN  Decompiling 0201879c, pcode error at 0202efa0: Unable to resolve constructor at 0202efa0 (DecompileCallback)  
WARN  Decompiling 0201879c, pcode error at 020187c4: Unable to resolve constructor at 020187c4 (DecompileCallback)  
WARN  Decompiling 0201879c, pcode error at 0201ad74: Unable to resolve constructor at 0201ad74 (DecompileCallback)  
WARN  Decompiling 0201879c, pcode error at 02033904: Unable to resolve constructor at 02033904 (DecompileCallback)  
WARN  Decompiling 0201879c, pcode error at 0202e930: Unable to resolve constructor at 0202e930 (DecompileCallback)  
WARN  Decompiling 0201879c, pcode error at 02031972: Unable to resolve constructor at 02031972 (DecompileCallback)  
WARN  Decompiling 0201879c, pcode error at 02029908: Unable to resolve constructor at 02029908 (DecompileCallback)  
WARN  Decompiling 0201879c, pcode error at 0202eb76: Unable to resolve constructor at 0202eb76 (DecompileCallback)  
WARN  Decompiling 0201879c, pcode error at 020307b0: Unable to resolve constructor at 020307b0 (DecompileCallback)  
WARN  Decompiling 0201879c, pcode error at 02019840: Unable to resolve constructor at 02019840 (DecompileCallback)  
WARN  Decompiling 0201879c, pcode error at 02022960: Unable to resolve constructor at 02022960 (DecompileCallback)  
WARN  Decompiling 0201879c, pcode error at 02018930: Unable to resolve constructor at 02018930 (DecompileCallback)  
WARN  Decompiling 0201879c, pcode error at 020377c8: Unable to resolve constructor at 020377c8 (DecompileCallback)  
WARN  Decompiling 0201879c, pcode error at 0202c9a8: Unable to resolve constructor at 0202c9a8 (DecompileCallback)  
WARN  Decompiling 0201879c, pcode error at 02036256: Unable to resolve constructor at 02036256 (DecompileCallback)  
WARN  Decompiling 0201879c, pcode error at 02022fc2: Unable to resolve constructor at 02022fc2 (DecompileCallback)  
WARN  Decompiling 0201879c, pcode error at 0201a7a2: Unable to resolve constructor at 0201a7a2 (DecompileCallback)  
WARN  Decompiling 0201879c, pcode error at 02018970: Unable to resolve constructor at 02018970 (DecompileCallback)  
WARN  Decompiling 0201879c, pcode error at 0202e97c: Unable to resolve constructor at 0202e97c (DecompileCallback)  
WARN  Decompiling 0201879c, pcode error at 02032998: Unable to resolve constructor at 02032998 (DecompileCallback)  
WARN  Decompiling 0201879c, pcode error at 02037dbe: Unable to resolve constructor at 02037dbe (DecompileCallback)  
WARN  Decompiling 0201879c, pcode error at 0201b426: Unable to resolve constructor at 0201b426 (DecompileCallback)  
WARN  Decompiling 0201879c, pcode error at 020208c4: Unable to resolve constructor at 020208c4 (DecompileCallback)  
WARN  Decompiling 0201879c, pcode error at 02029cd0: Unable to resolve constructor at 02029cd0 (DecompileCallback)  
WARN  Decompiling 0201879c, pcode error at 0202b0b2: Unable to resolve constructor at 0202b0b2 (DecompileCallback)  
WARN  Decompiling 0201879c, pcode error at 02029ac6: Unable to resolve constructor at 02029ac6 (DecompileCallback)  
WARN  Decompiling 0201879c, pcode error at 0202aa64: Unable to resolve constructor at 0202aa64 (DecompileCallback)  
WARN  Decompiling 0201879c, pcode error at 0202aa6a: Unable to resolve constructor at 0202aa6a (DecompileCallback)  
WARN  Decompiling 0201879c, pcode error at 0202497c: Unable to resolve constructor at 0202497c (DecompileCallback)  
WARN  Decompiling 0201879c, pcode error at 0202498e: Unable to resolve constructor at 0202498e (DecompileCallback)  
WARN  Decompiling 0201879c, pcode error at 020328ac: Unable to resolve constructor at 020328ac (DecompileCallback)  
WARN  Decompiling 0201879c, pcode error at 02029368: Unable to resolve constructor at 02029368 (DecompileCallback)  
WARN  Decompiling 0201879c, pcode error at 02022280: Unable to resolve constructor at 02022280 (DecompileCallback)  
WARN  Decompiling 0201879c, pcode error at 0201c910: Unable to resolve constructor at 0201c910 (DecompileCallback)  
WARN  Decompiling 0201879c, pcode error at 0202f870: Unable to resolve constructor at 0202f870 (DecompileCallback)  
WARN  Decompiling 0201879c, pcode error at 02022092: Unable to resolve constructor at 02022092 (DecompileCallback)  
WARN  Decompiling 0201879c, pcode error at 020319a0: Unable to resolve constructor at 020319a0 (DecompileCallback)  
WARN  Decompiling 0201879c, pcode error at 020187ba: Unable to resolve constructor at 020187ba (DecompileCallback)  
WARN  Decompiling 0201879c, pcode error at 020385a4: Unable to resolve constructor at 020385a4 (DecompileCallback)  
WARN  Decompiling 0201879c, pcode error at 020189b0: Unable to resolve constructor at 020189b0 (DecompileCallback)  
WARN  Decompiling 0201879c, pcode error at 020193ac: Unable to resolve constructor at 020193ac (DecompileCallback)  
WARN  Decompiling 0201879c, pcode error at 020377a6: Unable to resolve constructor at 020377a6 (DecompileCallback)  
WARN  Decompiling 0201879c, pcode error at 02028a5a: Unable to resolve constructor at 02028a5a (DecompileCallback)  
WARN  Decompiling 0201879c, pcode error at 020237a6: Unable to resolve constructor at 020237a6 (DecompileCallback)  
WARN  Decompiling 0201879c, pcode error at 02018aca: Unable to resolve constructor at 02018aca (DecompileCallback)  
WARN  Decompiling 0201879c, pcode error at 0202b1a0: Unable to resolve constructor at 0202b1a0 (DecompileCallback)  
WARN  Decompiling 0201879c, pcode error at 020187aa: Unable to resolve constructor at 020187aa (DecompileCallback)  
WARN  Decompiling 0201879c, pcode error at 02018fa4: Unable to resolve constructor at 02018fa4 (DecompileCallback)  
WARN  Decompiling 0201879c, pcode error at 0201aae4: Unable to resolve constructor at 0201aae4 (DecompileCallback)  
WARN  Decompiling 0201879c, pcode error at 020189a2: Unable to resolve constructor at 020189a2 (DecompileCallback)  
WARN  Decompiling 0201879c, pcode error at 02018ada: Unable to resolve constructor at 02018ada (DecompileCallback)  
WARN  Decompiling 0201879c, pcode error at 0202c1a2: Unable to resolve constructor at 0202c1a2 (DecompileCallback)  
WARN  Decompiling 0201879c, pcode error at 020187a6: Unable to resolve constructor at 020187a6 (DecompileCallback)  
WARN  Decompiling 0201879c, pcode error at 02018f9e: Unable to resolve constructor at 02018f9e (DecompileCallback)  
WARN  Decompiling 0201879c, pcode error at 020385b2: Unable to resolve constructor at 020385b2 (DecompileCallback)  
WARN  Decompiling 0201879c, pcode error at 020197fe: Unable to resolve constructor at 020197fe (DecompileCallback)  
WARN  Decompiling 0201879c, pcode error at 02037866: Unable to resolve constructor at 02037866 (DecompileCallback)  
WARN  Decompiling 0201879c, pcode error at 02024e9c: Unable to resolve constructor at 02024e9c (DecompileCallback)  
WARN  Decompiling 0201879c, pcode error at 020207b0: Unable to resolve constructor at 020207b0 (DecompileCallback)  
WARN  Decompiling 0201879c, pcode error at 02025060: Unable to resolve constructor at 02025060 (DecompileCallback)  
WARN  Decompiling 0201879c, pcode error at 020247a6: Unable to resolve constructor at 020247a6 (DecompileCallback)  
WARN  Decompiling 0201879c, pcode error at 02031fa4: Unable to resolve constructor at 02031fa4 (DecompileCallback)  
WARN  Decompiling 0201879c, pcode error at 020353a2: Unable to resolve constructor at 020353a2 (DecompileCallback)  
WARN  Decompiling 0201879c, pcode error at 02018864: Unable to resolve constructor at 02018864 (DecompileCallback)  
WARN  Decompiling 0201879c, pcode error at 020187e2: Unable to resolve constructor at 020187e2 (DecompileCallback)  
WARN  Decompiling 0201879c, pcode error at 0201c9a8: Unable to resolve constructor at 0201c9a8 (DecompileCallback)  
ERROR caught exception (ConstantPropagationAnalyzer) ghidra.util.exception.AssertException: Not a valid Address on instruction at 02000096
	at ghidra.program.util.SymbolicPropogator.applyPcode(SymbolicPropogator.java:1131)
	at ghidra.program.util.SymbolicPropogator.flowConstants(SymbolicPropogator.java:626)
	at ghidra.program.util.SymbolicPropogator.flowConstants(SymbolicPropogator.java:479)
	at ghidra.program.util.SymbolicPropogator.flowConstants(SymbolicPropogator.java:215)
	at ghidra.app.plugin.core.analysis.ConstantPropagationAnalyzer.flowConstants(ConstantPropagationAnalyzer.java:514)
	at ghidra.app.plugin.core.analysis.ConstantPropagationAnalyzer.analyzeLocation(ConstantPropagationAnalyzer.java:490)
	at ghidra.app.plugin.core.analysis.ConstantPropagationAnalyzer.analyzeSet(ConstantPropagationAnalyzer.java:427)
	at ghidra.app.plugin.core.analysis.ConstantPropagationAnalyzer.added(ConstantPropagationAnalyzer.java:199)
	at ghidra.app.plugin.core.analysis.AnalysisScheduler.runAnalyzer(AnalysisScheduler.java:186)
	at ghidra.app.plugin.core.analysis.AnalysisTask.applyTo(AnalysisTask.java:37)
	at ghidra.app.plugin.core.analysis.AnalysisTask.applyTo(AnalysisTask.java:24)
	at ghidra.app.plugin.core.analysis.AutoAnalysisManager$AnalysisTaskWrapper.run(AutoAnalysisManager.java:660)
	at ghidra.app.plugin.core.analysis.AutoAnalysisManager.startAnalysis(AutoAnalysisManager.java:760)
	at ghidra.app.plugin.core.analysis.AutoAnalysisManager.startAnalysis(AutoAnalysisManager.java:639)
	at ghidra.program.flatapi.FlatProgramAPI.analyzeChanges(FlatProgramAPI.java:236)
	at ghidra.app.script.GhidraScript.analyzeChanges(GhidraScript.java:529)
	at ghidra.program.flatapi.FlatProgramAPI.analyzeAll(FlatProgramAPI.java:213)
	at ghidra.app.script.GhidraScript.analyzeAll(GhidraScript.java:506)
	at V15DecoderAnalysis.run(V15DecoderAnalysis.java:445)
	at ghidra.app.script.GhidraScript.executeNormal(GhidraScript.java:460)
	at ghidra.app.script.GhidraScript.doExecute(GhidraScript.java:314)
	at ghidra.app.script.GhidraScript.execute(GhidraScript.java:290)
	at ghidra.app.util.headless.HeadlessAnalyzer.runScript(HeadlessAnalyzer.java:597)
	at ghidra.app.util.headless.HeadlessAnalyzer.runScriptsList(HeadlessAnalyzer.java:941)
	at ghidra.app.util.headless.HeadlessAnalyzer.analyzeProgram(HeadlessAnalyzer.java:1097)
	at ghidra.app.util.headless.HeadlessAnalyzer.processFileWithImport(HeadlessAnalyzer.java:1595)
	at ghidra.app.util.headless.HeadlessAnalyzer.processWithLoader(HeadlessAnalyzer.java:1755)
	at ghidra.app.util.headless.HeadlessAnalyzer.processWithImport(HeadlessAnalyzer.java:1696)
	at ghidra.app.util.headless.HeadlessAnalyzer.processWithImport(HeadlessAnalyzer.java:1780)
	at ghidra.app.util.headless.HeadlessAnalyzer.processLocal(HeadlessAnalyzer.java:464)
	at ghidra.app.util.headless.AnalyzeHeadless.launch(AnalyzeHeadless.java:199)
	at ghidra.GhidraLauncher.launch(GhidraLauncher.java:81)
	at ghidra.Ghidra.main(Ghidra.java:54)
 
ghidra.util.exception.AssertException: Not a valid Address on instruction at 02000096
	at ghidra.program.util.SymbolicPropogator.applyPcode(SymbolicPropogator.java:1131)
	at ghidra.program.util.SymbolicPropogator.flowConstants(SymbolicPropogator.java:626)
	at ghidra.program.util.SymbolicPropogator.flowConstants(SymbolicPropogator.java:479)
	at ghidra.program.util.SymbolicPropogator.flowConstants(SymbolicPropogator.java:215)
	at ghidra.app.plugin.core.analysis.ConstantPropagationAnalyzer.flowConstants(ConstantPropagationAnalyzer.java:514)
	at ghidra.app.plugin.core.analysis.ConstantPropagationAnalyzer.analyzeLocation(ConstantPropagationAnalyzer.java:490)
	at ghidra.app.plugin.core.analysis.ConstantPropagationAnalyzer.analyzeSet(ConstantPropagationAnalyzer.java:427)
	at ghidra.app.plugin.core.analysis.ConstantPropagationAnalyzer.added(ConstantPropagationAnalyzer.java:199)
	at ghidra.app.plugin.core.analysis.AnalysisScheduler.runAnalyzer(AnalysisScheduler.java:186)
	at ghidra.app.plugin.core.analysis.AnalysisTask.applyTo(AnalysisTask.java:37)
	at ghidra.app.plugin.core.analysis.AnalysisTask.applyTo(AnalysisTask.java:24)
	at ghidra.app.plugin.core.analysis.AutoAnalysisManager$AnalysisTaskWrapper.run(AutoAnalysisManager.java:660)
	at ghidra.app.plugin.core.analysis.AutoAnalysisManager.startAnalysis(AutoAnalysisManager.java:760)
	at ghidra.app.plugin.core.analysis.AutoAnalysisManager.startAnalysis(AutoAnalysisManager.java:639)
	at ghidra.program.flatapi.FlatProgramAPI.analyzeChanges(FlatProgramAPI.java:236)
	at ghidra.app.script.GhidraScript.analyzeChanges(GhidraScript.java:529)
	at ghidra.program.flatapi.FlatProgramAPI.analyzeAll(FlatProgramAPI.java:213)
	at ghidra.app.script.GhidraScript.analyzeAll(GhidraScript.java:506)
	at V15DecoderAnalysis.run(V15DecoderAnalysis.java:445)
	at ghidra.app.script.GhidraScript.executeNormal(GhidraScript.java:460)
	at ghidra.app.script.GhidraScript.doExecute(GhidraScript.java:314)
	at ghidra.app.script.GhidraScript.execute(GhidraScript.java:290)
	at ghidra.app.util.headless.HeadlessAnalyzer.runScript(HeadlessAnalyzer.java:597)
	at ghidra.app.util.headless.HeadlessAnalyzer.runScriptsList(HeadlessAnalyzer.java:941)
	at ghidra.app.util.headless.HeadlessAnalyzer.analyzeProgram(HeadlessAnalyzer.java:1097)
	at ghidra.app.util.headless.HeadlessAnalyzer.processFileWithImport(HeadlessAnalyzer.java:1595)
	at ghidra.app.util.headless.HeadlessAnalyzer.processWithLoader(HeadlessAnalyzer.java:1755)
	at ghidra.app.util.headless.HeadlessAnalyzer.processWithImport(HeadlessAnalyzer.java:1696)
	at ghidra.app.util.headless.HeadlessAnalyzer.processWithImport(HeadlessAnalyzer.java:1780)
	at ghidra.app.util.headless.HeadlessAnalyzer.processLocal(HeadlessAnalyzer.java:464)
	at ghidra.app.util.headless.AnalyzeHeadless.launch(AnalyzeHeadless.java:199)
	at ghidra.GhidraLauncher.launch(GhidraLauncher.java:81)
	at ghidra.Ghidra.main(Ghidra.java:54)
INFO  Applied data type archive: generic_clib (ApplyDataArchiveAnalyzer)  
INFO  -----------------------------------------------------
    ASCII Strings                              0.018 secs
    Apply Data Archives                        0.009 secs
    Basic Constant Reference Analyzer          0.127 secs
    Call Convention ID                         0.004 secs
    Call-Fixup Installer                       0.018 secs
    Create Address Tables                      0.040 secs
    Create Address Tables - One Time           0.023 secs
    Create Function                            0.073 secs
    Data Reference                             0.019 secs
    Decompiler Switch Analysis                 2.566 secs
    Demangler GNU                              0.002 secs
    Disassemble Entry Points                   0.002 secs
    Embedded Media                             0.006 secs
    External Entry References                  0.000 secs
    Function ID                                0.000 secs
    Non-Returning Functions - Discovered       0.508 secs
    Reference                                  0.033 secs
    Shared Return Calls                        0.064 secs
    Stack                                      0.067 secs
    Subroutine References                      0.053 secs
-----------------------------------------------------
     Total Time   3 secs
-----------------------------------------------------
 (AutoAnalysisManager)  
INFO  V15DecoderAnalysis.java> EVIDENCE_SCALAR phase=exhaustive at=02000758 value=02057435 text=mov r2,#0x2057435 function=- (GhidraScript)  
INFO  V15DecoderAnalysis.java> EVIDENCE_PCODE_CONST phase=exhaustive at=02000758 value=02057435 op=COPY text=mov r2,#0x2057435 function=- (GhidraScript)  
INFO  V15DecoderAnalysis.java> EVIDENCE_SCALAR phase=exhaustive at=0200082a value=0205785b text=mov r0,#0x205785b function=- (GhidraScript)  
INFO  V15DecoderAnalysis.java> EVIDENCE_PCODE_CONST phase=exhaustive at=0200082a value=0205785b op=COPY text=mov r0,#0x205785b function=- (GhidraScript)  
INFO  V15DecoderAnalysis.java> EVIDENCE_SCALAR phase=exhaustive at=0200086e value=02057250 text=mov r1,#0x2057250 function=- (GhidraScript)  
INFO  V15DecoderAnalysis.java> EVIDENCE_PCODE_CONST phase=exhaustive at=0200086e value=02057250 op=COPY text=mov r1,#0x2057250 function=- (GhidraScript)  
INFO  V15DecoderAnalysis.java> EVIDENCE_SCALAR phase=exhaustive at=020008f0 value=0205785b text=mov r0,#0x205785b function=- (GhidraScript)  
INFO  V15DecoderAnalysis.java> EVIDENCE_PCODE_CONST phase=exhaustive at=020008f0 value=0205785b op=COPY text=mov r0,#0x205785b function=- (GhidraScript)  
INFO  V15DecoderAnalysis.java> EVIDENCE_SCALAR phase=exhaustive at=02000b52 value=02057250 text=mov r9,#0x2057250 function=- (GhidraScript)  
INFO  V15DecoderAnalysis.java> EVIDENCE_PCODE_CONST phase=exhaustive at=02000b52 value=02057250 op=COPY text=mov r9,#0x2057250 function=- (GhidraScript)  
INFO  V15DecoderAnalysis.java> EVIDENCE_SCALAR phase=exhaustive at=02000e3c value=02057250 text=mov r1,#0x2057250 function=- (GhidraScript)  
INFO  V15DecoderAnalysis.java> EVIDENCE_PCODE_CONST phase=exhaustive at=02000e3c value=02057250 op=COPY text=mov r1,#0x2057250 function=- (GhidraScript)  
INFO  V15DecoderAnalysis.java> EVIDENCE_SCALAR phase=exhaustive at=02000f9e value=02057250 text=mov r8,#0x2057250 function=- (GhidraScript)  
INFO  V15DecoderAnalysis.java> EVIDENCE_PCODE_CONST phase=exhaustive at=02000f9e value=02057250 op=COPY text=mov r8,#0x2057250 function=- (GhidraScript)  
INFO  V15DecoderAnalysis.java> EVIDENCE_SCALAR phase=exhaustive at=02001098 value=02057250 text=mov r1,#0x2057250 function=- (GhidraScript)  
INFO  V15DecoderAnalysis.java> EVIDENCE_PCODE_CONST phase=exhaustive at=02001098 value=02057250 op=COPY text=mov r1,#0x2057250 function=- (GhidraScript)  
INFO  V15DecoderAnalysis.java> EVIDENCE_SCALAR phase=exhaustive at=02001112 value=02057250 text=mov r2,#0x2057250 function=- (GhidraScript)  
INFO  V15DecoderAnalysis.java> EVIDENCE_PCODE_CONST phase=exhaustive at=02001112 value=02057250 op=COPY text=mov r2,#0x2057250 function=- (GhidraScript)  
INFO  V15DecoderAnalysis.java> EVIDENCE_SCALAR phase=exhaustive at=020011c8 value=02057250 text=mov r0,#0x2057250 function=- (GhidraScript)  
INFO  V15DecoderAnalysis.java> EVIDENCE_PCODE_CONST phase=exhaustive at=020011c8 value=02057250 op=COPY text=mov r0,#0x2057250 function=- (GhidraScript)  
INFO  V15DecoderAnalysis.java> EVIDENCE_SCALAR phase=exhaustive at=0200122a value=02057250 text=mov r2,#0x2057250 function=- (GhidraScript)  
INFO  V15DecoderAnalysis.java> EVIDENCE_PCODE_CONST phase=exhaustive at=0200122a value=02057250 op=COPY text=mov r2,#0x2057250 function=- (GhidraScript)  
INFO  V15DecoderAnalysis.java> EVIDENCE_SCALAR phase=exhaustive at=020012b2 value=02057250 text=mov r0,#0x2057250 function=- (GhidraScript)  
INFO  V15DecoderAnalysis.java> EVIDENCE_PCODE_CONST phase=exhaustive at=020012b2 value=02057250 op=COPY text=mov r0,#0x2057250 function=- (GhidraScript)  
INFO  V15DecoderAnalysis.java> EVIDENCE_SCALAR phase=exhaustive at=0200136e value=02057250 text=mov r0,#0x2057250 function=- (GhidraScript)  
INFO  V15DecoderAnalysis.java> EVIDENCE_PCODE_CONST phase=exhaustive at=0200136e value=02057250 op=COPY text=mov r0,#0x2057250 function=- (GhidraScript)  
INFO  V15DecoderAnalysis.java> EVIDENCE_SCALAR phase=exhaustive at=02001416 value=0205785b text=mov r10,#0x205785b function=- (GhidraScript)  
INFO  V15DecoderAnalysis.java> EVIDENCE_PCODE_CONST phase=exhaustive at=02001416 value=0205785b op=COPY text=mov r10,#0x205785b function=- (GhidraScript)  
INFO  V15DecoderAnalysis.java> EVIDENCE_SCALAR phase=exhaustive at=020016e2 value=02057250 text=mov r3,#0x2057250 function=- (GhidraScript)  
INFO  V15DecoderAnalysis.java> EVIDENCE_PCODE_CONST phase=exhaustive at=020016e2 value=02057250 op=COPY text=mov r3,#0x2057250 function=- (GhidraScript)  
INFO  V15DecoderAnalysis.java> EVIDENCE_SCALAR phase=exhaustive at=0200174e value=02057250 text=mov r2,#0x2057250 function=- (GhidraScript)  
INFO  V15DecoderAnalysis.java> EVIDENCE_PCODE_CONST phase=exhaustive at=0200174e value=02057250 op=COPY text=mov r2,#0x2057250 function=- (GhidraScript)  
INFO  V15DecoderAnalysis.java> EVIDENCE_SCALAR phase=exhaustive at=020019f2 value=02057250 text=mov r0,#0x2057250 function=- (GhidraScript)  
INFO  V15DecoderAnalysis.java> EVIDENCE_PCODE_CONST phase=exhaustive at=020019f2 value=02057250 op=COPY text=mov r0,#0x2057250 function=- (GhidraScript)  
INFO  V15DecoderAnalysis.java> EVIDENCE_SCALAR phase=exhaustive at=02001d24 value=02057250 text=mov r2,#0x2057250 function=- (GhidraScript)  
INFO  V15DecoderAnalysis.java> EVIDENCE_PCODE_CONST phase=exhaustive at=02001d24 value=02057250 op=COPY text=mov r2,#0x2057250 function=- (GhidraScript)  
INFO  V15DecoderAnalysis.java> EVIDENCE_SCALAR phase=exhaustive at=02001dfe value=02057288 text=mov r5,#0x2057288 function=FUN_02001dfa@02001dfa (GhidraScript)  
INFO  V15DecoderAnalysis.java> EVIDENCE_PCODE_CONST phase=exhaustive at=02001dfe value=02057288 op=COPY text=mov r5,#0x2057288 function=FUN_02001dfa@02001dfa (GhidraScript)  
INFO  V15DecoderAnalysis.java> EVIDENCE_SCALAR phase=exhaustive at=02002028 value=02057250 text=mov r10,#0x2057250 function=- (GhidraScript)  
INFO  V15DecoderAnalysis.java> EVIDENCE_PCODE_CONST phase=exhaustive at=02002028 value=02057250 op=COPY text=mov r10,#0x2057250 function=- (GhidraScript)  
INFO  V15DecoderAnalysis.java> EVIDENCE_SCALAR phase=exhaustive at=02002604 value=02057352 text=mov r12,#0x2057352 function=- (GhidraScript)  
INFO  V15DecoderAnalysis.java> EVIDENCE_PCODE_CONST phase=exhaustive at=02002604 value=02057352 op=COPY text=mov r12,#0x2057352 function=- (GhidraScript)  
INFO  V15DecoderAnalysis.java> EVIDENCE_SCALAR phase=exhaustive at=020027ae value=020576fd text=mov r0,#0x20576fd function=- (GhidraScript)  
INFO  V15DecoderAnalysis.java> EVIDENCE_PCODE_CONST phase=exhaustive at=020027ae value=020576fd op=COPY text=mov r0,#0x20576fd function=- (GhidraScript)  
INFO  V15DecoderAnalysis.java> EVIDENCE_SCALAR phase=exhaustive at=02003400 value=020573ae text=mov r4,#0x20573ae function=- (GhidraScript)  
INFO  V15DecoderAnalysis.java> EVIDENCE_PCODE_CONST phase=exhaustive at=02003400 value=020573ae op=COPY text=mov r4,#0x20573ae function=- (GhidraScript)  
INFO  V15DecoderAnalysis.java> EVIDENCE_SCALAR phase=exhaustive at=02003798 value=020576fd text=mov r0,#0x20576fd function=- (GhidraScript)  
INFO  V15DecoderAnalysis.java> EVIDENCE_PCODE_CONST phase=exhaustive at=02003798 value=020576fd op=COPY text=mov r0,#0x20576fd function=- (GhidraScript)  
INFO  V15DecoderAnalysis.java> EVIDENCE_SCALAR phase=exhaustive at=02004a60 value=02057954 text=mov r0,#0x2057954 function=- (GhidraScript)  
INFO  V15DecoderAnalysis.java> EVIDENCE_PCODE_CONST phase=exhaustive at=02004a60 value=02057954 op=COPY text=mov r0,#0x2057954 function=- (GhidraScript)  
INFO  V15DecoderAnalysis.java> EVIDENCE_SCALAR phase=exhaustive at=02004ce4 value=020572ee text=mov r4,#0x20572ee function=- (GhidraScript)  
INFO  V15DecoderAnalysis.java> EVIDENCE_PCODE_CONST phase=exhaustive at=02004ce4 value=020572ee op=COPY text=mov r4,#0x20572ee function=- (GhidraScript)  
INFO  V15DecoderAnalysis.java> EVIDENCE_SCALAR phase=exhaustive at=02005296 value=02057250 text=mov r1,#0x2057250 function=- (GhidraScript)  
INFO  V15DecoderAnalysis.java> EVIDENCE_PCODE_CONST phase=exhaustive at=02005296 value=02057250 op=COPY text=mov r1,#0x2057250 function=- (GhidraScript)  
INFO  V15DecoderAnalysis.java> EVIDENCE_SCALAR phase=exhaustive at=02005bfe value=02057250 text=mov r0,#0x2057250 function=- (GhidraScript)  
INFO  V15DecoderAnalysis.java> EVIDENCE_PCODE_CONST phase=exhaustive at=02005bfe value=02057250 op=COPY text=mov r0,#0x2057250 function=- (GhidraScript)  
INFO  V15DecoderAnalysis.java> EVIDENCE_SCALAR phase=exhaustive at=02005cd0 value=02057250 text=mov r1,#0x2057250 function=- (GhidraScript)  
INFO  V15DecoderAnalysis.java> EVIDENCE_PCODE_CONST phase=exhaustive at=02005cd0 value=02057250 op=COPY text=mov r1,#0x2057250 function=- (GhidraScript)  
INFO  V15DecoderAnalysis.java> EVIDENCE_SCALAR phase=exhaustive at=02005d2c value=02057250 text=mov r5,#0x2057250 function=- (GhidraScript)  
INFO  V15DecoderAnalysis.java> EVIDENCE_PCODE_CONST phase=exhaustive at=02005d2c value=02057250 op=COPY text=mov r5,#0x2057250 function=- (GhidraScript)  
INFO  V15DecoderAnalysis.java> EVIDENCE_SCALAR phase=exhaustive at=02005db2 value=02057250 text=mov r4,#0x2057250 function=- (GhidraScript)  
INFO  V15DecoderAnalysis.java> EVIDENCE_PCODE_CONST phase=exhaustive at=02005db2 value=02057250 op=COPY text=mov r4,#0x2057250 function=- (GhidraScript)  
INFO  V15DecoderAnalysis.java> EVIDENCE_SCALAR phase=exhaustive at=02005eca value=02057250 text=mov r0,#0x2057250 function=- (GhidraScript)  
INFO  V15DecoderAnalysis.java> EVIDENCE_PCODE_CONST phase=exhaustive at=02005eca value=02057250 op=COPY text=mov r0,#0x2057250 function=- (GhidraScript)  
INFO  V15DecoderAnalysis.java> EVIDENCE_SCALAR phase=exhaustive at=02006088 value=02057250 text=mov r12,#0x2057250 function=- (GhidraScript)  
INFO  V15DecoderAnalysis.java> EVIDENCE_PCODE_CONST phase=exhaustive at=02006088 value=02057250 op=COPY text=mov r12,#0x2057250 function=- (GhidraScript)  
INFO  V15DecoderAnalysis.java> EVIDENCE_SCALAR phase=exhaustive at=020067b4 value=02057250 text=mov r11,#0x2057250 function=- (GhidraScript)  
INFO  V15DecoderAnalysis.java> EVIDENCE_PCODE_CONST phase=exhaustive at=020067b4 value=02057250 op=COPY text=mov r11,#0x2057250 function=- (GhidraScript)  
INFO  V15DecoderAnalysis.java> EVIDENCE_SCALAR phase=exhaustive at=0200749e value=02057664 text=mov r7,#0x2057664 function=- (GhidraScript)  
INFO  V15DecoderAnalysis.java> EVIDENCE_PCODE_CONST phase=exhaustive at=0200749e value=02057664 op=COPY text=mov r7,#0x2057664 function=- (GhidraScript)  
INFO  V15DecoderAnalysis.java> EVIDENCE_SCALAR phase=exhaustive at=0200763a value=0205761c text=mov r4,#0x205761c function=- (GhidraScript)  
INFO  V15DecoderAnalysis.java> EVIDENCE_PCODE_CONST phase=exhaustive at=0200763a value=0205761c op=COPY text=mov r4,#0x205761c function=- (GhidraScript)  
INFO  V15DecoderAnalysis.java> EVIDENCE_SCALAR phase=exhaustive at=020078bc value=0205761c text=mov r4,#0x205761c function=FUN_0200789a@0200789a (GhidraScript)  
INFO  V15DecoderAnalysis.java> EVIDENCE_PCODE_CONST phase=exhaustive at=020078bc value=0205761c op=COPY text=mov r4,#0x205761c function=FUN_0200789a@0200789a (GhidraScript)  
INFO  V15DecoderAnalysis.java> EVIDENCE_SCALAR phase=exhaustive at=02007c34 value=0205785b text=mov r0,#0x205785b function=- (GhidraScript)  
INFO  V15DecoderAnalysis.java> EVIDENCE_PCODE_CONST phase=exhaustive at=02007c34 value=0205785b op=COPY text=mov r0,#0x205785b function=- (GhidraScript)  
INFO  V15DecoderAnalysis.java> EVIDENCE_SCALAR phase=exhaustive at=02008136 value=0205785b text=mov r0,#0x205785b function=- (GhidraScript)  
INFO  V15DecoderAnalysis.java> EVIDENCE_PCODE_CONST phase=exhaustive at=02008136 value=0205785b op=COPY text=mov r0,#0x205785b function=- (GhidraScript)  
INFO  V15DecoderAnalysis.java> EVIDENCE_SCALAR phase=exhaustive at=02008452 value=02057250 text=mov r9,#0x2057250 function=FUN_02008444@02008444 (GhidraScript)  
INFO  V15DecoderAnalysis.java> EVIDENCE_PCODE_CONST phase=exhaustive at=02008452 value=02057250 op=COPY text=mov r9,#0x2057250 function=FUN_02008444@02008444 (GhidraScript)  
INFO  V15DecoderAnalysis.java> EVIDENCE_SCALAR phase=exhaustive at=02008f1a value=02057676 text=mov r3,#0x2057676 function=- (GhidraScript)  
INFO  V15DecoderAnalysis.java> EVIDENCE_PCODE_CONST phase=exhaustive at=02008f1a value=02057676 op=COPY text=mov r3,#0x2057676 function=- (GhidraScript)  
INFO  V15DecoderAnalysis.java> EVIDENCE_SCALAR phase=exhaustive at=020092f4 value=02057502 text=mov r8,#0x2057502 function=- (GhidraScript)  
INFO  V15DecoderAnalysis.java> EVIDENCE_PCODE_CONST phase=exhaustive at=020092f4 value=02057502 op=COPY text=mov r8,#0x2057502 function=- (GhidraScript)  
INFO  V15DecoderAnalysis.java> EVIDENCE_SCALAR phase=exhaustive at=0200949c value=02057502 text=mov r8,#0x2057502 function=- (GhidraScript)  
INFO  V15DecoderAnalysis.java> EVIDENCE_PCODE_CONST phase=exhaustive at=0200949c value=02057502 op=COPY text=mov r8,#0x2057502 function=- (GhidraScript)  
INFO  V15DecoderAnalysis.java> EVIDENCE_SCALAR phase=exhaustive at=0200963e value=020580c6 text=mov r2,#0x20580c6 function=- (GhidraScript)  
INFO  V15DecoderAnalysis.java> EVIDENCE_PCODE_CONST phase=exhaustive at=0200963e value=020580c6 op=COPY text=mov r2,#0x20580c6 function=- (GhidraScript)  
INFO  V15DecoderAnalysis.java> EVIDENCE_SCALAR phase=exhaustive at=020098aa value=0205761c text=mov r0,#0x205761c function=- (GhidraScript)  
INFO  V15DecoderAnalysis.java> EVIDENCE_PCODE_CONST phase=exhaustive at=020098aa value=0205761c op=COPY text=mov r0,#0x205761c function=- (GhidraScript)  
INFO  V15DecoderAnalysis.java> EVIDENCE_SCALAR phase=exhaustive at=0201150c value=02057252 text=mov r13,#0x2057252 function=- (GhidraScript)  
INFO  V15DecoderAnalysis.java> EVIDENCE_PCODE_CONST phase=exhaustive at=0201150c value=02057252 op=COPY text=mov r13,#0x2057252 function=- (GhidraScript)  
INFO  V15DecoderAnalysis.java> EVIDENCE_SCALAR phase=exhaustive at=02013c8a value=02057250 text=mov r4,#0x2057250 function=- (GhidraScript)  
INFO  V15DecoderAnalysis.java> EVIDENCE_PCODE_CONST phase=exhaustive at=02013c8a value=02057250 op=COPY text=mov r4,#0x2057250 function=- (GhidraScript)  
INFO  V15DecoderAnalysis.java> EVIDENCE_SCALAR phase=exhaustive at=02018774 value=02057f04 text=mov r5,#0x2057f04 function=- (GhidraScript)  
INFO  V15DecoderAnalysis.java> EVIDENCE_PCODE_CONST phase=exhaustive at=02018774 value=02057f04 op=COPY text=mov r5,#0x2057f04 function=- (GhidraScript)  
INFO  V15DecoderAnalysis.java> EVIDENCE_SCALAR phase=exhaustive at=0201bfa0 value=02057250 text=mov r13,#0x2057250 function=- (GhidraScript)  
INFO  V15DecoderAnalysis.java> EVIDENCE_PCODE_CONST phase=exhaustive at=0201bfa0 value=02057250 op=COPY text=mov r13,#0x2057250 function=- (GhidraScript)  
INFO  V15DecoderAnalysis.java> EVIDENCE_SCALAR phase=exhaustive at=0201c328 value=020572ab text=mov r8,#0x20572ab function=- (GhidraScript)  
INFO  V15DecoderAnalysis.java> EVIDENCE_PCODE_CONST phase=exhaustive at=0201c328 value=020572ab op=COPY text=mov r8,#0x20572ab function=- (GhidraScript)  
INFO  V15DecoderAnalysis.java> EVIDENCE_SCALAR phase=exhaustive at=0201c552 value=0205785b text=mov r0,#0x205785b function=- (GhidraScript)  
INFO  V15DecoderAnalysis.java> EVIDENCE_PCODE_CONST phase=exhaustive at=0201c552 value=0205785b op=COPY text=mov r0,#0x205785b function=- (GhidraScript)  
INFO  V15DecoderAnalysis.java> EVIDENCE_SCALAR phase=exhaustive at=0201c8b6 value=02057250 text=mov r8,#0x2057250 function=- (GhidraScript)  
INFO  V15DecoderAnalysis.java> EVIDENCE_PCODE_CONST phase=exhaustive at=0201c8b6 value=02057250 op=COPY text=mov r8,#0x2057250 function=- (GhidraScript)  
INFO  V15DecoderAnalysis.java> EVIDENCE_SCALAR phase=exhaustive at=0201ccb6 value=02057250 text=mov r1,#0x2057250 function=- (GhidraScript)  
INFO  V15DecoderAnalysis.java> EVIDENCE_PCODE_CONST phase=exhaustive at=0201ccb6 value=02057250 op=COPY text=mov r1,#0x2057250 function=- (GhidraScript)  
INFO  V15DecoderAnalysis.java> EVIDENCE_SCALAR phase=exhaustive at=0201ccda value=02057250 text=mov r1,#0x2057250 function=- (GhidraScript)  
INFO  V15DecoderAnalysis.java> EVIDENCE_PCODE_CONST phase=exhaustive at=0201ccda value=02057250 op=COPY text=mov r1,#0x2057250 function=- (GhidraScript)  
INFO  V15DecoderAnalysis.java> EVIDENCE_SCALAR phase=exhaustive at=0201cd54 value=02057250 text=mov r1,#0x2057250 function=- (GhidraScript)  
INFO  V15DecoderAnalysis.java> EVIDENCE_PCODE_CONST phase=exhaustive at=0201cd54 value=02057250 op=COPY text=mov r1,#0x2057250 function=- (GhidraScript)  
INFO  V15DecoderAnalysis.java> EVIDENCE_SCALAR phase=exhaustive at=0201cd7a value=02057250 text=mov r1,#0x2057250 function=- (GhidraScript)  
INFO  V15DecoderAnalysis.java> EVIDENCE_PCODE_CONST phase=exhaustive at=0201cd7a value=02057250 op=COPY text=mov r1,#0x2057250 function=- (GhidraScript)  
INFO  V15DecoderAnalysis.java> EVIDENCE_SCALAR phase=exhaustive at=0201cda8 value=02057250 text=mov r3,#0x2057250 function=- (GhidraScript)  
INFO  V15DecoderAnalysis.java> EVIDENCE_PCODE_CONST phase=exhaustive at=0201cda8 value=02057250 op=COPY text=mov r3,#0x2057250 function=- (GhidraScript)  
INFO  V15DecoderAnalysis.java> EVIDENCE_SCALAR phase=exhaustive at=0201cf0a value=02057250 text=mov r1,#0x2057250 function=- (GhidraScript)  
INFO  V15DecoderAnalysis.java> EVIDENCE_PCODE_CONST phase=exhaustive at=0201cf0a value=02057250 op=COPY text=mov r1,#0x2057250 function=- (GhidraScript)  
INFO  V15DecoderAnalysis.java> EVIDENCE_SCALAR phase=exhaustive at=0201cf2e value=02057250 text=mov r1,#0x2057250 function=- (GhidraScript)  
INFO  V15DecoderAnalysis.java> EVIDENCE_PCODE_CONST phase=exhaustive at=0201cf2e value=02057250 op=COPY text=mov r1,#0x2057250 function=- (GhidraScript)  
INFO  V15DecoderAnalysis.java> EVIDENCE_SCALAR phase=exhaustive at=0201cf88 value=02057250 text=mov r1,#0x2057250 function=- (GhidraScript)  
INFO  V15DecoderAnalysis.java> EVIDENCE_PCODE_CONST phase=exhaustive at=0201cf88 value=02057250 op=COPY text=mov r1,#0x2057250 function=- (GhidraScript)  
INFO  V15DecoderAnalysis.java> EVIDENCE_SCALAR phase=exhaustive at=0201cfac value=02057250 text=mov r1,#0x2057250 function=- (GhidraScript)  
INFO  V15DecoderAnalysis.java> EVIDENCE_PCODE_CONST phase=exhaustive at=0201cfac value=02057250 op=COPY text=mov r1,#0x2057250 function=- (GhidraScript)  
INFO  V15DecoderAnalysis.java> EVIDENCE_SCALAR phase=exhaustive at=0201cfe8 value=02057250 text=mov r3,#0x2057250 function=- (GhidraScript)  
INFO  V15DecoderAnalysis.java> EVIDENCE_PCODE_CONST phase=exhaustive at=0201cfe8 value=02057250 op=COPY text=mov r3,#0x2057250 function=- (GhidraScript)  
INFO  V15DecoderAnalysis.java> EVIDENCE_SCALAR phase=exhaustive at=0201d08c value=02057250 text=mov r12,#0x2057250 function=- (GhidraScript)  
INFO  V15DecoderAnalysis.java> EVIDENCE_PCODE_CONST phase=exhaustive at=0201d08c value=02057250 op=COPY text=mov r12,#0x2057250 function=- (GhidraScript)  
INFO  V15DecoderAnalysis.java> EVIDENCE_SCALAR phase=exhaustive at=0201d5cc value=02057250 text=mov r2,#0x2057250 function=- (GhidraScript)  
INFO  V15DecoderAnalysis.java> EVIDENCE_PCODE_CONST phase=exhaustive at=0201d5cc value=02057250 op=COPY text=mov r2,#0x2057250 function=- (GhidraScript)  
INFO  V15DecoderAnalysis.java> EVIDENCE_SCALAR phase=exhaustive at=0201d666 value=02057250 text=mov r9,#0x2057250 function=- (GhidraScript)  
INFO  V15DecoderAnalysis.java> EVIDENCE_PCODE_CONST phase=exhaustive at=0201d666 value=02057250 op=COPY text=mov r9,#0x2057250 function=- (GhidraScript)  
INFO  V15DecoderAnalysis.java> EVIDENCE_SCALAR phase=exhaustive at=0201deb6 value=0205785b text=mov r0,#0x205785b function=- (GhidraScript)  
INFO  V15DecoderAnalysis.java> EVIDENCE_PCODE_CONST phase=exhaustive at=0201deb6 value=0205785b op=COPY text=mov r0,#0x205785b function=- (GhidraScript)  
INFO  V15DecoderAnalysis.java> EVIDENCE_SCALAR phase=exhaustive at=0201e042 value=02057b20 text=mov r4,#0x2057b20 function=- (GhidraScript)  
INFO  V15DecoderAnalysis.java> EVIDENCE_PCODE_CONST phase=exhaustive at=0201e042 value=02057b20 op=COPY text=mov r4,#0x2057b20 function=- (GhidraScript)  
INFO  V15DecoderAnalysis.java> EVIDENCE_SCALAR phase=exhaustive at=0201f1f8 value=02057279 text=mov r13,#0x2057279 function=- (GhidraScript)  
INFO  V15DecoderAnalysis.java> EVIDENCE_PCODE_CONST phase=exhaustive at=0201f1f8 value=02057279 op=COPY text=mov r13,#0x2057279 function=- (GhidraScript)  
INFO  V15DecoderAnalysis.java> EVIDENCE_SCALAR phase=exhaustive at=0201f622 value=02057250 text=mov r13,#0x2057250 function=- (GhidraScript)  
INFO  V15DecoderAnalysis.java> EVIDENCE_PCODE_CONST phase=exhaustive at=0201f622 value=02057250 op=COPY text=mov r13,#0x2057250 function=- (GhidraScript)  
INFO  V15DecoderAnalysis.java> EVIDENCE_SCALAR phase=exhaustive at=0201f894 value=02057250 text=mov r11,#0x2057250 function=- (GhidraScript)  
INFO  V15DecoderAnalysis.java> EVIDENCE_PCODE_CONST phase=exhaustive at=0201f894 value=02057250 op=COPY text=mov r11,#0x2057250 function=- (GhidraScript)  
INFO  V15DecoderAnalysis.java> EVIDENCE_SCALAR phase=exhaustive at=0202038a value=02057250 text=mov r12,#0x2057250 function=- (GhidraScript)  
INFO  V15DecoderAnalysis.java> EVIDENCE_PCODE_CONST phase=exhaustive at=0202038a value=02057250 op=COPY text=mov r12,#0x2057250 function=- (GhidraScript)  
INFO  V15DecoderAnalysis.java> EVIDENCE_SCALAR phase=exhaustive at=02023378 value=02057250 text=mov r4,#0x2057250 function=FUN_02023376@02023376 (GhidraScript)  
INFO  V15DecoderAnalysis.java> EVIDENCE_PCODE_CONST phase=exhaustive at=02023378 value=02057250 op=COPY text=mov r4,#0x2057250 function=FUN_02023376@02023376 (GhidraScript)  
INFO  V15DecoderAnalysis.java> EVIDENCE_SCALAR phase=exhaustive at=020234aa value=02057250 text=mov r9,#0x2057250 function=FUN_020234a4@020234a4 (GhidraScript)  
INFO  V15DecoderAnalysis.java> EVIDENCE_PCODE_CONST phase=exhaustive at=020234aa value=02057250 op=COPY text=mov r9,#0x2057250 function=FUN_020234a4@020234a4 (GhidraScript)  
INFO  V15DecoderAnalysis.java> EVIDENCE_SCALAR phase=exhaustive at=020237f8 value=02057250 text=mov r10,#0x2057250 function=- (GhidraScript)  
INFO  V15DecoderAnalysis.java> EVIDENCE_PCODE_CONST phase=exhaustive at=020237f8 value=02057250 op=COPY text=mov r10,#0x2057250 function=- (GhidraScript)  
INFO  V15DecoderAnalysis.java> EVIDENCE_SCALAR phase=exhaustive at=020239aa value=02057250 text=mov r11,#0x2057250 function=- (GhidraScript)  
INFO  V15DecoderAnalysis.java> EVIDENCE_PCODE_CONST phase=exhaustive at=020239aa value=02057250 op=COPY text=mov r11,#0x2057250 function=- (GhidraScript)  
INFO  V15DecoderAnalysis.java> EVIDENCE_SCALAR phase=exhaustive at=020245e8 value=02057250 text=mov r9,#0x2057250 function=- (GhidraScript)  
INFO  V15DecoderAnalysis.java> EVIDENCE_PCODE_CONST phase=exhaustive at=020245e8 value=02057250 op=COPY text=mov r9,#0x2057250 function=- (GhidraScript)  
INFO  V15DecoderAnalysis.java> EVIDENCE_SCALAR phase=exhaustive at=02024962 value=02057250 text=mov r8,#0x2057250 function=- (GhidraScript)  
INFO  V15DecoderAnalysis.java> EVIDENCE_PCODE_CONST phase=exhaustive at=02024962 value=02057250 op=COPY text=mov r8,#0x2057250 function=- (GhidraScript)  
INFO  V15DecoderAnalysis.java> EVIDENCE_SCALAR phase=exhaustive at=02024a78 value=02057270 text=mov r8,#0x2057270 function=- (GhidraScript)  
INFO  V15DecoderAnalysis.java> EVIDENCE_PCODE_CONST phase=exhaustive at=02024a78 value=02057270 op=COPY text=mov r8,#0x2057270 function=- (GhidraScript)  
INFO  V15DecoderAnalysis.java> EVIDENCE_SCALAR phase=exhaustive at=02024d54 value=02057276 text=mov r4,#0x2057276 function=FUN_02024d4c@02024d4c (GhidraScript)  
INFO  V15DecoderAnalysis.java> EVIDENCE_PCODE_CONST phase=exhaustive at=02024d54 value=02057276 op=COPY text=mov r4,#0x2057276 function=FUN_02024d4c@02024d4c (GhidraScript)  
INFO  V15DecoderAnalysis.java> EVIDENCE_SCALAR phase=exhaustive at=0202516a value=02057250 text=mov r1,#0x2057250 function=- (GhidraScript)  
INFO  V15DecoderAnalysis.java> EVIDENCE_PCODE_CONST phase=exhaustive at=0202516a value=02057250 op=COPY text=mov r1,#0x2057250 function=- (GhidraScript)  
INFO  V15DecoderAnalysis.java> EVIDENCE_SCALAR phase=exhaustive at=02025286 value=02057250 text=mov r13,#0x2057250 function=- (GhidraScript)  
INFO  V15DecoderAnalysis.java> EVIDENCE_PCODE_CONST phase=exhaustive at=02025286 value=02057250 op=COPY text=mov r13,#0x2057250 function=- (GhidraScript)  
INFO  V15DecoderAnalysis.java> EVIDENCE_SCALAR phase=exhaustive at=02025654 value=02057250 text=mov r1,#0x2057250 function=- (GhidraScript)  
INFO  V15DecoderAnalysis.java> EVIDENCE_PCODE_CONST phase=exhaustive at=02025654 value=02057250 op=COPY text=mov r1,#0x2057250 function=- (GhidraScript)  
INFO  V15DecoderAnalysis.java> EVIDENCE_SCALAR phase=exhaustive at=02025854 value=02057250 text=mov r2,#0x2057250 function=- (GhidraScript)  
INFO  V15DecoderAnalysis.java> EVIDENCE_PCODE_CONST phase=exhaustive at=02025854 value=02057250 op=COPY text=mov r2,#0x2057250 function=- (GhidraScript)  
INFO  V15DecoderAnalysis.java> EVIDENCE_SCALAR phase=exhaustive at=020260ae value=02057250 text=mov r0,#0x2057250 function=- (GhidraScript)  
INFO  V15DecoderAnalysis.java> EVIDENCE_PCODE_CONST phase=exhaustive at=020260ae value=02057250 op=COPY text=mov r0,#0x2057250 function=- (GhidraScript)  
INFO  V15DecoderAnalysis.java> EVIDENCE_SCALAR phase=exhaustive at=020264ae value=02057250 text=mov r0,#0x2057250 function=- (GhidraScript)  
INFO  V15DecoderAnalysis.java> EVIDENCE_PCODE_CONST phase=exhaustive at=020264ae value=02057250 op=COPY text=mov r0,#0x2057250 function=- (GhidraScript)  
INFO  V15DecoderAnalysis.java> EVIDENCE_SCALAR phase=exhaustive at=020264d6 value=02057250 text=mov r0,#0x2057250 function=- (GhidraScript)  
INFO  V15DecoderAnalysis.java> EVIDENCE_PCODE_CONST phase=exhaustive at=020264d6 value=02057250 op=COPY text=mov r0,#0x2057250 function=- (GhidraScript)  
INFO  V15DecoderAnalysis.java> EVIDENCE_SCALAR phase=exhaustive at=020264e8 value=02057250 text=mov r0,#0x2057250 function=- (GhidraScript)  
INFO  V15DecoderAnalysis.java> EVIDENCE_PCODE_CONST phase=exhaustive at=020264e8 value=02057250 op=COPY text=mov r0,#0x2057250 function=- (GhidraScript)  
INFO  V15DecoderAnalysis.java> EVIDENCE_SCALAR phase=exhaustive at=02026508 value=02057250 text=mov r0,#0x2057250 function=- (GhidraScript)  
INFO  V15DecoderAnalysis.java> EVIDENCE_PCODE_CONST phase=exhaustive at=02026508 value=02057250 op=COPY text=mov r0,#0x2057250 function=- (GhidraScript)  
INFO  V15DecoderAnalysis.java> EVIDENCE_SCALAR phase=exhaustive at=0202654e value=02057250 text=mov r0,#0x2057250 function=- (GhidraScript)  
INFO  V15DecoderAnalysis.java> EVIDENCE_PCODE_CONST phase=exhaustive at=0202654e value=02057250 op=COPY text=mov r0,#0x2057250 function=- (GhidraScript)  
INFO  V15DecoderAnalysis.java> EVIDENCE_SCALAR phase=exhaustive at=020269d0 value=02057250 text=mov r0,#0x2057250 function=- (GhidraScript)  
INFO  V15DecoderAnalysis.java> EVIDENCE_PCODE_CONST phase=exhaustive at=020269d0 value=02057250 op=COPY text=mov r0,#0x2057250 function=- (GhidraScript)  
INFO  V15DecoderAnalysis.java> EVIDENCE_SCALAR phase=exhaustive at=02026b1c value=02057250 text=mov r0,#0x2057250 function=- (GhidraScript)  
INFO  V15DecoderAnalysis.java> EVIDENCE_PCODE_CONST phase=exhaustive at=02026b1c value=02057250 op=COPY text=mov r0,#0x2057250 function=- (GhidraScript)  
INFO  V15DecoderAnalysis.java> EVIDENCE_SCALAR phase=exhaustive at=02026cbe value=02057250 text=mov r0,#0x2057250 function=- (GhidraScript)  
INFO  V15DecoderAnalysis.java> EVIDENCE_PCODE_CONST phase=exhaustive at=02026cbe value=02057250 op=COPY text=mov r0,#0x2057250 function=- (GhidraScript)  
INFO  V15DecoderAnalysis.java> EVIDENCE_SCALAR phase=exhaustive at=02026cd0 value=02057250 text=mov r0,#0x2057250 function=- (GhidraScript)  
INFO  V15DecoderAnalysis.java> EVIDENCE_PCODE_CONST phase=exhaustive at=02026cd0 value=02057250 op=COPY text=mov r0,#0x2057250 function=- (GhidraScript)  
INFO  V15DecoderAnalysis.java> EVIDENCE_SCALAR phase=exhaustive at=020274fe value=02057250 text=mov r6,#0x2057250 function=- (GhidraScript)  
INFO  V15DecoderAnalysis.java> EVIDENCE_PCODE_CONST phase=exhaustive at=020274fe value=02057250 op=COPY text=mov r6,#0x2057250 function=- (GhidraScript)  
INFO  V15DecoderAnalysis.java> EVIDENCE_SCALAR phase=exhaustive at=0202789a value=02057250 text=mov r1,#0x2057250 function=- (GhidraScript)  
INFO  V15DecoderAnalysis.java> EVIDENCE_PCODE_CONST phase=exhaustive at=0202789a value=02057250 op=COPY text=mov r1,#0x2057250 function=- (GhidraScript)  
INFO  V15DecoderAnalysis.java> EVIDENCE_SCALAR phase=exhaustive at=02027b2a value=02057250 text=mov r6,#0x2057250 function=- (GhidraScript)  
INFO  V15DecoderAnalysis.java> EVIDENCE_PCODE_CONST phase=exhaustive at=02027b2a value=02057250 op=COPY text=mov r6,#0x2057250 function=- (GhidraScript)  
INFO  V15DecoderAnalysis.java> EVIDENCE_SCALAR phase=exhaustive at=02027efe value=02057250 text=mov r1,#0x2057250 function=- (GhidraScript)  
INFO  V15DecoderAnalysis.java> EVIDENCE_PCODE_CONST phase=exhaustive at=02027efe value=02057250 op=COPY text=mov r1,#0x2057250 function=- (GhidraScript)  
INFO  V15DecoderAnalysis.java> EVIDENCE_SCALAR phase=exhaustive at=02027fc2 value=02057250 text=mov r9,#0x2057250 function=- (GhidraScript)  
INFO  V15DecoderAnalysis.java> EVIDENCE_PCODE_CONST phase=exhaustive at=02027fc2 value=02057250 op=COPY text=mov r9,#0x2057250 function=- (GhidraScript)  
INFO  V15DecoderAnalysis.java> EVIDENCE_SCALAR phase=exhaustive at=020281b8 value=02057250 text=mov r9,#0x2057250 function=- (GhidraScript)  
INFO  V15DecoderAnalysis.java> EVIDENCE_PCODE_CONST phase=exhaustive at=020281b8 value=02057250 op=COPY text=mov r9,#0x2057250 function=- (GhidraScript)  
INFO  V15DecoderAnalysis.java> EVIDENCE_SCALAR phase=exhaustive at=0202850e value=02057250 text=mov r1,#0x2057250 function=- (GhidraScript)  
INFO  V15DecoderAnalysis.java> EVIDENCE_PCODE_CONST phase=exhaustive at=0202850e value=02057250 op=COPY text=mov r1,#0x2057250 function=- (GhidraScript)  
INFO  V15DecoderAnalysis.java> EVIDENCE_SCALAR phase=exhaustive at=02028542 value=02057250 text=mov r6,#0x2057250 function=- (GhidraScript)  
INFO  V15DecoderAnalysis.java> EVIDENCE_PCODE_CONST phase=exhaustive at=02028542 value=02057250 op=COPY text=mov r6,#0x2057250 function=- (GhidraScript)  
INFO  V15DecoderAnalysis.java> EVIDENCE_SCALAR phase=exhaustive at=020287da value=02057250 text=mov r1,#0x2057250 function=- (GhidraScript)  
INFO  V15DecoderAnalysis.java> EVIDENCE_PCODE_CONST phase=exhaustive at=020287da value=02057250 op=COPY text=mov r1,#0x2057250 function=- (GhidraScript)  
INFO  V15DecoderAnalysis.java> EVIDENCE_SCALAR phase=exhaustive at=0202883e value=02057250 text=mov r6,#0x2057250 function=- (GhidraScript)  
INFO  V15DecoderAnalysis.java> EVIDENCE_PCODE_CONST phase=exhaustive at=0202883e value=02057250 op=COPY text=mov r6,#0x2057250 function=- (GhidraScript)  
INFO  V15DecoderAnalysis.java> EVIDENCE_SCALAR phase=exhaustive at=02029a78 value=02057250 text=mov r1,#0x2057250 function=- (GhidraScript)  
INFO  V15DecoderAnalysis.java> EVIDENCE_PCODE_CONST phase=exhaustive at=02029a78 value=02057250 op=COPY text=mov r1,#0x2057250 function=- (GhidraScript)  
INFO  V15DecoderAnalysis.java> EVIDENCE_SCALAR phase=exhaustive at=02029dd2 value=02057b30 text=mov r4,#0x2057b30 function=- (GhidraScript)  
INFO  V15DecoderAnalysis.java> EVIDENCE_PCODE_CONST phase=exhaustive at=02029dd2 value=02057b30 op=COPY text=mov r4,#0x2057b30 function=- (GhidraScript)  
INFO  V15DecoderAnalysis.java> EVIDENCE_SCALAR phase=exhaustive at=0202c280 value=02057604 text=mov r9,#0x2057604 function=- (GhidraScript)  
INFO  V15DecoderAnalysis.java> EVIDENCE_PCODE_CONST phase=exhaustive at=0202c280 value=02057604 op=COPY text=mov r9,#0x2057604 function=- (GhidraScript)  
INFO  V15DecoderAnalysis.java> EVIDENCE_SCALAR phase=exhaustive at=0202cf80 value=02057250 text=mov r1,#0x2057250 function=- (GhidraScript)  
INFO  V15DecoderAnalysis.java> EVIDENCE_PCODE_CONST phase=exhaustive at=0202cf80 value=02057250 op=COPY text=mov r1,#0x2057250 function=- (GhidraScript)  
INFO  V15DecoderAnalysis.java> EVIDENCE_SCALAR phase=exhaustive at=0202d050 value=02057250 text=mov r15,#0x2057250 function=- (GhidraScript)  
INFO  V15DecoderAnalysis.java> EVIDENCE_PCODE_CONST phase=exhaustive at=0202d050 value=02057250 op=COPY text=mov r15,#0x2057250 function=- (GhidraScript)  
INFO  V15DecoderAnalysis.java> EVIDENCE_SCALAR phase=exhaustive at=0202d2e6 value=0205785b text=mov r0,#0x205785b function=- (GhidraScript)  
INFO  V15DecoderAnalysis.java> EVIDENCE_PCODE_CONST phase=exhaustive at=0202d2e6 value=0205785b op=COPY text=mov r0,#0x205785b function=- (GhidraScript)  
INFO  V15DecoderAnalysis.java> EVIDENCE_SCALAR phase=exhaustive at=0202d392 value=0205785b text=mov r0,#0x205785b function=- (GhidraScript)  
INFO  V15DecoderAnalysis.java> EVIDENCE_PCODE_CONST phase=exhaustive at=0202d392 value=0205785b op=COPY text=mov r0,#0x205785b function=- (GhidraScript)  
INFO  V15DecoderAnalysis.java> EVIDENCE_SCALAR phase=exhaustive at=0202d4bc value=02057614 text=mov r4,#0x2057614 function=- (GhidraScript)  
INFO  V15DecoderAnalysis.java> EVIDENCE_PCODE_CONST phase=exhaustive at=0202d4bc value=02057614 op=COPY text=mov r4,#0x2057614 function=- (GhidraScript)  
INFO  V15DecoderAnalysis.java> EVIDENCE_SCALAR phase=exhaustive at=0202d73e value=020579eb text=mov r1,#0x20579eb function=- (GhidraScript)  
INFO  V15DecoderAnalysis.java> EVIDENCE_PCODE_CONST phase=exhaustive at=0202d73e value=020579eb op=COPY text=mov r1,#0x20579eb function=- (GhidraScript)  
INFO  V15DecoderAnalysis.java> EVIDENCE_SCALAR phase=exhaustive at=0202d8c2 value=020572e2 text=mov r6,#0x20572e2 function=FUN_0202d8b8@0202d8b8 (GhidraScript)  
INFO  V15DecoderAnalysis.java> EVIDENCE_PCODE_CONST phase=exhaustive at=0202d8c2 value=020572e2 op=COPY text=mov r6,#0x20572e2 function=FUN_0202d8b8@0202d8b8 (GhidraScript)  
INFO  V15DecoderAnalysis.java> EVIDENCE_SCALAR phase=exhaustive at=0202da60 value=02057a74 text=mov r5,#0x2057a74 function=- (GhidraScript)  
INFO  V15DecoderAnalysis.java> EVIDENCE_PCODE_CONST phase=exhaustive at=0202da60 value=02057a74 op=COPY text=mov r5,#0x2057a74 function=- (GhidraScript)  
INFO  V15DecoderAnalysis.java> EVIDENCE_SCALAR phase=exhaustive at=0202dbce value=020579eb text=mov r5,#0x20579eb function=- (GhidraScript)  
INFO  V15DecoderAnalysis.java> EVIDENCE_PCODE_CONST phase=exhaustive at=0202dbce value=020579eb op=COPY text=mov r5,#0x20579eb function=- (GhidraScript)  
INFO  V15DecoderAnalysis.java> EVIDENCE_SCALAR phase=exhaustive at=0202e3cc value=02057285 text=mov r10,#0x2057285 function=- (GhidraScript)  
INFO  V15DecoderAnalysis.java> EVIDENCE_PCODE_CONST phase=exhaustive at=0202e3cc value=02057285 op=COPY text=mov r10,#0x2057285 function=- (GhidraScript)  
INFO  V15DecoderAnalysis.java> EVIDENCE_SCALAR phase=exhaustive at=020302ca value=0205793c text=mov r1,#0x205793c function=- (GhidraScript)  
INFO  V15DecoderAnalysis.java> EVIDENCE_PCODE_CONST phase=exhaustive at=020302ca value=0205793c op=COPY text=mov r1,#0x205793c function=- (GhidraScript)  
INFO  V15DecoderAnalysis.java> EVIDENCE_SCALAR phase=exhaustive at=020359be value=0205735e text=mov r4,#0x205735e function=FUN_020359a0@020359a0 (GhidraScript)  
INFO  V15DecoderAnalysis.java> EVIDENCE_PCODE_CONST phase=exhaustive at=020359be value=0205735e op=COPY text=mov r4,#0x205735e function=FUN_020359a0@020359a0 (GhidraScript)  
INFO  V15DecoderAnalysis.java> EVIDENCE_SCALAR phase=exhaustive at=02035ee6 value=020572fe text=mov r10,#0x20572fe function=FUN_02035ede@02035ede (GhidraScript)  
INFO  V15DecoderAnalysis.java> EVIDENCE_PCODE_CONST phase=exhaustive at=02035ee6 value=020572fe op=COPY text=mov r10,#0x20572fe function=FUN_02035ede@02035ede (GhidraScript)  
INFO  V15DecoderAnalysis.java> EVIDENCE_SCALAR phase=exhaustive at=020369f4 value=0205749b text=mov r0,#0x205749b function=- (GhidraScript)  
INFO  V15DecoderAnalysis.java> EVIDENCE_PCODE_CONST phase=exhaustive at=020369f4 value=0205749b op=COPY text=mov r0,#0x205749b function=- (GhidraScript)  
INFO  V15DecoderAnalysis.java> EVIDENCE_SCALAR phase=exhaustive at=02036c00 value=0205733a text=mov r12,#0x205733a function=- (GhidraScript)  
INFO  V15DecoderAnalysis.java> EVIDENCE_PCODE_CONST phase=exhaustive at=02036c00 value=0205733a op=COPY text=mov r12,#0x205733a function=- (GhidraScript)  
INFO  V15DecoderAnalysis.java> EVIDENCE_SCALAR phase=exhaustive at=02037004 value=020576fd text=mov r8,#0x20576fd function=- (GhidraScript)  
INFO  V15DecoderAnalysis.java> EVIDENCE_PCODE_CONST phase=exhaustive at=02037004 value=020576fd op=COPY text=mov r8,#0x20576fd function=- (GhidraScript)  
INFO  V15DecoderAnalysis.java> EVIDENCE_SCALAR phase=exhaustive at=020372b0 value=020577a6 text=mov r0,#0x20577a6 function=- (GhidraScript)  
INFO  V15DecoderAnalysis.java> EVIDENCE_PCODE_CONST phase=exhaustive at=020372b0 value=020577a6 op=COPY text=mov r0,#0x20577a6 function=- (GhidraScript)  
INFO  V15DecoderAnalysis.java> EVIDENCE_SCALAR phase=exhaustive at=02037338 value=020576fd text=mov r8,#0x20576fd function=FUN_02037334@02037334 (GhidraScript)  
INFO  V15DecoderAnalysis.java> EVIDENCE_PCODE_CONST phase=exhaustive at=02037338 value=020576fd op=COPY text=mov r8,#0x20576fd function=FUN_02037334@02037334 (GhidraScript)  
INFO  V15DecoderAnalysis.java> EVIDENCE_SCALAR phase=exhaustive at=0203750a value=020572fe text=mov r4,#0x20572fe function=- (GhidraScript)  
INFO  V15DecoderAnalysis.java> EVIDENCE_PCODE_CONST phase=exhaustive at=0203750a value=020572fe op=COPY text=mov r4,#0x20572fe function=- (GhidraScript)  
INFO  V15DecoderAnalysis.java> EVIDENCE_SCALAR phase=exhaustive at=02037d68 value=02057d70 text=mov r6,#0x2057d70 function=- (GhidraScript)  
INFO  V15DecoderAnalysis.java> EVIDENCE_PCODE_CONST phase=exhaustive at=02037d68 value=02057d70 op=COPY text=mov r6,#0x2057d70 function=- (GhidraScript)  
INFO  V15DecoderAnalysis.java> EVIDENCE_SCALAR phase=exhaustive at=02038c00 value=0205761c text=mov r1,#0x205761c function=FUN_02038be6@02038be6 (GhidraScript)  
INFO  V15DecoderAnalysis.java> EVIDENCE_PCODE_CONST phase=exhaustive at=02038c00 value=0205761c op=COPY text=mov r1,#0x205761c function=FUN_02038be6@02038be6 (GhidraScript)  
INFO  V15DecoderAnalysis.java> EVIDENCE_SCALAR phase=exhaustive at=0203a00a value=02057302 text=mov r2,#0x2057302 function=- (GhidraScript)  
INFO  V15DecoderAnalysis.java> EVIDENCE_PCODE_CONST phase=exhaustive at=0203a00a value=02057302 op=COPY text=mov r2,#0x2057302 function=- (GhidraScript)  
INFO  V15DecoderAnalysis.java> EVIDENCE_SCALAR phase=exhaustive at=0203a058 value=02057302 text=mov r0,#0x2057302 function=- (GhidraScript)  
INFO  V15DecoderAnalysis.java> EVIDENCE_PCODE_CONST phase=exhaustive at=0203a058 value=02057302 op=COPY text=mov r0,#0x2057302 function=- (GhidraScript)  
INFO  V15DecoderAnalysis.java> EVIDENCE_SCALAR phase=exhaustive at=0203a080 value=02057302 text=mov r0,#0x2057302 function=- (GhidraScript)  
INFO  V15DecoderAnalysis.java> EVIDENCE_PCODE_CONST phase=exhaustive at=0203a080 value=02057302 op=COPY text=mov r0,#0x2057302 function=- (GhidraScript)  
INFO  V15DecoderAnalysis.java> EVIDENCE_SCALAR phase=exhaustive at=0203a09c value=02057302 text=mov r0,#0x2057302 function=- (GhidraScript)  
INFO  V15DecoderAnalysis.java> EVIDENCE_PCODE_CONST phase=exhaustive at=0203a09c value=02057302 op=COPY text=mov r0,#0x2057302 function=- (GhidraScript)  
INFO  V15DecoderAnalysis.java> EVIDENCE_SCALAR phase=exhaustive at=0203a0ec value=0205761c text=mov r9,#0x205761c function=- (GhidraScript)  
INFO  V15DecoderAnalysis.java> EVIDENCE_PCODE_CONST phase=exhaustive at=0203a0ec value=0205761c op=COPY text=mov r9,#0x205761c function=- (GhidraScript)  
INFO  V15DecoderAnalysis.java> EVIDENCE_SCALAR phase=exhaustive at=0203bb50 value=02057d84 text=mov r0,#0x2057d84 function=- (GhidraScript)  
INFO  V15DecoderAnalysis.java> EVIDENCE_PCODE_CONST phase=exhaustive at=0203bb50 value=02057d84 op=COPY text=mov r0,#0x2057d84 function=- (GhidraScript)  
INFO  V15DecoderAnalysis.java> EVIDENCE_SCALAR phase=exhaustive at=0203e15e value=0205735e text=mov r7,#0x205735e function=- (GhidraScript)  
INFO  V15DecoderAnalysis.java> EVIDENCE_PCODE_CONST phase=exhaustive at=0203e15e value=0205735e op=COPY text=mov r7,#0x205735e function=- (GhidraScript)  
INFO  V15DecoderAnalysis.java> EVIDENCE_SCALAR phase=exhaustive at=0203e39a value=02057a82 text=mov r0,#0x2057a82 function=- (GhidraScript)  
INFO  V15DecoderAnalysis.java> EVIDENCE_PCODE_CONST phase=exhaustive at=0203e39a value=02057a82 op=COPY text=mov r0,#0x2057a82 function=- (GhidraScript)  
INFO  V15DecoderAnalysis.java> EVIDENCE_SCALAR phase=exhaustive at=0203e640 value=020574d2 text=mov r4,#0x20574d2 function=- (GhidraScript)  
INFO  V15DecoderAnalysis.java> EVIDENCE_PCODE_CONST phase=exhaustive at=0203e640 value=020574d2 op=COPY text=mov r4,#0x20574d2 function=- (GhidraScript)  
INFO  V15DecoderAnalysis.java> EVIDENCE_SCALAR phase=exhaustive at=0203e75a value=0205736e text=mov r7,#0x205736e function=FUN_0203e754@0203e754 (GhidraScript)  
INFO  V15DecoderAnalysis.java> EVIDENCE_PCODE_CONST phase=exhaustive at=0203e75a value=0205736e op=COPY text=mov r7,#0x205736e function=FUN_0203e754@0203e754 (GhidraScript)  
INFO  V15DecoderAnalysis.java> EVIDENCE_REF phase=exhaustive from=0203e760 text=add r1,r7,#0xc to=0205737a type=PARAM function=FUN_0203e754@0203e754 (GhidraScript)  
INFO  V15DecoderAnalysis.java> EVIDENCE_SCALAR phase=exhaustive at=0203e9fc value=02057376 text=mov r3,#0x2057376 function=- (GhidraScript)  
INFO  V15DecoderAnalysis.java> EVIDENCE_PCODE_CONST phase=exhaustive at=0203e9fc value=02057376 op=COPY text=mov r3,#0x2057376 function=- (GhidraScript)  
INFO  V15DecoderAnalysis.java> EVIDENCE_SCALAR phase=exhaustive at=0203eae4 value=02057376 text=mov r0,#0x2057376 function=- (GhidraScript)  
INFO  V15DecoderAnalysis.java> EVIDENCE_PCODE_CONST phase=exhaustive at=0203eae4 value=02057376 op=COPY text=mov r0,#0x2057376 function=- (GhidraScript)  
INFO  V15DecoderAnalysis.java> EVIDENCE_SCALAR phase=exhaustive at=0203eb10 value=02057376 text=mov r1,#0x2057376 function=- (GhidraScript)  
INFO  V15DecoderAnalysis.java> EVIDENCE_PCODE_CONST phase=exhaustive at=0203eb10 value=02057376 op=COPY text=mov r1,#0x2057376 function=- (GhidraScript)  
INFO  V15DecoderAnalysis.java> EVIDENCE_SCALAR phase=exhaustive at=0203eb64 value=02057376 text=mov r0,#0x2057376 function=- (GhidraScript)  
INFO  V15DecoderAnalysis.java> EVIDENCE_PCODE_CONST phase=exhaustive at=0203eb64 value=02057376 op=COPY text=mov r0,#0x2057376 function=- (GhidraScript)  
INFO  V15DecoderAnalysis.java> EVIDENCE_SCALAR phase=exhaustive at=0203eb7e value=02057376 text=mov r1,#0x2057376 function=- (GhidraScript)  
INFO  V15DecoderAnalysis.java> EVIDENCE_PCODE_CONST phase=exhaustive at=0203eb7e value=02057376 op=COPY text=mov r1,#0x2057376 function=- (GhidraScript)  
INFO  V15DecoderAnalysis.java> EVIDENCE_SCALAR phase=exhaustive at=0203ebdc value=02057376 text=mov r2,#0x2057376 function=- (GhidraScript)  
INFO  V15DecoderAnalysis.java> EVIDENCE_PCODE_CONST phase=exhaustive at=0203ebdc value=02057376 op=COPY text=mov r2,#0x2057376 function=- (GhidraScript)  
INFO  V15DecoderAnalysis.java> EVIDENCE_SCALAR phase=exhaustive at=0203ec38 value=02057376 text=mov r2,#0x2057376 function=- (GhidraScript)  
INFO  V15DecoderAnalysis.java> EVIDENCE_PCODE_CONST phase=exhaustive at=0203ec38 value=02057376 op=COPY text=mov r2,#0x2057376 function=- (GhidraScript)  
INFO  V15DecoderAnalysis.java> EVIDENCE_SCALAR phase=exhaustive at=0203ed0c value=02057376 text=mov r2,#0x2057376 function=- (GhidraScript)  
INFO  V15DecoderAnalysis.java> EVIDENCE_PCODE_CONST phase=exhaustive at=0203ed0c value=02057376 op=COPY text=mov r2,#0x2057376 function=- (GhidraScript)  
INFO  V15DecoderAnalysis.java> EVIDENCE_SCALAR phase=exhaustive at=0203eea0 value=02057376 text=mov r0,#0x2057376 function=- (GhidraScript)  
INFO  V15DecoderAnalysis.java> EVIDENCE_PCODE_CONST phase=exhaustive at=0203eea0 value=02057376 op=COPY text=mov r0,#0x2057376 function=- (GhidraScript)  
INFO  V15DecoderAnalysis.java> EVIDENCE_SCALAR phase=exhaustive at=0203f12a value=02057366 text=mov r11,#0x2057366 function=- (GhidraScript)  
INFO  V15DecoderAnalysis.java> EVIDENCE_PCODE_CONST phase=exhaustive at=0203f12a value=02057366 op=COPY text=mov r11,#0x2057366 function=- (GhidraScript)  
INFO  V15DecoderAnalysis.java> EVIDENCE_SCALAR phase=exhaustive at=0203fdc6 value=0205739e text=mov r8,#0x205739e function=- (GhidraScript)  
INFO  V15DecoderAnalysis.java> EVIDENCE_PCODE_CONST phase=exhaustive at=0203fdc6 value=0205739e op=COPY text=mov r8,#0x205739e function=- (GhidraScript)  
INFO  V15DecoderAnalysis.java> EVIDENCE_SCALAR phase=exhaustive at=020409e2 value=02057396 text=mov r6,#0x2057396 function=- (GhidraScript)  
INFO  V15DecoderAnalysis.java> EVIDENCE_PCODE_CONST phase=exhaustive at=020409e2 value=02057396 op=COPY text=mov r6,#0x2057396 function=- (GhidraScript)  
INFO  V15DecoderAnalysis.java> EVIDENCE_SCALAR phase=exhaustive at=02040bf0 value=02057396 text=mov r0,#0x2057396 function=- (GhidraScript)  
INFO  V15DecoderAnalysis.java> EVIDENCE_PCODE_CONST phase=exhaustive at=02040bf0 value=02057396 op=COPY text=mov r0,#0x2057396 function=- (GhidraScript)  
INFO  V15DecoderAnalysis.java> EVIDENCE_SCALAR phase=exhaustive at=02041212 value=020577ce text=mov r5,#0x20577ce function=- (GhidraScript)  
INFO  V15DecoderAnalysis.java> EVIDENCE_PCODE_CONST phase=exhaustive at=02041212 value=020577ce op=COPY text=mov r5,#0x20577ce function=- (GhidraScript)  
INFO  V15DecoderAnalysis.java> EVIDENCE_SCALAR phase=exhaustive at=02041ed6 value=02057396 text=mov r8,#0x2057396 function=- (GhidraScript)  
INFO  V15DecoderAnalysis.java> EVIDENCE_PCODE_CONST phase=exhaustive at=02041ed6 value=02057396 op=COPY text=mov r8,#0x2057396 function=- (GhidraScript)  
INFO  V15DecoderAnalysis.java> EVIDENCE_SCALAR phase=exhaustive at=020422b0 value=020574ea text=mov r1,#0x20574ea function=- (GhidraScript)  
INFO  V15DecoderAnalysis.java> EVIDENCE_PCODE_CONST phase=exhaustive at=020422b0 value=020574ea op=COPY text=mov r1,#0x20574ea function=- (GhidraScript)  
INFO  V15DecoderAnalysis.java> EVIDENCE_SCALAR phase=exhaustive at=02042904 value=020574ea text=mov r5,#0x20574ea function=- (GhidraScript)  
INFO  V15DecoderAnalysis.java> EVIDENCE_PCODE_CONST phase=exhaustive at=02042904 value=020574ea op=COPY text=mov r5,#0x20574ea function=- (GhidraScript)  
INFO  V15DecoderAnalysis.java> EVIDENCE_SCALAR phase=exhaustive at=02042ad2 value=020573aa text=mov r10,#0x20573aa function=- (GhidraScript)  
INFO  V15DecoderAnalysis.java> EVIDENCE_PCODE_CONST phase=exhaustive at=02042ad2 value=020573aa op=COPY text=mov r10,#0x20573aa function=- (GhidraScript)  
INFO  V15DecoderAnalysis.java> EVIDENCE_SCALAR phase=exhaustive at=02042c44 value=020574f0 text=mov r6,#0x20574f0 function=- (GhidraScript)  
INFO  V15DecoderAnalysis.java> EVIDENCE_PCODE_CONST phase=exhaustive at=02042c44 value=020574f0 op=COPY text=mov r6,#0x20574f0 function=- (GhidraScript)  
INFO  V15DecoderAnalysis.java> EVIDENCE_SCALAR phase=exhaustive at=02043024 value=020574fc text=mov r0,#0x20574fc function=- (GhidraScript)  
INFO  V15DecoderAnalysis.java> EVIDENCE_PCODE_CONST phase=exhaustive at=02043024 value=020574fc op=COPY text=mov r0,#0x20574fc function=- (GhidraScript)  
INFO  V15DecoderAnalysis.java> EVIDENCE_SCALAR phase=exhaustive at=020432a6 value=020574f0 text=mov r10,#0x20574f0 function=- (GhidraScript)  
INFO  V15DecoderAnalysis.java> EVIDENCE_PCODE_CONST phase=exhaustive at=020432a6 value=020574f0 op=COPY text=mov r10,#0x20574f0 function=- (GhidraScript)  
INFO  V15DecoderAnalysis.java> EVIDENCE_SCALAR phase=exhaustive at=0204359e value=0205742b text=mov r6,#0x205742b function=- (GhidraScript)  
INFO  V15DecoderAnalysis.java> EVIDENCE_PCODE_CONST phase=exhaustive at=0204359e value=0205742b op=COPY text=mov r6,#0x205742b function=- (GhidraScript)  
INFO  V15DecoderAnalysis.java> EVIDENCE_SCALAR phase=exhaustive at=020436cc value=02057234 text=mov r12,#0x2057234 function=- (GhidraScript)  
INFO  V15DecoderAnalysis.java> EVIDENCE_PCODE_CONST phase=exhaustive at=020436cc value=02057234 op=COPY text=mov r12,#0x2057234 function=- (GhidraScript)  
INFO  V15DecoderAnalysis.java> EVIDENCE_SCALAR phase=exhaustive at=02043eb8 value=02057234 text=mov r9,#0x2057234 function=- (GhidraScript)  
INFO  V15DecoderAnalysis.java> EVIDENCE_PCODE_CONST phase=exhaustive at=02043eb8 value=02057234 op=COPY text=mov r9,#0x2057234 function=- (GhidraScript)  
INFO  V15DecoderAnalysis.java> EVIDENCE_SCALAR phase=exhaustive at=020441e2 value=0205742b text=mov r11,#0x205742b function=- (GhidraScript)  
INFO  V15DecoderAnalysis.java> EVIDENCE_PCODE_CONST phase=exhaustive at=020441e2 value=0205742b op=COPY text=mov r11,#0x205742b function=- (GhidraScript)  
INFO  V15DecoderAnalysis.java> EVIDENCE_SCALAR phase=exhaustive at=02044500 value=0205742b text=mov r6,#0x205742b function=- (GhidraScript)  
INFO  V15DecoderAnalysis.java> EVIDENCE_PCODE_CONST phase=exhaustive at=02044500 value=0205742b op=COPY text=mov r6,#0x205742b function=- (GhidraScript)  
INFO  V15DecoderAnalysis.java> EVIDENCE_SCALAR phase=exhaustive at=02044762 value=0205742b text=mov r10,#0x205742b function=- (GhidraScript)  
INFO  V15DecoderAnalysis.java> EVIDENCE_PCODE_CONST phase=exhaustive at=02044762 value=0205742b op=COPY text=mov r10,#0x205742b function=- (GhidraScript)  
INFO  V15DecoderAnalysis.java> EVIDENCE_SCALAR phase=exhaustive at=0204487c value=020571f0 text=mov r1,#0x20571f0 function=- (GhidraScript)  
INFO  V15DecoderAnalysis.java> EVIDENCE_PCODE_CONST phase=exhaustive at=0204487c value=020571f0 op=COPY text=mov r1,#0x20571f0 function=- (GhidraScript)  
INFO  V15DecoderAnalysis.java> EVIDENCE_SCALAR phase=exhaustive at=0204532c value=02057250 text=mov r3,#0x2057250 function=- (GhidraScript)  
INFO  V15DecoderAnalysis.java> EVIDENCE_PCODE_CONST phase=exhaustive at=0204532c value=02057250 op=COPY text=mov r3,#0x2057250 function=- (GhidraScript)  
INFO  V15DecoderAnalysis.java> EVIDENCE_SCALAR phase=exhaustive at=02045684 value=0205739a text=mov r14,#0x205739a function=- (GhidraScript)  
INFO  V15DecoderAnalysis.java> EVIDENCE_PCODE_CONST phase=exhaustive at=02045684 value=0205739a op=COPY text=mov r14,#0x205739a function=- (GhidraScript)  
INFO  V15DecoderAnalysis.java> EVIDENCE_SCALAR phase=exhaustive at=02045954 value=0205739a text=mov r10,#0x205739a function=- (GhidraScript)  
INFO  V15DecoderAnalysis.java> EVIDENCE_PCODE_CONST phase=exhaustive at=02045954 value=0205739a op=COPY text=mov r10,#0x205739a function=- (GhidraScript)  
INFO  V15DecoderAnalysis.java> EVIDENCE_SCALAR phase=exhaustive at=02045c34 value=0205739e text=mov r5,#0x205739e function=- (GhidraScript)  
INFO  V15DecoderAnalysis.java> EVIDENCE_PCODE_CONST phase=exhaustive at=02045c34 value=0205739e op=COPY text=mov r5,#0x205739e function=- (GhidraScript)  
INFO  V15DecoderAnalysis.java> EVIDENCE_SCALAR phase=exhaustive at=02045c60 value=02057250 text=mov r6,#0x2057250 function=FUN_02045c5a@02045c5a (GhidraScript)  
INFO  V15DecoderAnalysis.java> EVIDENCE_PCODE_CONST phase=exhaustive at=02045c60 value=02057250 op=COPY text=mov r6,#0x2057250 function=FUN_02045c5a@02045c5a (GhidraScript)  
INFO  V15DecoderAnalysis.java> EVIDENCE_SCALAR phase=exhaustive at=0204609c value=0205739e text=mov r7,#0x205739e function=FUN_02046094@02046094 (GhidraScript)  
INFO  V15DecoderAnalysis.java> EVIDENCE_PCODE_CONST phase=exhaustive at=0204609c value=0205739e op=COPY text=mov r7,#0x205739e function=FUN_02046094@02046094 (GhidraScript)  
INFO  V15DecoderAnalysis.java> EVIDENCE_REF phase=exhaustive from=020460a2 text=mov r1,r7 to=0205739e type=PARAM function=FUN_02046094@02046094 (GhidraScript)  
INFO  V15DecoderAnalysis.java> EVIDENCE_SCALAR phase=exhaustive at=02046206 value=02057250 text=mov r13,#0x2057250 function=- (GhidraScript)  
INFO  V15DecoderAnalysis.java> EVIDENCE_PCODE_CONST phase=exhaustive at=02046206 value=02057250 op=COPY text=mov r13,#0x2057250 function=- (GhidraScript)  
INFO  V15DecoderAnalysis.java> EVIDENCE_SCALAR phase=exhaustive at=0204691a value=0205739e text=mov r6,#0x205739e function=FUN_02046914@02046914 (GhidraScript)  
INFO  V15DecoderAnalysis.java> EVIDENCE_PCODE_CONST phase=exhaustive at=0204691a value=0205739e op=COPY text=mov r6,#0x205739e function=FUN_02046914@02046914 (GhidraScript)  
INFO  V15DecoderAnalysis.java> EVIDENCE_REF phase=exhaustive from=02046920 text=mov r1,r6 to=0205739e type=PARAM function=FUN_02046914@02046914 (GhidraScript)  
INFO  V15DecoderAnalysis.java> EVIDENCE_SCALAR phase=exhaustive at=020469ea value=0205739e text=mov r5,#0x205739e function=- (GhidraScript)  
INFO  V15DecoderAnalysis.java> EVIDENCE_PCODE_CONST phase=exhaustive at=020469ea value=0205739e op=COPY text=mov r5,#0x205739e function=- (GhidraScript)  
INFO  V15DecoderAnalysis.java> EVIDENCE_SCALAR phase=exhaustive at=02046b96 value=02057250 text=mov r8,#0x2057250 function=- (GhidraScript)  
INFO  V15DecoderAnalysis.java> EVIDENCE_PCODE_CONST phase=exhaustive at=02046b96 value=02057250 op=COPY text=mov r8,#0x2057250 function=- (GhidraScript)  
INFO  V15DecoderAnalysis.java> EVIDENCE_SCALAR phase=exhaustive at=02046cf6 value=0205739e text=mov r0,#0x205739e function=- (GhidraScript)  
INFO  V15DecoderAnalysis.java> EVIDENCE_PCODE_CONST phase=exhaustive at=02046cf6 value=0205739e op=COPY text=mov r0,#0x205739e function=- (GhidraScript)  
INFO  V15DecoderAnalysis.java> EVIDENCE_SCALAR phase=exhaustive at=02046f5a value=0205739e text=mov r3,#0x205739e function=- (GhidraScript)  
INFO  V15DecoderAnalysis.java> EVIDENCE_PCODE_CONST phase=exhaustive at=02046f5a value=0205739e op=COPY text=mov r3,#0x205739e function=- (GhidraScript)  
INFO  V15DecoderAnalysis.java> EVIDENCE_SCALAR phase=exhaustive at=02047004 value=0205739e text=mov r1,#0x205739e function=- (GhidraScript)  
INFO  V15DecoderAnalysis.java> EVIDENCE_PCODE_CONST phase=exhaustive at=02047004 value=0205739e op=COPY text=mov r1,#0x205739e function=- (GhidraScript)  
INFO  V15DecoderAnalysis.java> EVIDENCE_REF phase=exhaustive from=02056d8c text=goto 0x0205723a to=0205723a type=UNCONDITIONAL_JUMP function=- (GhidraScript)  
INFO  V15DecoderAnalysis.java> EVIDENCE_REF phase=exhaustive from=02056e30 text=goto 0x02057534 to=02057534 type=UNCONDITIONAL_JUMP function=- (GhidraScript)  
INFO  V15DecoderAnalysis.java> EVIDENCE_REF phase=exhaustive from=02056ebc text=goto 0x02057262 to=02057262 type=UNCONDITIONAL_JUMP function=- (GhidraScript)  
INFO  V15DecoderAnalysis.java> PHASE exhaustive (GhidraScript)  
INFO  V15DecoderAnalysis.java> METRIC phase=exhaustive key=instruction_count value=91248 (GhidraScript)  
INFO  V15DecoderAnalysis.java> METRIC phase=exhaustive key=instruction_bytes value=213736 (GhidraScript)  
INFO  V15DecoderAnalysis.java> METRIC phase=exhaustive key=code_region_bytes value=356352 (GhidraScript)  
INFO  V15DecoderAnalysis.java> METRIC phase=exhaustive key=undecoded_even_slots value=71308 (GhidraScript)  
INFO  V15DecoderAnalysis.java> METRIC phase=exhaustive key=function_count value=1375 (GhidraScript)  
INFO  V15DecoderAnalysis.java> METRIC phase=exhaustive key=call_instruction_count value=7370 (GhidraScript)  
INFO  V15DecoderAnalysis.java> METRIC phase=exhaustive key=direct_call_reference_count value=6720 (GhidraScript)  
INFO  V15DecoderAnalysis.java> METRIC phase=exhaustive key=branch_instruction_count value=10679 (GhidraScript)  
INFO  V15DecoderAnalysis.java> METRIC phase=exhaustive key=computed_flow_count value=552 (GhidraScript)  
INFO  V15DecoderAnalysis.java> METRIC phase=exhaustive key=no_pcode_instruction_count value=1043 (GhidraScript)  
INFO  V15DecoderAnalysis.java> METRIC phase=exhaustive key=pcode_exception_count value=0 (GhidraScript)  
INFO  V15DecoderAnalysis.java> METRIC phase=exhaustive key=evidence_reference_count value=6 (GhidraScript)  
INFO  V15DecoderAnalysis.java> METRIC phase=exhaustive key=evidence_scalar_count value=178 (GhidraScript)  
INFO  V15DecoderAnalysis.java> METRIC phase=exhaustive key=evidence_pcode_constant_count value=178 (GhidraScript)  
INFO  V15DecoderAnalysis.java> HISTOGRAM phase=exhaustive key=instruction_size value={2=79497, 4=7882, 6=3869} (GhidraScript)  
INFO  V15DecoderAnalysis.java> HISTOGRAM phase=exhaustive key=mnemonic value={add=9263, and=38, bitclr=207, bitset=528, bittgl=249, bkpt=133, btbclr=11, call=7223, clc=32, cli=559, clr=359, csync=1033, flush=86, flushinv=64, goto=3559, hbkpt=171, idle=386, iflush=156, jeq=811, jnz=2012, jz=3892, lb.z=3000, lh.z=2113, lockclr=260, lockset=145, lsl=1724, lsr=923, lw=8229, mov=19058, movh=27, movl=85, movz=2229, mul=695, nop=4436, not=145, or=400, pfetch=437, pop=1486, push=1214, qasl=301, qasr=502, rep=1478, rte=9, rti=57, rts=521, rtx=20, sb=2020, sh=1366, ssync=20, stc=7, sti=1553, sub=915, sw=2482, swi=295, sxtb=71, sxth=499, syscall=34, tbb=446, tbh=106, testset=367, uxtb=478, uxth=266, xor=57} (GhidraScript)  
INFO  V15DecoderAnalysis.java> TARGET_XREF_COUNT phase=exhaustive target=midi_route_ascii exact=0 interior=0 (GhidraScript)  
INFO  V15DecoderAnalysis.java> TARGET_XREF_COUNT phase=exhaustive target=midi_streaming_interface exact=0 interior=0 (GhidraScript)  
INFO  V15DecoderAnalysis.java> TARGET_XREF_COUNT phase=exhaustive target=midi_streaming_header exact=0 interior=0 (GhidraScript)  
INFO  V15DecoderAnalysis.java> TARGET_XREF_COUNT phase=exhaustive target=usb_midi_cin_payload_lengths exact=0 interior=0 (GhidraScript)  
INFO  V15DecoderAnalysis.java> TARGET_XREF_COUNT phase=exhaustive target=usb_device_descriptor exact=0 interior=0 (GhidraScript)  
INFO  V15DecoderAnalysis.java> TARGET_XREF_COUNT phase=exhaustive target=midi_product_utf16le exact=0 interior=0 (GhidraScript)  
INFO  V15DecoderAnalysis.java> TARGET_XREF_COUNT phase=exhaustive target=midi_in_endpoint exact=0 interior=0 (GhidraScript)  
INFO  V15DecoderAnalysis.java> TARGET_XREF_COUNT phase=exhaustive target=midi_in_cs_endpoint exact=0 interior=0 (GhidraScript)  
INFO  V15DecoderAnalysis.java> TARGET_XREF_COUNT phase=exhaustive target=midi_out_endpoint exact=0 interior=0 (GhidraScript)  
INFO  V15DecoderAnalysis.java> TARGET_XREF_COUNT phase=exhaustive target=midi_out_cs_endpoint exact=0 interior=0 (GhidraScript)  
INFO  V15DecoderAnalysis.java> TARGET_XREF_COUNT phase=exhaustive target=midi_jack_graph exact=0 interior=0 (GhidraScript)  
INFO  V15DecoderAnalysis.java> LISTING phase=exhaustive path=/Users/spectrum/Documents/SMK37ProMod/baselines/v15/analysis/quarkslab/results/kagaimiq-patched-exhaustive-listing.tsv (GhidraScript)  
INFO  ANALYZING changes made by post scripts: file:///Users/spectrum/Documents/SMK37ProMod/build/v15-official-app.bin (HeadlessAnalyzer)  
INFO  REPORT: Post-analysis succeeded for file: file:///Users/spectrum/Documents/SMK37ProMod/build/v15-official-app.bin (HeadlessAnalyzer)  
INFO  /v15-official-app.bin: file created (spectrum) (LocalFileSystem)  
INFO  REPORT: Save succeeded for: /v15-official-app.bin (v15-20260802T091433Z-kagaimiq-patched:/v15-official-app.bin) (HeadlessAnalyzer)  
INFO  REPORT: Import succeeded (HeadlessAnalyzer)  
