Picked up JAVA_TOOL_OPTIONS: -Duser.home=/Users/spectrum/.jcode/scratch/smk37-v15-quarkslab/home-quarkslab-full2
Picked up JAVA_TOOL_OPTIONS: -Duser.home=/Users/spectrum/.jcode/scratch/smk37-v15-quarkslab/home-quarkslab-full2
Picked up JAVA_TOOL_OPTIONS: -Duser.home=/Users/spectrum/.jcode/scratch/smk37-v15-quarkslab/home-quarkslab-full2
Picked up JAVA_TOOL_OPTIONS: -Duser.home=/Users/spectrum/.jcode/scratch/smk37-v15-quarkslab/home-quarkslab-full2
openjdk version "21.0.11" 2026-04-21
OpenJDK Runtime Environment Homebrew (build 21.0.11)
OpenJDK 64-Bit Server VM Homebrew (build 21.0.11, mixed mode)
INFO  Using log config file: jar:file:/Users/spectrum/.jcode/scratch/smk37-v15-quarkslab/ghidra-quarkslab/Ghidra/Framework/Generic/lib/Generic.jar!/generic.log4j.xml (LoggingInitialization)  
INFO  Using log file: /Users/spectrum/.jcode/scratch/smk37-v15-quarkslab/home-quarkslab-full2/Library/ghidra/ghidra_12.1.2_PUBLIC/application.log (LoggingInitialization)  
INFO  Loading user preferences: /Users/spectrum/.jcode/scratch/smk37-v15-quarkslab/home-quarkslab-full2/Library/ghidra/ghidra_12.1.2_PUBLIC/preferences (Preferences)  
INFO  Searching for classes... (ClassSearcher)  
INFO  Class search complete (792 ms) (ClassSearcher)  
INFO  Initializing SSL Context (DefaultSSLContextInitializer)  
INFO  Initializing Random Number Generator... (SecureRandomFactory)  
INFO  Random Number Generator initialization complete: NativePRNGNonBlocking (SecureRandomFactory)  
INFO  Trust manager disabled, cacerts have not been set (DefaultTrustManagerFactory)  
INFO  Headless startup complete (1834 ms) (AnalyzeHeadless)  
INFO  Class searcher loaded 92 extension points (46 false positives) (ClassSearcher)  
INFO  HEADLESS Script Paths:
    /Users/spectrum/.jcode/scratch/smk37-v15-quarkslab/ghidra-quarkslab/Ghidra/Features/FileFormats/ghidra_scripts
    /Users/spectrum/.jcode/scratch/smk37-v15-quarkslab/ghidra-quarkslab/Ghidra/Features/PDB/ghidra_scripts
    /Users/spectrum/.jcode/scratch/smk37-v15-quarkslab/ghidra-quarkslab/Ghidra/Features/WildcardAssembler/ghidra_scripts
    /Users/spectrum/.jcode/scratch/smk37-v15-quarkslab/ghidra-quarkslab/Ghidra/Features/SystemEmulation/ghidra_scripts
    /Users/spectrum/.jcode/scratch/smk37-v15-quarkslab/ghidra-quarkslab/Ghidra/Processors/Atmel/ghidra_scripts
    /Users/spectrum/.jcode/scratch/smk37-v15-quarkslab/ghidra-quarkslab/Ghidra/Features/BytePatterns/ghidra_scripts
    /Users/spectrum/.jcode/scratch/smk37-v15-quarkslab/ghidra-quarkslab/Ghidra/Processors/8051/ghidra_scripts
    /Users/spectrum/.jcode/scratch/smk37-v15-quarkslab/ghidra-quarkslab/Ghidra/Features/GnuDemangler/ghidra_scripts
    /Users/spectrum/Documents/SMK37ProMod/baselines/v15/analysis/quarkslab
    /Users/spectrum/.jcode/scratch/smk37-v15-quarkslab/ghidra-quarkslab/Ghidra/Processors/DATA/ghidra_scripts
    /Users/spectrum/.jcode/scratch/smk37-v15-quarkslab/ghidra-quarkslab/Ghidra/Features/FunctionID/ghidra_scripts
    /Users/spectrum/.jcode/scratch/smk37-v15-quarkslab/ghidra-quarkslab/Ghidra/Features/Decompiler/ghidra_scripts
    /Users/spectrum/.jcode/scratch/smk37-v15-quarkslab/ghidra-quarkslab/Ghidra/Features/PyGhidra/ghidra_scripts
    /Users/spectrum/.jcode/scratch/smk37-v15-quarkslab/ghidra-quarkslab/Ghidra/Features/SwiftDemangler/ghidra_scripts
    /Users/spectrum/.jcode/scratch/smk37-v15-quarkslab/ghidra-quarkslab/Ghidra/Processors/JVM/ghidra_scripts
    /Users/spectrum/.jcode/scratch/smk37-v15-quarkslab/ghidra-quarkslab/Ghidra/Features/Base/ghidra_scripts
    /Users/spectrum/.jcode/scratch/smk37-v15-quarkslab/ghidra-quarkslab/Ghidra/Features/MicrosoftCodeAnalyzer/ghidra_scripts
    /Users/spectrum/.jcode/scratch/smk37-v15-quarkslab/ghidra-quarkslab/Ghidra/Features/BSim/ghidra_scripts
    /Users/spectrum/.jcode/scratch/smk37-v15-quarkslab/ghidra-quarkslab/Ghidra/Debug/Debugger/ghidra_scripts
    /Users/spectrum/.jcode/scratch/smk37-v15-quarkslab/ghidra-quarkslab/Ghidra/Processors/PIC/ghidra_scripts
    /Users/spectrum/.jcode/scratch/smk37-v15-quarkslab/ghidra-quarkslab/Ghidra/Debug/Debugger-rmi-trace/ghidra_scripts
    /Users/spectrum/.jcode/scratch/smk37-v15-quarkslab/ghidra-quarkslab/Ghidra/Features/DecompilerDependent/ghidra_scripts
    /Users/spectrum/.jcode/scratch/smk37-v15-quarkslab/ghidra-quarkslab/Ghidra/Features/VersionTracking/ghidra_scripts (HeadlessAnalyzer)  
INFO  HEADLESS: execution starts (HeadlessAnalyzer)  
INFO  Creating project: /Users/spectrum/jcode-v15-quarkslab-work/projects-quarkslab-full2/v15-quarkslab-full2 (HeadlessAnalyzer)  
INFO  Creating project: /Users/spectrum/jcode-v15-quarkslab-work/projects-quarkslab-full2/v15-quarkslab-full2 (DefaultProject)  
INFO  REPORT: Processing input files:  (HeadlessAnalyzer)  
INFO       project: /Users/spectrum/jcode-v15-quarkslab-work/projects-quarkslab-full2/v15-quarkslab-full2 (HeadlessAnalyzer)  
INFO  IMPORTING: file:///Users/spectrum/Documents/SMK37ProMod/build/v15-official-app.bin (HeadlessAnalyzer)  
INFO  Successfully applied "-loader-baseAddr" to "Base Address" (old: "null", new: "0x02000000") (ProgramLoader)  
INFO  Using Loader: Raw Binary (ProgramLoader)  
INFO  Using Language/Compiler: pi32v2:LE:32:default:default (ProgramLoader)  
INFO  Using Library Search Path: [., /System/Library/dyld/dyld_shared_cache_arm64e, /System/Library/dyld/dyld_shared_cache_x86_64, /System/Library/dyld/dyld_shared_cache_x86_64h, /System/Cryptexes/OS/System/Library/dyld/dyld_shared_cache_arm64e, /System/Cryptexes/OS/System/Library/dyld/dyld_shared_cache_x86_64, /System/Cryptexes/OS/System/Library/dyld/dyld_shared_cache_x86_64h, /Users/spectrum/Library/Java/Extensions, /Library/Java/Extensions, /Network/Library/Java/Extensions, /System/Library/Java/Extensions, /usr/lib/java] (ProgramLoader)  
INFO  IMPORTING: Loaded 0 additional files (HeadlessAnalyzer)  
INFO  ANALYZING all memory and code: file:///Users/spectrum/Documents/SMK37ProMod/build/v15-official-app.bin (HeadlessAnalyzer)  
INFO  Packed database cache: /var/tmp/spectrum-ghidra/packed-db-cache (PackedDatabaseCache)  
INFO  Applied data type archive: generic_clib (ApplyDataArchiveAnalyzer)  
ERROR Pcode error at 0201a204: Program does not contain referenced instruction: 0201a208 (SleighInstructionPrototype)  
ERROR Pcode error at 0201a204: Program does not contain referenced instruction: 0201a208 (SleighInstructionPrototype)  
WARN  Decompiling 0207d4ba, pcode error at 0207d6b6: Unable to resolve constructor at 0207d6b6 (DecompileCallback)  
WARN  Decompiling 0200392a, pcode error at 0200325e: Unable to resolve constructor at 0200325e (DecompileCallback)  
WARN  Decompiling 0200392a, pcode error at 02003a6e: Unable to resolve constructor at 02003a6e (DecompileCallback)  
WARN  Decompiling 0200392a, pcode error at 02003b1a: Unable to resolve constructor at 02003b1a (DecompileCallback)  
WARN  Decompiling 0200392a, pcode error at 020039e8: Unable to resolve constructor at 020039e8 (DecompileCallback)  
WARN  Decompiling 0200392a, pcode error at 02003a8a: Unable to resolve constructor at 02003a8a (DecompileCallback)  
WARN  Decompiling 0200392a, pcode error at 02003a36: Unable to resolve constructor at 02003a36 (DecompileCallback)  
WARN  Decompiling 0200392a, pcode error at 02003972: Unable to resolve constructor at 02003972 (DecompileCallback)  
WARN  Decompiling 0200392a, pcode error at 02003a4a: Unable to resolve constructor at 02003a4a (DecompileCallback)  
WARN  Decompiling 0200392a, pcode error at 02003aa6: Unable to resolve constructor at 02003aa6 (DecompileCallback)  
WARN  Decompiling 0200392a, pcode error at 0200396e: Unable to resolve constructor at 0200396e (DecompileCallback)  
WARN  Decompiling 02003aac, pcode error at 02003b1a: Unable to resolve constructor at 02003b1a (DecompileCallback)  
WARN  Decompiling 02003aac, pcode error at 02003b1e: Unable to resolve constructor at 02003b1e (DecompileCallback)  
WARN  Decompiling 02003aac, pcode error at 02003d1c: Unable to resolve constructor at 02003d1c (DecompileCallback)  
WARN  Decompiling 02003aac, pcode error at 02003cda: Unable to resolve constructor at 02003cda (DecompileCallback)  
WARN  Decompiling 02003aac, pcode error at 02003bd8: Unable to resolve constructor at 02003bd8 (DecompileCallback)  
WARN  Decompiling 02003aac, pcode error at 02003ba2: Unable to resolve constructor at 02003ba2 (DecompileCallback)  
WARN  Decompiling 02003aac, pcode error at 02003c2c: Unable to resolve constructor at 02003c2c (DecompileCallback)  
WARN  Decompiling 02003aac, pcode error at 02003b9e: Unable to resolve constructor at 02003b9e (DecompileCallback)  
WARN  Decompiling 02003aac, pcode error at 02004134: Unable to resolve constructor at 02004134 (DecompileCallback)  
WARN  Decompiling 02003aac, pcode error at 02003ce8: Unable to resolve constructor at 02003ce8 (DecompileCallback)  
WARN  Decompiling 02003aac, pcode error at 02003c70: Unable to resolve constructor at 02003c70 (DecompileCallback)  
WARN  Decompiling 02003aac, pcode error at 02003bc6: Unable to resolve constructor at 02003bc6 (DecompileCallback)  
WARN  Decompiling 02003aac, pcode error at 02003c9c: Unable to resolve constructor at 02003c9c (DecompileCallback)  
WARN  Decompiling 02003aac, pcode error at 02003c1a: Unable to resolve constructor at 02003c1a (DecompileCallback)  
WARN  Decompiling 02003aac, pcode error at 02003bea: Unable to resolve constructor at 02003bea (DecompileCallback)  
WARN  Decompiling 02003aac, pcode error at 02003bca: Unable to resolve constructor at 02003bca (DecompileCallback)  
WARN  Decompiling 02003aac, pcode error at 02003c28: Unable to resolve constructor at 02003c28 (DecompileCallback)  
ERROR Pcode error at 02031a2c: Program does not contain referenced instruction: 02031a30 (SleighInstructionPrototype)  
ERROR Pcode error at 020336f4: Program does not contain referenced instruction: 020336f8 (SleighInstructionPrototype)  
WARN  Decompiling 0202fb8c, pcode error at 0202fe90: Unable to resolve constructor at 0202fe90 (DecompileCallback)  
WARN  Decompiling 0202fb8c, pcode error at 0202fde6: Unable to resolve constructor at 0202fde6 (DecompileCallback)  
ERROR Pcode error at 02031a2c: Program does not contain referenced instruction: 02031a30 (SleighInstructionPrototype)  
ERROR Pcode error at 02031212: Program does not contain referenced instruction: 02031216 (SleighInstructionPrototype)  
ERROR Pcode error at 02031212: Program does not contain referenced instruction: 02031216 (SleighInstructionPrototype)  
ERROR Pcode error at 02031a2c: Program does not contain referenced instruction: 02031a30 (SleighInstructionPrototype)  
ERROR Pcode error at 0201a204: Program does not contain referenced instruction: 0201a208 (SleighInstructionPrototype)  
ERROR Pcode error at 02031212: Program does not contain referenced instruction: 02031216 (SleighInstructionPrototype)  
INFO  -----------------------------------------------------
    ASCII Strings                              0.204 secs
    Apply Data Archives                        0.585 secs
    Basic Constant Reference Analyzer          0.524 secs
    Call-Fixup Installer                       0.004 secs
    Create Address Tables                      0.090 secs
    Create Address Tables - One Time           0.232 secs
    Create Function                            0.081 secs
    Data Reference                             0.145 secs
    Decompiler Switch Analysis                 3.526 secs
    Demangler GNU                              0.000 secs
    Disassemble Entry Points                   0.000 secs
    Embedded Media                             0.022 secs
    External Entry References                  0.000 secs
    Function ID                                0.019 secs
    Non-Returning Functions - Discovered       0.031 secs
    Reference                                  0.195 secs
    Shared Return Calls                        0.040 secs
    Stack                                      0.328 secs
    Subroutine References                      0.657 secs
    Subroutine References - One Time           0.000 secs
-----------------------------------------------------
     Total Time   6 secs
-----------------------------------------------------
 (AutoAnalysisManager)  
INFO  REPORT: Analysis succeeded for file: file:///Users/spectrum/Documents/SMK37ProMod/build/v15-official-app.bin (HeadlessAnalyzer)  
INFO  REPORT: Execute script: V15DecoderAnalysis.java '/Users/spectrum/Documents/SMK37ProMod/baselines/v15/analysis/quarkslab/results/quarkslab'  (HeadlessAnalyzer)  
INFO  SCRIPT: /Users/spectrum/Documents/SMK37ProMod/baselines/v15/analysis/quarkslab/V15DecoderAnalysis.java (HeadlessAnalyzer)  
INFO  V15DecoderAnalysis.java> PROVENANCE image_sha256=36fe8299667d06d4e2c195ea0b125b8e3400a4dc010b45d6989354dd4e172055 (GhidraScript)  
INFO  V15DecoderAnalysis.java> PROVENANCE mapped_memory_base=02000000 (GhidraScript)  
INFO  V15DecoderAnalysis.java> PROVENANCE program_image_base_metadata=00000000 (GhidraScript)  
INFO  V15DecoderAnalysis.java> PROVENANCE image_size=617012 (GhidraScript)  
INFO  V15DecoderAnalysis.java> PROVENANCE language=pi32v2:LE:32:default (GhidraScript)  
INFO  V15DecoderAnalysis.java> PROVENANCE script_args=[/Users/spectrum/Documents/SMK37ProMod/baselines/v15/analysis/quarkslab/results/quarkslab] (GhidraScript)  
INFO  V15DecoderAnalysis.java> RAW_POINTER_COUNT target=midi_route_ascii exact=0 interior=0 (GhidraScript)  
INFO  V15DecoderAnalysis.java> RAW_POINTER_COUNT target=midi_streaming_interface exact=0 interior=0 (GhidraScript)  
INFO  V15DecoderAnalysis.java> RAW_POINTER_COUNT target=midi_streaming_header exact=0 interior=0 (GhidraScript)  
INFO  V15DecoderAnalysis.java> RAW_POINTER_COUNT target=usb_midi_cin_payload_lengths exact=0 interior=0 (GhidraScript)  
INFO  V15DecoderAnalysis.java> RAW_POINTER_COUNT target=usb_device_descriptor exact=0 interior=0 (GhidraScript)  
INFO  V15DecoderAnalysis.java> RAW_POINTER_COUNT target=midi_product_utf16le exact=0 interior=0 (GhidraScript)  
INFO  V15DecoderAnalysis.java> RAW_POINTER_COUNT target=midi_in_endpoint exact=0 interior=0 (GhidraScript)  
INFO  V15DecoderAnalysis.java> RAW_POINTER_COUNT target=midi_in_cs_endpoint exact=0 interior=0 (GhidraScript)  
INFO  V15DecoderAnalysis.java> RAW_POINTER_COUNT target=midi_out_endpoint exact=0 interior=0 (GhidraScript)  
INFO  V15DecoderAnalysis.java> RAW_POINTER_COUNT target=midi_out_cs_endpoint exact=0 interior=0 (GhidraScript)  
INFO  V15DecoderAnalysis.java> RAW_POINTER_COUNT target=midi_jack_graph exact=0 interior=0 (GhidraScript)  
ERROR Pcode error at 0200d346: Program does not contain referenced instruction: 0200d34a (SleighInstructionPrototype)  
ERROR Pcode error at 0200f10e: Program does not contain referenced instruction: 0200f112 (SleighInstructionPrototype)  
ERROR Pcode error at 020190a8: Program does not contain referenced instruction: 020190aa (SleighInstructionPrototype)  
ERROR Pcode error at 0201fda6: Program does not contain referenced instruction: 0201fdaa (SleighInstructionPrototype)  
ERROR Pcode error at 0208bb52: Program does not contain referenced instruction: 0208bb56 (SleighInstructionPrototype)  
ERROR Pcode error at 0202cafe: Program does not contain referenced instruction: 0202cb00 (SleighInstructionPrototype)  
ERROR Pcode error at 02032c10: Program does not contain referenced instruction: 02032c12 (SleighInstructionPrototype)  
ERROR Pcode error at 0205548a: Program does not contain referenced instruction: 0205548c (SleighInstructionPrototype)  
ERROR Pcode error at 0204d5d8: Program does not contain referenced instruction: 0204d5da (SleighInstructionPrototype)  
ERROR Pcode error at 02055fb0: Program does not contain referenced instruction: 02055fb2 (SleighInstructionPrototype)  
ERROR Pcode error at 02055f4e: Could not find cached delayslot parser context (SleighInstructionPrototype)  
ERROR Pcode error at 02056ba2: Could not find cached delayslot parser context (SleighInstructionPrototype)  
INFO  V15DecoderAnalysis.java> RECURSIVE pointer_derived_seeds=663 accepted=663 (GhidraScript)  
ERROR Pcode error at 0201a204: Program does not contain referenced instruction: 0201a208 (SleighInstructionPrototype)  
ERROR Pcode error at 0200d346: Program does not contain referenced instruction: 0200d34a (SleighInstructionPrototype)  
WARN  Decompiling 0201fec8, pcode error at 02020194: Unable to resolve constructor at 02020194 (DecompileCallback)  
WARN  Decompiling 0201b63c, pcode error at 0201b730: Unable to resolve constructor at 0201b730 (DecompileCallback)  
WARN  Decompiling 0202c238, pcode error at 0202ccc2: Unable to resolve constructor at 0202ccc2 (DecompileCallback)  
WARN  Decompiling 0202c238, pcode error at 020404f8: Unable to resolve constructor at 020404f8 (DecompileCallback)  
WARN  Decompiling 0202c238, pcode error at 02030834: Unable to resolve constructor at 02030834 (DecompileCallback)  
WARN  Decompiling 0202c238, pcode error at 02049f88: Unable to resolve constructor at 02049f88 (DecompileCallback)  
WARN  Decompiling 0202c238, pcode error at 0204b3fc: Unable to resolve constructor at 0204b3fc (DecompileCallback)  
WARN  Decompiling 0202c238, pcode error at 0204b540: Unable to resolve constructor at 0204b540 (DecompileCallback)  
WARN  Decompiling 0202c238, pcode error at 0204b2b8: Unable to resolve constructor at 0204b2b8 (DecompileCallback)  
WARN  Decompiling 0202c238, pcode error at 0202f318: Unable to resolve constructor at 0202f318 (DecompileCallback)  
WARN  Decompiling 0202c238, pcode error at 0204a088: Unable to resolve constructor at 0204a088 (DecompileCallback)  
WARN  Decompiling 0202c238, pcode error at 0204a07e: Unable to resolve constructor at 0204a07e (DecompileCallback)  
ERROR Pcode error at 0203486c: Block does not contain cross-build instruction: 0203486c -> 0203486e (SleighInstructionPrototype)  
WARN  Decompiling 0202c238, pcode error at 0203f4a0: Unable to resolve constructor at 0203f4a0 (DecompileCallback)  
WARN  Decompiling 0202c238, pcode error at 0204a4f0: Unable to resolve constructor at 0204a4f0 (DecompileCallback)  
WARN  Decompiling 0202c238, pcode error at 0204b2dc: Unable to resolve constructor at 0204b2dc (DecompileCallback)  
WARN  Decompiling 0202c238, pcode error at 0202c3a6: Unable to resolve constructor at 0202c3a6 (DecompileCallback)  
WARN  Decompiling 0202c238, pcode error at 0203926e: Unable to resolve constructor at 0203926e (DecompileCallback)  
WARN  Decompiling 0202c238, pcode error at 0204bad8: Unable to resolve constructor at 0204bad8 (DecompileCallback)  
WARN  Decompiling 0202c238, pcode error at 0203e324: Unable to resolve constructor at 0203e324 (DecompileCallback)  
WARN  Decompiling 0202c238, pcode error at 0202fe90: Unable to resolve constructor at 0202fe90 (DecompileCallback)  
WARN  Decompiling 0202c238, pcode error at 0202fde6: Unable to resolve constructor at 0202fde6 (DecompileCallback)  
WARN  Decompiling 0202c238, pcode error at 0203ba9e: Unable to resolve constructor at 0203ba9e (DecompileCallback)  
WARN  Decompiling 0202c238, pcode error at 02045356: Unable to resolve constructor at 02045356 (DecompileCallback)  
WARN  Decompiling 0202c238, pcode error at 0204a61a: Unable to resolve constructor at 0204a61a (DecompileCallback)  
WARN  Decompiling 0202c238, pcode error at 0204a4e4: Unable to resolve constructor at 0204a4e4 (DecompileCallback)  
WARN  Decompiling 0202c238, pcode error at 020402da: Unable to resolve constructor at 020402da (DecompileCallback)  
WARN  Decompiling 0202c238, pcode error at 02031318: Unable to resolve constructor at 02031318 (DecompileCallback)  
WARN  Decompiling 0202c238, pcode error at 0204a62e: Unable to resolve constructor at 0204a62e (DecompileCallback)  
WARN  Decompiling 0202c238, pcode error at 0202e36e: Unable to resolve constructor at 0202e36e (DecompileCallback)  
WARN  Decompiling 0202c238, pcode error at 02049c78: Unable to resolve constructor at 02049c78 (DecompileCallback)  
WARN  Decompiling 0202c238, pcode error at 02036b1a: Unable to resolve constructor at 02036b1a (DecompileCallback)  
WARN  Decompiling 0202c238, pcode error at 0204a61c: Unable to resolve constructor at 0204a61c (DecompileCallback)  
WARN  Decompiling 0202c238, pcode error at 0202cb42: Unable to resolve constructor at 0202cb42 (DecompileCallback)  
WARN  Decompiling 0202c238, pcode error at 0204b2de: Unable to resolve constructor at 0204b2de (DecompileCallback)  
WARN  Decompiling 0202c238, pcode error at 0202c3e2: Unable to resolve constructor at 0202c3e2 (DecompileCallback)  
WARN  Decompiling 0202c238, pcode error at 0204c1d8: Unable to resolve constructor at 0204c1d8 (DecompileCallback)  
WARN  Decompiling 0202c238, pcode error at 020342cc: Unable to resolve constructor at 020342cc (DecompileCallback)  
WARN  Decompiling 0202c238, pcode error at 0202c2e4: Unable to resolve constructor at 0202c2e4 (DecompileCallback)  
WARN  Decompiling 0202c238, pcode error at 02049a90: Unable to resolve constructor at 02049a90 (DecompileCallback)  
WARN  Decompiling 0202c238, pcode error at 020484d8: Unable to resolve constructor at 020484d8 (DecompileCallback)  
WARN  Decompiling 0202c238, pcode error at 0202c2da: Unable to resolve constructor at 0202c2da (DecompileCallback)  
WARN  Decompiling 0202c238, pcode error at 0202ee3a: Unable to resolve constructor at 0202ee3a (DecompileCallback)  
WARN  Decompiling 0202c238, pcode error at 0202d7ac: Unable to resolve constructor at 0202d7ac (DecompileCallback)  
WARN  Decompiling 0202c238, pcode error at 0202f0c0: Unable to resolve constructor at 0202f0c0 (DecompileCallback)  
WARN  Decompiling 0202c238, pcode error at 020342fa: Unable to resolve constructor at 020342fa (DecompileCallback)  
WARN  Decompiling 0202c238, pcode error at 02033840: Unable to resolve constructor at 02033840 (DecompileCallback)  
WARN  Decompiling 0202c238, pcode error at 0204836e: Unable to resolve constructor at 0204836e (DecompileCallback)  
WARN  Decompiling 0202c238, pcode error at 02031d62: Unable to resolve constructor at 02031d62 (DecompileCallback)  
WARN  Decompiling 0202c238, pcode error at 0203ea90: Unable to resolve constructor at 0203ea90 (DecompileCallback)  
ERROR Pcode error at 0202cc02: Block does not contain cross-build instruction: 0202cc02 -> 0202cc04 (SleighInstructionPrototype)  
WARN  Decompiling 0202c238, pcode error at 02049c82: Unable to resolve constructor at 02049c82 (DecompileCallback)  
WARN  Decompiling 0202c238, pcode error at 0202d59c: Unable to resolve constructor at 0202d59c (DecompileCallback)  
WARN  Decompiling 0202c238, pcode error at 0204c0ec: Unable to resolve constructor at 0204c0ec (DecompileCallback)  
WARN  Decompiling 0202c238, pcode error at 0204c0da: Unable to resolve constructor at 0204c0da (DecompileCallback)  
WARN  Decompiling 02002e7e, pcode error at 02003382: Unable to resolve constructor at 02003382 (DecompileCallback)  
WARN  Decompiling 02002e7e, pcode error at 02003360: Unable to resolve constructor at 02003360 (DecompileCallback)  
WARN  Decompiling 0202c238, pcode error at 02039fae: Unable to resolve constructor at 02039fae (DecompileCallback)  
WARN  Decompiling 0202c238, pcode error at 02039b58: Unable to resolve constructor at 02039b58 (DecompileCallback)  
WARN  Decompiling 0202c238, pcode error at 02039e26: Unable to resolve constructor at 02039e26 (DecompileCallback)  
WARN  Decompiling 0202c238, pcode error at 0202c2ee: Unable to resolve constructor at 0202c2ee (DecompileCallback)  
WARN  Decompiling 0202c238, pcode error at 0202c39c: Unable to resolve constructor at 0202c39c (DecompileCallback)  
WARN  Decompiling 0202c238, pcode error at 0202c328: Unable to resolve constructor at 0202c328 (DecompileCallback)  
WARN  Decompiling 0202c238, pcode error at 0202c36a: Unable to resolve constructor at 0202c36a (DecompileCallback)  
WARN  Decompiling 0202c238, pcode error at 0202c318: Unable to resolve constructor at 0202c318 (DecompileCallback)  
WARN  Decompiling 0202c238, pcode error at 0202c47a: Unable to resolve constructor at 0202c47a (DecompileCallback)  
WARN  Decompiling 0202c238, pcode error at 0202c376: Unable to resolve constructor at 0202c376 (DecompileCallback)  
WARN  Decompiling 0202c238, pcode error at 0202c37c: Unable to resolve constructor at 0202c37c (DecompileCallback)  
WARN  Decompiling 0202c238, pcode error at 0202c2d8: Unable to resolve constructor at 0202c2d8 (DecompileCallback)  
WARN  Decompiling 0202c238, pcode error at 0202c32c: Unable to resolve constructor at 0202c32c (DecompileCallback)  
WARN  Decompiling 0202c238, pcode error at 0202c3b8: Unable to resolve constructor at 0202c3b8 (DecompileCallback)  
WARN  Decompiling 0202c238, pcode error at 0202c48c: Unable to resolve constructor at 0202c48c (DecompileCallback)  
WARN  Decompiling 0202c238, pcode error at 0202c300: Unable to resolve constructor at 0202c300 (DecompileCallback)  
WARN  Decompiling 0202c238, pcode error at 0202c4b8: Unable to resolve constructor at 0202c4b8 (DecompileCallback)  
WARN  Decompiling 0202c238, pcode error at 0202c35a: Unable to resolve constructor at 0202c35a (DecompileCallback)  
WARN  Decompiling 0202c238, pcode error at 0202c372: Unable to resolve constructor at 0202c372 (DecompileCallback)  
WARN  Decompiling 0202c238, pcode error at 0202c428: Unable to resolve constructor at 0202c428 (DecompileCallback)  
ERROR Pcode error at 0202cc02: Program does not contain referenced instruction: 0202cc04 (SleighInstructionPrototype)  
ERROR Pcode error at 02031696: Program does not contain referenced instruction: 0203169a (SleighInstructionPrototype)  
ERROR Pcode error at 02033e36: Program does not contain referenced instruction: 02033e38 (SleighInstructionPrototype)  
ERROR Pcode error at 0203486c: Program does not contain referenced instruction: 0203486e (SleighInstructionPrototype)  
WARN  Decompiling 02039a02, pcode error at 02039fae: Unable to resolve constructor at 02039fae (DecompileCallback)  
WARN  Decompiling 02039a02, pcode error at 02039b58: Unable to resolve constructor at 02039b58 (DecompileCallback)  
WARN  Decompiling 02039a02, pcode error at 02039e26: Unable to resolve constructor at 02039e26 (DecompileCallback)  
ERROR Pcode error at 0204d5d8: Program does not contain referenced instruction: 0204d5da (SleighInstructionPrototype)  
WARN  Decompiling 02027c5e, pcode error at 020274ba: Unable to resolve constructor at 020274ba (DecompileCallback)  
WARN  Decompiling 02027c5e, pcode error at 02027d5e: Unable to resolve constructor at 02027d5e (DecompileCallback)  
WARN  Decompiling 0202c238, pcode error at 0202ccc2: Unable to resolve constructor at 0202ccc2 (DecompileCallback)  
WARN  Decompiling 0202c238, pcode error at 020404f8: Unable to resolve constructor at 020404f8 (DecompileCallback)  
WARN  Decompiling 0202c238, pcode error at 02030834: Unable to resolve constructor at 02030834 (DecompileCallback)  
WARN  Decompiling 0202c238, pcode error at 02049f88: Unable to resolve constructor at 02049f88 (DecompileCallback)  
WARN  Decompiling 0202c238, pcode error at 0204b3fc: Unable to resolve constructor at 0204b3fc (DecompileCallback)  
WARN  Decompiling 0202c238, pcode error at 0204b540: Unable to resolve constructor at 0204b540 (DecompileCallback)  
WARN  Decompiling 0202c238, pcode error at 0204b2b8: Unable to resolve constructor at 0204b2b8 (DecompileCallback)  
WARN  Decompiling 0202c238, pcode error at 0202f318: Unable to resolve constructor at 0202f318 (DecompileCallback)  
WARN  Decompiling 0202c238, pcode error at 0204a088: Unable to resolve constructor at 0204a088 (DecompileCallback)  
WARN  Decompiling 0202c238, pcode error at 0204a07e: Unable to resolve constructor at 0204a07e (DecompileCallback)  
ERROR Pcode error at 0203486c: Program does not contain referenced instruction: 0203486e (SleighInstructionPrototype)  
WARN  Decompiling 0202c238, pcode error at 0203f4a0: Unable to resolve constructor at 0203f4a0 (DecompileCallback)  
WARN  Decompiling 0202c238, pcode error at 0204a4f0: Unable to resolve constructor at 0204a4f0 (DecompileCallback)  
WARN  Decompiling 0202c238, pcode error at 0204b2dc: Unable to resolve constructor at 0204b2dc (DecompileCallback)  
WARN  Decompiling 0202c238, pcode error at 0202c3a6: Unable to resolve constructor at 0202c3a6 (DecompileCallback)  
WARN  Decompiling 0202c238, pcode error at 0203926e: Unable to resolve constructor at 0203926e (DecompileCallback)  
WARN  Decompiling 0202c238, pcode error at 0204bad8: Unable to resolve constructor at 0204bad8 (DecompileCallback)  
WARN  Decompiling 0202c238, pcode error at 0203e324: Unable to resolve constructor at 0203e324 (DecompileCallback)  
WARN  Decompiling 0202c238, pcode error at 0202fe90: Unable to resolve constructor at 0202fe90 (DecompileCallback)  
WARN  Decompiling 0202c238, pcode error at 0202fde6: Unable to resolve constructor at 0202fde6 (DecompileCallback)  
WARN  Decompiling 0202c238, pcode error at 0203ba9e: Unable to resolve constructor at 0203ba9e (DecompileCallback)  
WARN  Decompiling 0202c238, pcode error at 02045356: Unable to resolve constructor at 02045356 (DecompileCallback)  
WARN  Decompiling 0202c238, pcode error at 0204a61a: Unable to resolve constructor at 0204a61a (DecompileCallback)  
WARN  Decompiling 0202c238, pcode error at 0204a4e4: Unable to resolve constructor at 0204a4e4 (DecompileCallback)  
WARN  Decompiling 0202c238, pcode error at 020402da: Unable to resolve constructor at 020402da (DecompileCallback)  
WARN  Decompiling 0202c238, pcode error at 02031318: Unable to resolve constructor at 02031318 (DecompileCallback)  
WARN  Decompiling 0202c238, pcode error at 0204a62e: Unable to resolve constructor at 0204a62e (DecompileCallback)  
WARN  Decompiling 0202c238, pcode error at 0202e36e: Unable to resolve constructor at 0202e36e (DecompileCallback)  
WARN  Decompiling 0202c238, pcode error at 02049c78: Unable to resolve constructor at 02049c78 (DecompileCallback)  
WARN  Decompiling 0202c238, pcode error at 02036b1a: Unable to resolve constructor at 02036b1a (DecompileCallback)  
WARN  Decompiling 0202c238, pcode error at 0204a61c: Unable to resolve constructor at 0204a61c (DecompileCallback)  
WARN  Decompiling 0202c238, pcode error at 0202cb42: Unable to resolve constructor at 0202cb42 (DecompileCallback)  
WARN  Decompiling 0202c238, pcode error at 0204b2de: Unable to resolve constructor at 0204b2de (DecompileCallback)  
WARN  Decompiling 0202c238, pcode error at 0202c3e2: Unable to resolve constructor at 0202c3e2 (DecompileCallback)  
WARN  Decompiling 0202c238, pcode error at 0204c1d8: Unable to resolve constructor at 0204c1d8 (DecompileCallback)  
WARN  Decompiling 0202c238, pcode error at 020342cc: Unable to resolve constructor at 020342cc (DecompileCallback)  
WARN  Decompiling 0202c238, pcode error at 0202c2e4: Unable to resolve constructor at 0202c2e4 (DecompileCallback)  
WARN  Decompiling 0202c238, pcode error at 02049a90: Unable to resolve constructor at 02049a90 (DecompileCallback)  
WARN  Decompiling 0202c238, pcode error at 020484d8: Unable to resolve constructor at 020484d8 (DecompileCallback)  
WARN  Decompiling 0202c238, pcode error at 0202c2da: Unable to resolve constructor at 0202c2da (DecompileCallback)  
WARN  Decompiling 0202c238, pcode error at 0202ee3a: Unable to resolve constructor at 0202ee3a (DecompileCallback)  
WARN  Decompiling 0202c238, pcode error at 0202d7ac: Unable to resolve constructor at 0202d7ac (DecompileCallback)  
WARN  Decompiling 0202c238, pcode error at 0202f0c0: Unable to resolve constructor at 0202f0c0 (DecompileCallback)  
WARN  Decompiling 0202c238, pcode error at 020342fa: Unable to resolve constructor at 020342fa (DecompileCallback)  
WARN  Decompiling 0202c238, pcode error at 02033840: Unable to resolve constructor at 02033840 (DecompileCallback)  
WARN  Decompiling 0202c238, pcode error at 0204836e: Unable to resolve constructor at 0204836e (DecompileCallback)  
WARN  Decompiling 0202c238, pcode error at 02031d62: Unable to resolve constructor at 02031d62 (DecompileCallback)  
WARN  Decompiling 0202c238, pcode error at 0203ea90: Unable to resolve constructor at 0203ea90 (DecompileCallback)  
ERROR Pcode error at 0202cc02: Program does not contain referenced instruction: 0202cc04 (SleighInstructionPrototype)  
WARN  Decompiling 0202c238, pcode error at 02049c82: Unable to resolve constructor at 02049c82 (DecompileCallback)  
WARN  Decompiling 0202c238, pcode error at 0202d59c: Unable to resolve constructor at 0202d59c (DecompileCallback)  
WARN  Decompiling 0202c238, pcode error at 0204c0ec: Unable to resolve constructor at 0204c0ec (DecompileCallback)  
WARN  Decompiling 0202c238, pcode error at 0204c0da: Unable to resolve constructor at 0204c0da (DecompileCallback)  
WARN  Decompiling 0202c238, pcode error at 02039fae: Unable to resolve constructor at 02039fae (DecompileCallback)  
WARN  Decompiling 0202c238, pcode error at 02039b58: Unable to resolve constructor at 02039b58 (DecompileCallback)  
WARN  Decompiling 0202c238, pcode error at 02039e26: Unable to resolve constructor at 02039e26 (DecompileCallback)  
WARN  Decompiling 0202c238, pcode error at 0202c2ee: Unable to resolve constructor at 0202c2ee (DecompileCallback)  
WARN  Decompiling 0202c238, pcode error at 0202c39c: Unable to resolve constructor at 0202c39c (DecompileCallback)  
WARN  Decompiling 0202c238, pcode error at 0202c328: Unable to resolve constructor at 0202c328 (DecompileCallback)  
WARN  Decompiling 0202c238, pcode error at 0202c36a: Unable to resolve constructor at 0202c36a (DecompileCallback)  
WARN  Decompiling 0202c238, pcode error at 0202c318: Unable to resolve constructor at 0202c318 (DecompileCallback)  
WARN  Decompiling 0202c238, pcode error at 0202c47a: Unable to resolve constructor at 0202c47a (DecompileCallback)  
WARN  Decompiling 0202c238, pcode error at 0202c376: Unable to resolve constructor at 0202c376 (DecompileCallback)  
WARN  Decompiling 0202c238, pcode error at 0202c37c: Unable to resolve constructor at 0202c37c (DecompileCallback)  
WARN  Decompiling 0202c238, pcode error at 0202c2d8: Unable to resolve constructor at 0202c2d8 (DecompileCallback)  
WARN  Decompiling 0202c238, pcode error at 0202c32c: Unable to resolve constructor at 0202c32c (DecompileCallback)  
WARN  Decompiling 0202c238, pcode error at 0202c3b8: Unable to resolve constructor at 0202c3b8 (DecompileCallback)  
WARN  Decompiling 0202c238, pcode error at 0202c48c: Unable to resolve constructor at 0202c48c (DecompileCallback)  
WARN  Decompiling 0202c238, pcode error at 0202c300: Unable to resolve constructor at 0202c300 (DecompileCallback)  
WARN  Decompiling 0202c238, pcode error at 0202c4b8: Unable to resolve constructor at 0202c4b8 (DecompileCallback)  
WARN  Decompiling 0202c238, pcode error at 0202c35a: Unable to resolve constructor at 0202c35a (DecompileCallback)  
WARN  Decompiling 0202c238, pcode error at 0202c372: Unable to resolve constructor at 0202c372 (DecompileCallback)  
WARN  Decompiling 0202c238, pcode error at 0202c428: Unable to resolve constructor at 0202c428 (DecompileCallback)  
ERROR Pcode error at 02031a2c: Program does not contain referenced instruction: 02031a30 (SleighInstructionPrototype)  
ERROR Pcode error at 0202cafe: Program does not contain referenced instruction: 0202cb00 (SleighInstructionPrototype)  
ERROR Pcode error at 0200f10e: Program does not contain referenced instruction: 0200f112 (SleighInstructionPrototype)  
ERROR Pcode error at 02033e36: Program does not contain referenced instruction: 02033e38 (SleighInstructionPrototype)  
ERROR Pcode error at 0201fda6: Program does not contain referenced instruction: 0201fdaa (SleighInstructionPrototype)  
ERROR Pcode error at 0203486c: Program does not contain referenced instruction: 0203486e (SleighInstructionPrototype)  
ERROR Pcode error at 0202cc02: Program does not contain referenced instruction: 0202cc04 (SleighInstructionPrototype)  
ERROR Pcode error at 02031212: Program does not contain referenced instruction: 02031216 (SleighInstructionPrototype)  
ERROR Pcode error at 02031696: Program does not contain referenced instruction: 0203169a (SleighInstructionPrototype)  
ERROR Pcode error at 0208bb52: Program does not contain referenced instruction: 0208bb56 (SleighInstructionPrototype)  
ERROR Pcode error at 0205548a: Program does not contain referenced instruction: 0205548c (SleighInstructionPrototype)  
ERROR Pcode error at 02032c10: Program does not contain referenced instruction: 02032c12 (SleighInstructionPrototype)  
ERROR Pcode error at 0204d5d8: Program does not contain referenced instruction: 0204d5da (SleighInstructionPrototype)  
ERROR Pcode error at 02055fb0: Program does not contain referenced instruction: 02055fb2 (SleighInstructionPrototype)  
ERROR Pcode error at 02055f4e: Could not find cached delayslot parser context (SleighInstructionPrototype)  
ERROR Pcode error at 02056ba2: Could not find cached delayslot parser context (SleighInstructionPrototype)  
INFO  Applied data type archive: generic_clib (ApplyDataArchiveAnalyzer)  
ERROR Pcode error at 02031a2c: Program does not contain referenced instruction: 02031a30 (SleighInstructionPrototype)  
ERROR Pcode error at 0203486c: Program does not contain referenced instruction: 0203486e (SleighInstructionPrototype)  
ERROR Pcode error at 0202cafe: Program does not contain referenced instruction: 0202cb00 (SleighInstructionPrototype)  
ERROR Pcode error at 0202cc02: Program does not contain referenced instruction: 0202cc04 (SleighInstructionPrototype)  
ERROR Pcode error at 0200f10e: Program does not contain referenced instruction: 0200f112 (SleighInstructionPrototype)  
ERROR Pcode error at 02033e36: Program does not contain referenced instruction: 02033e38 (SleighInstructionPrototype)  
ERROR Pcode error at 02031696: Program does not contain referenced instruction: 0203169a (SleighInstructionPrototype)  
ERROR Pcode error at 0208bb52: Program does not contain referenced instruction: 0208bb56 (SleighInstructionPrototype)  
ERROR Pcode error at 0205548a: Program does not contain referenced instruction: 0205548c (SleighInstructionPrototype)  
ERROR Pcode error at 0201fda6: Program does not contain referenced instruction: 0201fdaa (SleighInstructionPrototype)  
INFO  -----------------------------------------------------
    ASCII Strings                              0.037 secs
    Apply Data Archives                        0.011 secs
    Basic Constant Reference Analyzer          0.828 secs
    Call Convention ID                         0.005 secs
    Call-Fixup Installer                       0.004 secs
    Create Address Tables                      0.036 secs
    Create Address Tables - One Time           0.026 secs
    Create Function                            0.068 secs
    Data Reference                             0.033 secs
    Decompiler Switch Analysis                16.587 secs
    Demangler GNU                              0.002 secs
    Disassemble Entry Points                   0.008 secs
    Embedded Media                             0.010 secs
    External Entry References                  0.000 secs
    Function ID                                0.000 secs
    Non-Returning Functions - Discovered       0.597 secs
    Reference                                  0.077 secs
    Shared Return Calls                        0.070 secs
    Stack                                      0.520 secs
    Subroutine References                      0.045 secs
    Subroutine References - One Time           0.000 secs
-----------------------------------------------------
     Total Time   18 secs
-----------------------------------------------------
 (AutoAnalysisManager)  
INFO  V15DecoderAnalysis.java> EVIDENCE_REF phase=recursive from=0200082a text=mov r0,#0x205785b to=0205785b type=PARAM function=FUN_02000812@02000812 (GhidraScript)  
INFO  V15DecoderAnalysis.java> EVIDENCE_SCALAR phase=recursive at=0200082a value=0205785b text=mov r0,#0x205785b function=FUN_02000812@02000812 (GhidraScript)  
INFO  V15DecoderAnalysis.java> EVIDENCE_PCODE_CONST phase=recursive at=0200082a value=0205785b op=COPY text=mov r0,#0x205785b function=FUN_02000812@02000812 (GhidraScript)  
INFO  V15DecoderAnalysis.java> EVIDENCE_SCALAR phase=recursive at=0200086e value=02057250 text=mov r1,#0x2057250 function=FUN_02000852@02000852 (GhidraScript)  
INFO  V15DecoderAnalysis.java> EVIDENCE_PCODE_CONST phase=recursive at=0200086e value=02057250 op=COPY text=mov r1,#0x2057250 function=FUN_02000852@02000852 (GhidraScript)  
INFO  V15DecoderAnalysis.java> EVIDENCE_REF phase=recursive from=020008f0 text=mov r0,#0x205785b to=0205785b type=PARAM function=FUN_02000886@02000886 (GhidraScript)  
INFO  V15DecoderAnalysis.java> EVIDENCE_SCALAR phase=recursive at=020008f0 value=0205785b text=mov r0,#0x205785b function=FUN_02000886@02000886 (GhidraScript)  
INFO  V15DecoderAnalysis.java> EVIDENCE_PCODE_CONST phase=recursive at=020008f0 value=0205785b op=COPY text=mov r0,#0x205785b function=FUN_02000886@02000886 (GhidraScript)  
INFO  V15DecoderAnalysis.java> EVIDENCE_SCALAR phase=recursive at=02000b52 value=02057250 text=mov r9,#0x2057250 function=FUN_02000b1c@02000b1c (GhidraScript)  
INFO  V15DecoderAnalysis.java> EVIDENCE_PCODE_CONST phase=recursive at=02000b52 value=02057250 op=COPY text=mov r9,#0x2057250 function=FUN_02000b1c@02000b1c (GhidraScript)  
INFO  V15DecoderAnalysis.java> EVIDENCE_REF phase=recursive from=02000b72 text=lb.z r2,[r2 + r3] to=02057bd0 type=DATA function=FUN_02000b1c@02000b1c (GhidraScript)  
INFO  V15DecoderAnalysis.java> EVIDENCE_REF phase=recursive from=02000c16 text=lb.z r2,[r2 + r4] to=02057bd0 type=DATA function=FUN_02000b1c@02000b1c (GhidraScript)  
INFO  V15DecoderAnalysis.java> EVIDENCE_REF phase=recursive from=02000c8e text=lb.z r7,[r2 + r4] to=02057af0 type=DATA function=FUN_02000b1c@02000b1c (GhidraScript)  
INFO  V15DecoderAnalysis.java> EVIDENCE_SCALAR phase=recursive at=02000e3c value=02057250 text=mov r1,#0x2057250 function=- (GhidraScript)  
INFO  V15DecoderAnalysis.java> EVIDENCE_PCODE_CONST phase=recursive at=02000e3c value=02057250 op=COPY text=mov r1,#0x2057250 function=- (GhidraScript)  
INFO  V15DecoderAnalysis.java> EVIDENCE_REF phase=recursive from=02000e48 text=lb.z r13,[r1 + r2] to=02057bd0 type=DATA function=- (GhidraScript)  
INFO  V15DecoderAnalysis.java> EVIDENCE_SCALAR phase=recursive at=02001098 value=02057250 text=mov r1,#0x2057250 function=- (GhidraScript)  
INFO  V15DecoderAnalysis.java> EVIDENCE_PCODE_CONST phase=recursive at=02001098 value=02057250 op=COPY text=mov r1,#0x2057250 function=- (GhidraScript)  
INFO  V15DecoderAnalysis.java> EVIDENCE_REF phase=recursive from=020010a4 text=lb.z r6,[r0 + r1] to=02057af0 type=DATA function=- (GhidraScript)  
INFO  V15DecoderAnalysis.java> EVIDENCE_SCALAR phase=recursive at=02001112 value=02057250 text=mov r2,#0x2057250 function=- (GhidraScript)  
INFO  V15DecoderAnalysis.java> EVIDENCE_PCODE_CONST phase=recursive at=02001112 value=02057250 op=COPY text=mov r2,#0x2057250 function=- (GhidraScript)  
INFO  V15DecoderAnalysis.java> EVIDENCE_REF phase=recursive from=0200111e text=lb.z r6,[r1 + r2] to=02057bd0 type=DATA function=- (GhidraScript)  
INFO  V15DecoderAnalysis.java> EVIDENCE_SCALAR phase=recursive at=020011c8 value=02057250 text=mov r0,#0x2057250 function=- (GhidraScript)  
INFO  V15DecoderAnalysis.java> EVIDENCE_PCODE_CONST phase=recursive at=020011c8 value=02057250 op=COPY text=mov r0,#0x2057250 function=- (GhidraScript)  
INFO  V15DecoderAnalysis.java> EVIDENCE_REF phase=recursive from=020011ce text=add r0,r0,#0x60b to=0205785b type=PARAM function=- (GhidraScript)  
INFO  V15DecoderAnalysis.java> EVIDENCE_SCALAR phase=recursive at=0200122a value=02057250 text=mov r2,#0x2057250 function=- (GhidraScript)  
INFO  V15DecoderAnalysis.java> EVIDENCE_PCODE_CONST phase=recursive at=0200122a value=02057250 op=COPY text=mov r2,#0x2057250 function=- (GhidraScript)  
INFO  V15DecoderAnalysis.java> EVIDENCE_REF phase=recursive from=02001236 text=lb.z r15,[r1 + r2] to=02057bd0 type=DATA function=- (GhidraScript)  
INFO  V15DecoderAnalysis.java> EVIDENCE_SCALAR phase=recursive at=020012b2 value=02057250 text=mov r0,#0x2057250 function=- (GhidraScript)  
INFO  V15DecoderAnalysis.java> EVIDENCE_PCODE_CONST phase=recursive at=020012b2 value=02057250 op=COPY text=mov r0,#0x2057250 function=- (GhidraScript)  
INFO  V15DecoderAnalysis.java> EVIDENCE_REF phase=recursive from=020012b8 text=add r0,r0,#0x60b to=0205785b type=PARAM function=- (GhidraScript)  
INFO  V15DecoderAnalysis.java> EVIDENCE_SCALAR phase=recursive at=0200136e value=02057250 text=mov r0,#0x2057250 function=- (GhidraScript)  
INFO  V15DecoderAnalysis.java> EVIDENCE_PCODE_CONST phase=recursive at=0200136e value=02057250 op=COPY text=mov r0,#0x2057250 function=- (GhidraScript)  
INFO  V15DecoderAnalysis.java> EVIDENCE_REF phase=recursive from=02001374 text=add r0,r0,#0x60b to=0205785b type=PARAM function=- (GhidraScript)  
INFO  V15DecoderAnalysis.java> EVIDENCE_SCALAR phase=recursive at=0200174e value=02057250 text=mov r2,#0x2057250 function=FUN_0200173e@0200173e (GhidraScript)  
INFO  V15DecoderAnalysis.java> EVIDENCE_PCODE_CONST phase=recursive at=0200174e value=02057250 op=COPY text=mov r2,#0x2057250 function=FUN_0200173e@0200173e (GhidraScript)  
INFO  V15DecoderAnalysis.java> EVIDENCE_SCALAR phase=recursive at=02001dfe value=02057288 text=mov r5,#0x2057288 function=FUN_02001dfa@02001dfa (GhidraScript)  
INFO  V15DecoderAnalysis.java> EVIDENCE_PCODE_CONST phase=recursive at=02001dfe value=02057288 op=COPY text=mov r5,#0x2057288 function=FUN_02001dfa@02001dfa (GhidraScript)  
INFO  V15DecoderAnalysis.java> EVIDENCE_REF phase=recursive from=02001e04 text=add r1,r5,#0x76 to=020572fe type=PARAM function=FUN_02001dfa@02001dfa (GhidraScript)  
INFO  V15DecoderAnalysis.java> EVIDENCE_REF phase=recursive from=02001e16 text=add r1,r5,#0x213 to=0205749b type=PARAM function=FUN_02001dfa@02001dfa (GhidraScript)  
INFO  V15DecoderAnalysis.java> EVIDENCE_REF phase=recursive from=02001e24 text=add r1,r5,#0x62 to=020572ea type=PARAM function=FUN_02001dfa@02001dfa (GhidraScript)  
INFO  V15DecoderAnalysis.java> EVIDENCE_REF phase=recursive from=02001e32 text=add r1,r5,#0x14e to=020573d6 type=PARAM function=FUN_02001dfa@02001dfa (GhidraScript)  
INFO  V15DecoderAnalysis.java> EVIDENCE_REF phase=recursive from=02001e4a text=add r1,r5,#0x274 to=020574fc type=PARAM function=FUN_02001dfa@02001dfa (GhidraScript)  
INFO  V15DecoderAnalysis.java> EVIDENCE_REF phase=recursive from=02001e58 text=add r1,r5,#0x66 to=020572ee type=PARAM function=FUN_02001dfa@02001dfa (GhidraScript)  
INFO  V15DecoderAnalysis.java> EVIDENCE_REF phase=recursive from=02001e66 text=add r1,r5,#0x6a to=020572f2 type=PARAM function=FUN_02001dfa@02001dfa (GhidraScript)  
INFO  V15DecoderAnalysis.java> EVIDENCE_REF phase=recursive from=02001e74 text=add r1,r5,#0x122 to=020573aa type=PARAM function=FUN_02001dfa@02001dfa (GhidraScript)  
INFO  V15DecoderAnalysis.java> EVIDENCE_REF phase=recursive from=02001e82 text=add r1,r5,#0xca to=02057352 type=PARAM function=FUN_02001dfa@02001dfa (GhidraScript)  
INFO  V15DecoderAnalysis.java> EVIDENCE_SCALAR phase=recursive at=02002604 value=02057352 text=mov r12,#0x2057352 function=FUN_020025ea@020025ea (GhidraScript)  
INFO  V15DecoderAnalysis.java> EVIDENCE_PCODE_CONST phase=recursive at=02002604 value=02057352 op=COPY text=mov r12,#0x2057352 function=FUN_020025ea@020025ea (GhidraScript)  
INFO  V15DecoderAnalysis.java> EVIDENCE_REF phase=recursive from=02002626 text=mov r0,r12 to=02057352 type=PARAM function=FUN_020025ea@020025ea (GhidraScript)  
INFO  V15DecoderAnalysis.java> EVIDENCE_SCALAR phase=recursive at=020027ae value=020576fd text=mov r0,#0x20576fd function=FUN_02002686@02002686 (GhidraScript)  
INFO  V15DecoderAnalysis.java> EVIDENCE_PCODE_CONST phase=recursive at=020027ae value=020576fd op=COPY text=mov r0,#0x20576fd function=FUN_02002686@02002686 (GhidraScript)  
INFO  V15DecoderAnalysis.java> EVIDENCE_REF phase=recursive from=020027b4 text=sw r0,[r1 + 0x0] to=020576fd type=DATA function=FUN_02002686@02002686 (GhidraScript)  
INFO  V15DecoderAnalysis.java> EVIDENCE_SCALAR phase=recursive at=02003400 value=020573ae text=mov r4,#0x20573ae function=FUN_020033e4@020033e4 (GhidraScript)  
INFO  V15DecoderAnalysis.java> EVIDENCE_PCODE_CONST phase=recursive at=02003400 value=020573ae op=COPY text=mov r4,#0x20573ae function=FUN_020033e4@020033e4 (GhidraScript)  
INFO  V15DecoderAnalysis.java> EVIDENCE_SCALAR phase=recursive at=020035d6 value=02057250 text=mov r5,#0x2057250 function=FUN_020035c2@020035c2 (GhidraScript)  
INFO  V15DecoderAnalysis.java> EVIDENCE_PCODE_CONST phase=recursive at=020035d6 value=02057250 op=COPY text=mov r5,#0x2057250 function=FUN_020035c2@020035c2 (GhidraScript)  
INFO  V15DecoderAnalysis.java> EVIDENCE_REF phase=recursive from=020035e0 text=add r1,r5,#0x27c to=020574cc type=PARAM function=FUN_020035c2@020035c2 (GhidraScript)  
INFO  V15DecoderAnalysis.java> EVIDENCE_REF phase=recursive from=02003798 text=mov r0,#0x20576fd to=020576fd type=PARAM function=FUN_02003670@02003670 (GhidraScript)  
INFO  V15DecoderAnalysis.java> EVIDENCE_SCALAR phase=recursive at=02003798 value=020576fd text=mov r0,#0x20576fd function=FUN_02003670@02003670 (GhidraScript)  
INFO  V15DecoderAnalysis.java> EVIDENCE_PCODE_CONST phase=recursive at=02003798 value=020576fd op=COPY text=mov r0,#0x20576fd function=FUN_02003670@02003670 (GhidraScript)  
INFO  V15DecoderAnalysis.java> EVIDENCE_SCALAR phase=recursive at=02004a60 value=02057954 text=mov r0,#0x2057954 function=FUN_02004a54@02004a54 (GhidraScript)  
INFO  V15DecoderAnalysis.java> EVIDENCE_PCODE_CONST phase=recursive at=02004a60 value=02057954 op=COPY text=mov r0,#0x2057954 function=FUN_02004a54@02004a54 (GhidraScript)  
INFO  V15DecoderAnalysis.java> EVIDENCE_REF phase=recursive from=02004a66 text=add r3,r0,#0xc to=02057960 type=PARAM function=FUN_02004a54@02004a54 (GhidraScript)  
INFO  V15DecoderAnalysis.java> EVIDENCE_SCALAR phase=recursive at=02006088 value=02057250 text=mov r12,#0x2057250 function=FUN_02005fac@02005fac (GhidraScript)  
INFO  V15DecoderAnalysis.java> EVIDENCE_PCODE_CONST phase=recursive at=02006088 value=02057250 op=COPY text=mov r12,#0x2057250 function=FUN_02005fac@02005fac (GhidraScript)  
INFO  V15DecoderAnalysis.java> EVIDENCE_REF phase=recursive from=02006d26 text=call r0 to=02057396 type=COMPUTED_CALL function=- (GhidraScript)  
INFO  V15DecoderAnalysis.java> EVIDENCE_SCALAR phase=recursive at=0200763a value=0205761c text=mov r4,#0x205761c function=FUN_02007618@02007618 (GhidraScript)  
INFO  V15DecoderAnalysis.java> EVIDENCE_PCODE_CONST phase=recursive at=0200763a value=0205761c op=COPY text=mov r4,#0x205761c function=FUN_02007618@02007618 (GhidraScript)  
INFO  V15DecoderAnalysis.java> EVIDENCE_SCALAR phase=recursive at=020078bc value=0205761c text=mov r4,#0x205761c function=FUN_0200789a@0200789a (GhidraScript)  
INFO  V15DecoderAnalysis.java> EVIDENCE_PCODE_CONST phase=recursive at=020078bc value=0205761c op=COPY text=mov r4,#0x205761c function=FUN_0200789a@0200789a (GhidraScript)  
INFO  V15DecoderAnalysis.java> EVIDENCE_SCALAR phase=recursive at=020086ea value=0205761c text=mov r0,#0x205761c function=FUN_020086be@020086be (GhidraScript)  
INFO  V15DecoderAnalysis.java> EVIDENCE_PCODE_CONST phase=recursive at=020086ea value=0205761c op=COPY text=mov r0,#0x205761c function=FUN_020086be@020086be (GhidraScript)  
INFO  V15DecoderAnalysis.java> EVIDENCE_SCALAR phase=recursive at=0200885c value=0205761c text=mov r0,#0x205761c function=FUN_020087e6@020087e6 (GhidraScript)  
INFO  V15DecoderAnalysis.java> EVIDENCE_PCODE_CONST phase=recursive at=0200885c value=0205761c op=COPY text=mov r0,#0x205761c function=FUN_020087e6@020087e6 (GhidraScript)  
ERROR Pcode error at 0200f10e: Program does not contain referenced instruction: 0200f112 (SleighInstructionPrototype)  
INFO  V15DecoderAnalysis.java> EVIDENCE_REF phase=recursive from=0201c552 text=mov r0,#0x205785b to=0205785b type=PARAM function=FUN_0201c4e4@0201c4e4 (GhidraScript)  
INFO  V15DecoderAnalysis.java> EVIDENCE_SCALAR phase=recursive at=0201c552 value=0205785b text=mov r0,#0x205785b function=FUN_0201c4e4@0201c4e4 (GhidraScript)  
INFO  V15DecoderAnalysis.java> EVIDENCE_PCODE_CONST phase=recursive at=0201c552 value=0205785b op=COPY text=mov r0,#0x205785b function=FUN_0201c4e4@0201c4e4 (GhidraScript)  
INFO  V15DecoderAnalysis.java> EVIDENCE_SCALAR phase=recursive at=0201ccb6 value=02057250 text=mov r1,#0x2057250 function=- (GhidraScript)  
INFO  V15DecoderAnalysis.java> EVIDENCE_PCODE_CONST phase=recursive at=0201ccb6 value=02057250 op=COPY text=mov r1,#0x2057250 function=- (GhidraScript)  
INFO  V15DecoderAnalysis.java> EVIDENCE_REF phase=recursive from=0201ccc2 text=lb.z r10,[r0 + r1] to=020573b3 type=DATA function=- (GhidraScript)  
INFO  V15DecoderAnalysis.java> EVIDENCE_SCALAR phase=recursive at=0201ccda value=02057250 text=mov r1,#0x2057250 function=- (GhidraScript)  
INFO  V15DecoderAnalysis.java> EVIDENCE_PCODE_CONST phase=recursive at=0201ccda value=02057250 op=COPY text=mov r1,#0x2057250 function=- (GhidraScript)  
INFO  V15DecoderAnalysis.java> EVIDENCE_SCALAR phase=recursive at=0201cd54 value=02057250 text=mov r1,#0x2057250 function=- (GhidraScript)  
INFO  V15DecoderAnalysis.java> EVIDENCE_PCODE_CONST phase=recursive at=0201cd54 value=02057250 op=COPY text=mov r1,#0x2057250 function=- (GhidraScript)  
INFO  V15DecoderAnalysis.java> EVIDENCE_REF phase=recursive from=0201cd60 text=lb.z r7,[r0 + r1] to=020573b3 type=DATA function=- (GhidraScript)  
INFO  V15DecoderAnalysis.java> EVIDENCE_SCALAR phase=recursive at=0201cd7a value=02057250 text=mov r1,#0x2057250 function=- (GhidraScript)  
INFO  V15DecoderAnalysis.java> EVIDENCE_PCODE_CONST phase=recursive at=0201cd7a value=02057250 op=COPY text=mov r1,#0x2057250 function=- (GhidraScript)  
INFO  V15DecoderAnalysis.java> EVIDENCE_SCALAR phase=recursive at=0201cda8 value=02057250 text=mov r3,#0x2057250 function=- (GhidraScript)  
INFO  V15DecoderAnalysis.java> EVIDENCE_PCODE_CONST phase=recursive at=0201cda8 value=02057250 op=COPY text=mov r3,#0x2057250 function=- (GhidraScript)  
INFO  V15DecoderAnalysis.java> EVIDENCE_REF phase=recursive from=0201cdb6 text=lb.z r3,[r0 + r3] to=020575dc type=DATA function=- (GhidraScript)  
INFO  V15DecoderAnalysis.java> EVIDENCE_SCALAR phase=recursive at=0201d08c value=02057250 text=mov r12,#0x2057250 function=FUN_0201d074@0201d074 (GhidraScript)  
INFO  V15DecoderAnalysis.java> EVIDENCE_PCODE_CONST phase=recursive at=0201d08c value=02057250 op=COPY text=mov r12,#0x2057250 function=FUN_0201d074@0201d074 (GhidraScript)  
INFO  V15DecoderAnalysis.java> EVIDENCE_REF phase=recursive from=0201d0bc text=lb.z r6,[r0 + r1] to=020573b3 type=DATA function=FUN_0201d074@0201d074 (GhidraScript)  
INFO  V15DecoderAnalysis.java> EVIDENCE_REF phase=recursive from=0201d0de text=lb.z r0,[r0 + r14] to=02057f74 type=DATA function=FUN_0201d074@0201d074 (GhidraScript)  
INFO  V15DecoderAnalysis.java> EVIDENCE_REF phase=recursive from=0201d14e text=lb.z r4,[r0 + r1] to=020573b3 type=DATA function=FUN_0201d074@0201d074 (GhidraScript)  
INFO  V15DecoderAnalysis.java> EVIDENCE_REF phase=recursive from=0201d170 text=lb.z r0,[r0 + r13] to=02057f74 type=DATA function=FUN_0201d074@0201d074 (GhidraScript)  
INFO  V15DecoderAnalysis.java> EVIDENCE_SCALAR phase=recursive at=0201d5cc value=02057250 text=mov r2,#0x2057250 function=- (GhidraScript)  
INFO  V15DecoderAnalysis.java> EVIDENCE_PCODE_CONST phase=recursive at=0201d5cc value=02057250 op=COPY text=mov r2,#0x2057250 function=- (GhidraScript)  
INFO  V15DecoderAnalysis.java> EVIDENCE_REF phase=recursive from=0201d5d8 text=lb.z r2,[r0 + r2] to=020575dc type=DATA function=- (GhidraScript)  
INFO  V15DecoderAnalysis.java> EVIDENCE_SCALAR phase=recursive at=0201deb6 value=0205785b text=mov r0,#0x205785b function=FUN_0201de84@0201de84 (GhidraScript)  
INFO  V15DecoderAnalysis.java> EVIDENCE_PCODE_CONST phase=recursive at=0201deb6 value=0205785b op=COPY text=mov r0,#0x205785b function=FUN_0201de84@0201de84 (GhidraScript)  
INFO  V15DecoderAnalysis.java> EVIDENCE_SCALAR phase=recursive at=0201f1f8 value=02057279 text=mov r13,#0x2057279 function=FUN_0201f1ac@0201f1ac (GhidraScript)  
INFO  V15DecoderAnalysis.java> EVIDENCE_PCODE_CONST phase=recursive at=0201f1f8 value=02057279 op=COPY text=mov r13,#0x2057279 function=FUN_0201f1ac@0201f1ac (GhidraScript)  
INFO  V15DecoderAnalysis.java> EVIDENCE_REF phase=recursive from=0201f1fe text=add r1,r13,#0xcdf to=02057f58 type=PARAM function=FUN_0201f1ac@0201f1ac (GhidraScript)  
INFO  V15DecoderAnalysis.java> EVIDENCE_REF phase=recursive from=0201f224 text=add r1,r13,#0x460 to=020576d9 type=PARAM function=FUN_0201f1ac@0201f1ac (GhidraScript)  
INFO  V15DecoderAnalysis.java> EVIDENCE_SCALAR phase=recursive at=0201f622 value=02057250 text=mov r13,#0x2057250 function=FUN_0201f5d8@0201f5d8 (GhidraScript)  
INFO  V15DecoderAnalysis.java> EVIDENCE_PCODE_CONST phase=recursive at=0201f622 value=02057250 op=COPY text=mov r13,#0x2057250 function=FUN_0201f5d8@0201f5d8 (GhidraScript)  
INFO  V15DecoderAnalysis.java> EVIDENCE_REF phase=recursive from=0201f62e text=add r1,r9,#0x38 to=02057f58 type=PARAM function=FUN_0201f5d8@0201f5d8 (GhidraScript)  
INFO  V15DecoderAnalysis.java> EVIDENCE_REF phase=recursive from=0201f654 text=add r1,r13,#0x177 to=020573c7 type=PARAM function=FUN_0201f5d8@0201f5d8 (GhidraScript)  
INFO  V15DecoderAnalysis.java> EVIDENCE_REF phase=recursive from=0201f67a text=mov r1,r11 to=02057f3c type=PARAM function=FUN_0201f5d8@0201f5d8 (GhidraScript)  
INFO  V15DecoderAnalysis.java> EVIDENCE_REF phase=recursive from=0201f6a4 text=add r1,r13,#0x181 to=020573d1 type=PARAM function=FUN_0201f5d8@0201f5d8 (GhidraScript)  
INFO  V15DecoderAnalysis.java> EVIDENCE_REF phase=recursive from=0201f6ce text=mov r1,r11 to=02057f3c type=PARAM function=FUN_0201f5d8@0201f5d8 (GhidraScript)  
INFO  V15DecoderAnalysis.java> EVIDENCE_REF phase=recursive from=0201f6fa text=add r1,r13,#0x74d to=0205799d type=PARAM function=FUN_0201f5d8@0201f5d8 (GhidraScript)  
INFO  V15DecoderAnalysis.java> EVIDENCE_REF phase=recursive from=0201f726 text=mov r1,r9 to=02057f20 type=PARAM function=FUN_0201f5d8@0201f5d8 (GhidraScript)  
INFO  V15DecoderAnalysis.java> EVIDENCE_REF phase=recursive from=0201f74e text=add r1,r13,#0x51a to=0205776a type=PARAM function=FUN_0201f5d8@0201f5d8 (GhidraScript)  
INFO  V15DecoderAnalysis.java> EVIDENCE_REF phase=recursive from=0201f80e text=lh.s r2,[r1 + r7] to=02057b50 type=READ function=FUN_0201f5d8@0201f5d8 (GhidraScript)  
INFO  V15DecoderAnalysis.java> EVIDENCE_REF phase=recursive from=0201f812 text=lh.s r3,[r1 + r6] to=02057b51 type=READ function=FUN_0201f5d8@0201f5d8 (GhidraScript)  
INFO  V15DecoderAnalysis.java> EVIDENCE_SCALAR phase=recursive at=0201f894 value=02057250 text=mov r11,#0x2057250 function=FUN_0201f84a@0201f84a (GhidraScript)  
INFO  V15DecoderAnalysis.java> EVIDENCE_PCODE_CONST phase=recursive at=0201f894 value=02057250 op=COPY text=mov r11,#0x2057250 function=FUN_0201f84a@0201f84a (GhidraScript)  
INFO  V15DecoderAnalysis.java> EVIDENCE_REF phase=recursive from=0201f89a text=add r1,r11,#0xd08 to=02057f58 type=PARAM function=FUN_0201f84a@0201f84a (GhidraScript)  
INFO  V15DecoderAnalysis.java> EVIDENCE_REF phase=recursive from=0201f8c2 text=add r1,r11,#0x22d to=0205747d type=PARAM function=FUN_0201f84a@0201f84a (GhidraScript)  
INFO  V15DecoderAnalysis.java> EVIDENCE_REF phase=recursive from=0201f950 text=mov r1,r10 to=02057f3c type=PARAM function=FUN_0201f84a@0201f84a (GhidraScript)  
INFO  V15DecoderAnalysis.java> EVIDENCE_REF phase=recursive from=0201f972 text=add r1,r11,#0x477 to=020576c7 type=PARAM function=FUN_0201f84a@0201f84a (GhidraScript)  
INFO  V15DecoderAnalysis.java> EVIDENCE_REF phase=recursive from=0201f996 text=mov r1,r10 to=02057f3c type=PARAM function=FUN_0201f84a@0201f84a (GhidraScript)  
INFO  V15DecoderAnalysis.java> EVIDENCE_REF phase=recursive from=0201f9c0 text=add r1,r11,#0x7e to=020572ce type=PARAM function=FUN_0201f84a@0201f84a (GhidraScript)  
INFO  V15DecoderAnalysis.java> EVIDENCE_REF phase=recursive from=0201f9e4 text=mov r1,r10 to=02057f3c type=PARAM function=FUN_0201f84a@0201f84a (GhidraScript)  
INFO  V15DecoderAnalysis.java> EVIDENCE_REF phase=recursive from=0201fa18 text=add r1,r11,#0x181 to=020573d1 type=PARAM function=FUN_0201f84a@0201f84a (GhidraScript)  
INFO  V15DecoderAnalysis.java> EVIDENCE_REF phase=recursive from=0201fa94 text=lh.s r2,[r6 + r13] to=02057c3c type=READ function=FUN_0201f84a@0201f84a (GhidraScript)  
INFO  V15DecoderAnalysis.java> EVIDENCE_REF phase=recursive from=0201fa98 text=lh.s r3,[r6 + r14] to=02057c3d type=READ function=FUN_0201f84a@0201f84a (GhidraScript)  
INFO  V15DecoderAnalysis.java> EVIDENCE_REF phase=recursive from=0201fb0c text=lh.s r2,[r6 + r8] to=020579ec type=READ function=FUN_0201f84a@0201f84a (GhidraScript)  
INFO  V15DecoderAnalysis.java> EVIDENCE_REF phase=recursive from=0201fb10 text=lh.s r3,[r6 + r10] to=020579ed type=READ function=FUN_0201f84a@0201f84a (GhidraScript)  
ERROR Pcode error at 0201fda6: Program does not contain referenced instruction: 0201fdaa (SleighInstructionPrototype)  
INFO  V15DecoderAnalysis.java> EVIDENCE_SCALAR phase=recursive at=0202038a value=02057250 text=mov r12,#0x2057250 function=FUN_02020376@02020376 (GhidraScript)  
INFO  V15DecoderAnalysis.java> EVIDENCE_PCODE_CONST phase=recursive at=0202038a value=02057250 op=COPY text=mov r12,#0x2057250 function=FUN_02020376@02020376 (GhidraScript)  
INFO  V15DecoderAnalysis.java> EVIDENCE_REF phase=recursive from=02020428 text=add r1,r4,#0x54 to=02057f58 type=PARAM function=FUN_02020376@02020376 (GhidraScript)  
INFO  V15DecoderAnalysis.java> EVIDENCE_REF phase=recursive from=0202044e text=add r1,r12,#0x215 to=02057465 type=PARAM function=FUN_02020376@02020376 (GhidraScript)  
INFO  V15DecoderAnalysis.java> EVIDENCE_REF phase=recursive from=0202046e text=add r1,r4,#0x38 to=02057f3c type=PARAM function=FUN_02020376@02020376 (GhidraScript)  
INFO  V15DecoderAnalysis.java> EVIDENCE_REF phase=recursive from=0202049c text=add r1,r12,#0x2c0 to=02057510 type=PARAM function=FUN_02020376@02020376 (GhidraScript)  
INFO  V15DecoderAnalysis.java> EVIDENCE_REF phase=recursive from=020204aa text=mov r0,r4 to=02057f04 type=PARAM function=FUN_02020376@02020376 (GhidraScript)  
INFO  V15DecoderAnalysis.java> EVIDENCE_REF phase=recursive from=02020580 text=add r1,r12,#0xd08 to=02057f58 type=PARAM function=FUN_02020376@02020376 (GhidraScript)  
INFO  V15DecoderAnalysis.java> EVIDENCE_REF phase=recursive from=020205a8 text=add r1,r12,#0x2b9 to=02057509 type=PARAM function=FUN_02020376@02020376 (GhidraScript)  
INFO  V15DecoderAnalysis.java> EVIDENCE_REF phase=recursive from=020205c8 text=add r1,r12,#0xcec to=02057f3c type=PARAM function=FUN_02020376@02020376 (GhidraScript)  
INFO  V15DecoderAnalysis.java> EVIDENCE_REF phase=recursive from=020205f6 text=add r1,r12,#0x2c0 to=02057510 type=PARAM function=FUN_02020376@02020376 (GhidraScript)  
INFO  V15DecoderAnalysis.java> EVIDENCE_REF phase=recursive from=020206f2 text=add r1,r12,#0xcd0 to=02057f20 type=PARAM function=FUN_02020376@02020376 (GhidraScript)  
INFO  V15DecoderAnalysis.java> EVIDENCE_REF phase=recursive from=02020728 text=add r1,r12,#0x6e to=020572be type=PARAM function=FUN_02020376@02020376 (GhidraScript)  
INFO  V15DecoderAnalysis.java> EVIDENCE_REF phase=recursive from=02020788 text=add r1,r12,#0xd08 to=02057f58 type=PARAM function=FUN_02020376@02020376 (GhidraScript)  
INFO  V15DecoderAnalysis.java> EVIDENCE_REF phase=recursive from=020207b0 text=add r1,r12,#0xa to=0205725a type=PARAM function=FUN_02020376@02020376 (GhidraScript)  
INFO  V15DecoderAnalysis.java> EVIDENCE_REF phase=recursive from=020208ac text=add r1,r12,#0xcec to=02057f3c type=PARAM function=FUN_02020376@02020376 (GhidraScript)  
INFO  V15DecoderAnalysis.java> EVIDENCE_REF phase=recursive from=020208e2 text=add r1,r12,#0x6e to=020572be type=PARAM function=FUN_02020376@02020376 (GhidraScript)  
INFO  V15DecoderAnalysis.java> EVIDENCE_REF phase=recursive from=02020946 text=mov r1,r8 to=02057f58 type=PARAM function=FUN_02020376@02020376 (GhidraScript)  
INFO  V15DecoderAnalysis.java> EVIDENCE_REF phase=recursive from=0202096c text=add r1,r12,#0x2d5 to=02057525 type=PARAM function=FUN_02020376@02020376 (GhidraScript)  
INFO  V15DecoderAnalysis.java> EVIDENCE_REF phase=recursive from=02020992 text=mov r1,r4 to=02057f3c type=PARAM function=FUN_02020376@02020376 (GhidraScript)  
INFO  V15DecoderAnalysis.java> EVIDENCE_REF phase=recursive from=020209b2 text=add r1,r12,#0x5df to=0205782f type=PARAM function=FUN_02020376@02020376 (GhidraScript)  
INFO  V15DecoderAnalysis.java> EVIDENCE_REF phase=recursive from=020209da text=mov r1,r4 to=02057f3c type=PARAM function=FUN_02020376@02020376 (GhidraScript)  
INFO  V15DecoderAnalysis.java> EVIDENCE_REF phase=recursive from=02020a00 text=add r1,r12,#0x26 to=02057276 type=PARAM function=FUN_02020376@02020376 (GhidraScript)  
INFO  V15DecoderAnalysis.java> EVIDENCE_REF phase=recursive from=02020a20 text=mov r1,r8 to=02057f58 type=PARAM function=FUN_02020376@02020376 (GhidraScript)  
INFO  V15DecoderAnalysis.java> EVIDENCE_REF phase=recursive from=02020a42 text=add r1,r12,#0xa to=0205725a type=PARAM function=FUN_02020376@02020376 (GhidraScript)  
INFO  V15DecoderAnalysis.java> EVIDENCE_REF phase=recursive from=02020a62 text=mov r1,r8 to=02057f58 type=PARAM function=FUN_02020376@02020376 (GhidraScript)  
INFO  V15DecoderAnalysis.java> EVIDENCE_REF phase=recursive from=02020a84 text=add r1,r12,#0x72 to=020572c2 type=PARAM function=FUN_02020376@02020376 (GhidraScript)  
INFO  V15DecoderAnalysis.java> EVIDENCE_REF phase=recursive from=02020aa4 text=mov r1,r8 to=02057f58 type=PARAM function=FUN_02020376@02020376 (GhidraScript)  
INFO  V15DecoderAnalysis.java> EVIDENCE_REF phase=recursive from=02020ac6 text=add r1,r12,#0x1d to=0205726d type=PARAM function=FUN_02020376@02020376 (GhidraScript)  
INFO  V15DecoderAnalysis.java> EVIDENCE_REF phase=recursive from=02020b3e text=lh.s r2,[r1 + r4] to=0205791a type=READ function=FUN_02020376@02020376 (GhidraScript)  
INFO  V15DecoderAnalysis.java> EVIDENCE_REF phase=recursive from=02020b42 text=lh.s r3,[r1 + r6] to=0205791b type=READ function=FUN_02020376@02020376 (GhidraScript)  
INFO  V15DecoderAnalysis.java> EVIDENCE_REF phase=recursive from=02020bac text=add r1,r12,#0xd08 to=02057f58 type=PARAM function=FUN_02020376@02020376 (GhidraScript)  
INFO  V15DecoderAnalysis.java> EVIDENCE_REF phase=recursive from=02020bd6 text=add r1,r12,#0x674 to=020578c4 type=PARAM function=FUN_02020376@02020376 (GhidraScript)  
INFO  V15DecoderAnalysis.java> EVIDENCE_REF phase=recursive from=02020c1a text=lh.s r7,[r2 + r6] to=02057a12 type=READ function=FUN_02020376@02020376 (GhidraScript)  
INFO  V15DecoderAnalysis.java> EVIDENCE_REF phase=recursive from=02020c38 text=mov r1,r5 to=02057f3c type=PARAM function=FUN_02020376@02020376 (GhidraScript)  
INFO  V15DecoderAnalysis.java> EVIDENCE_REF phase=recursive from=02020c58 text=lh.s r13,[r1 + r6] to=02057a20 type=READ function=FUN_02020376@02020376 (GhidraScript)  
INFO  V15DecoderAnalysis.java> EVIDENCE_REF phase=recursive from=02020c92 text=mov r1,r5 to=02057f3c type=PARAM function=FUN_02020376@02020376 (GhidraScript)  
INFO  V15DecoderAnalysis.java> EVIDENCE_REF phase=recursive from=02020cc8 text=add r1,r12,#0xc to=0205725c type=PARAM function=FUN_02020376@02020376 (GhidraScript)  
INFO  V15DecoderAnalysis.java> EVIDENCE_REF phase=recursive from=02020d08 text=mov r1,r5 to=02057f3c type=PARAM function=FUN_02020376@02020376 (GhidraScript)  
INFO  V15DecoderAnalysis.java> EVIDENCE_REF phase=recursive from=02020d3e text=add r1,r12,#0x8a to=020572da type=PARAM function=FUN_02020376@02020376 (GhidraScript)  
INFO  V15DecoderAnalysis.java> EVIDENCE_REF phase=recursive from=02020d96 text=add r1,r12,#0xd08 to=02057f58 type=PARAM function=FUN_02020376@02020376 (GhidraScript)  
INFO  V15DecoderAnalysis.java> EVIDENCE_REF phase=recursive from=02020dc0 text=add r1,r12,#0x6a4 to=020578f4 type=PARAM function=FUN_02020376@02020376 (GhidraScript)  
INFO  V15DecoderAnalysis.java> EVIDENCE_REF phase=recursive from=02020e04 text=lh.s r7,[r2 + r6] to=0205777e type=READ function=FUN_02020376@02020376 (GhidraScript)  
INFO  V15DecoderAnalysis.java> EVIDENCE_REF phase=recursive from=02020e22 text=mov r1,r5 to=02057f3c type=PARAM function=FUN_02020376@02020376 (GhidraScript)  
INFO  V15DecoderAnalysis.java> EVIDENCE_REF phase=recursive from=02020e42 text=lh.s r13,[r1 + r6] to=02057a20 type=READ function=FUN_02020376@02020376 (GhidraScript)  
INFO  V15DecoderAnalysis.java> EVIDENCE_REF phase=recursive from=02020e7c text=mov r1,r5 to=02057f3c type=PARAM function=FUN_02020376@02020376 (GhidraScript)  
INFO  V15DecoderAnalysis.java> EVIDENCE_REF phase=recursive from=02020eb2 text=add r1,r12,#0xc to=0205725c type=PARAM function=FUN_02020376@02020376 (GhidraScript)  
INFO  V15DecoderAnalysis.java> EVIDENCE_REF phase=recursive from=02020ef0 text=mov r1,r5 to=02057f3c type=PARAM function=FUN_02020376@02020376 (GhidraScript)  
INFO  V15DecoderAnalysis.java> EVIDENCE_REF phase=recursive from=02020f26 text=add r1,r12,#0x8a to=020572da type=PARAM function=FUN_02020376@02020376 (GhidraScript)  
INFO  V15DecoderAnalysis.java> EVIDENCE_REF phase=recursive from=02020f7e text=add r1,r12,#0xd08 to=02057f58 type=PARAM function=FUN_02020376@02020376 (GhidraScript)  
INFO  V15DecoderAnalysis.java> EVIDENCE_REF phase=recursive from=02020fae text=mov r1,r7 to=02057489 type=PARAM function=FUN_02020376@02020376 (GhidraScript)  
INFO  V15DecoderAnalysis.java> EVIDENCE_REF phase=recursive from=02020fee text=mov r1,r5 to=02057f3c type=PARAM function=FUN_02020376@02020376 (GhidraScript)  
INFO  V15DecoderAnalysis.java> EVIDENCE_REF phase=recursive from=02021012 text=add r1,r7,#0x6 to=0205748f type=PARAM function=FUN_02020376@02020376 (GhidraScript)  
INFO  V15DecoderAnalysis.java> EVIDENCE_REF phase=recursive from=0202102c text=mov r1,r5 to=02057f3c type=PARAM function=FUN_02020376@02020376 (GhidraScript)  
INFO  V15DecoderAnalysis.java> EVIDENCE_REF phase=recursive from=02021054 text=add r1,r12,#0x8 to=02057258 type=PARAM function=FUN_02020376@02020376 (GhidraScript)  
INFO  V15DecoderAnalysis.java> EVIDENCE_REF phase=recursive from=02021082 text=mov r1,r5 to=02057f3c type=PARAM function=FUN_02020376@02020376 (GhidraScript)  
INFO  V15DecoderAnalysis.java> EVIDENCE_REF phase=recursive from=020210a4 text=add r1,r12,#0x2f to=0205727f type=PARAM function=FUN_02020376@02020376 (GhidraScript)  
INFO  V15DecoderAnalysis.java> EVIDENCE_REF phase=recursive from=020210c4 text=mov r1,r5 to=02057f3c type=PARAM function=FUN_02020376@02020376 (GhidraScript)  
INFO  V15DecoderAnalysis.java> EVIDENCE_REF phase=recursive from=020210e6 text=add r1,r7,#0xb1 to=0205753a type=PARAM function=FUN_02020376@02020376 (GhidraScript)  
INFO  V15DecoderAnalysis.java> EVIDENCE_REF phase=recursive from=02021106 text=mov r1,r5 to=02057f3c type=PARAM function=FUN_02020376@02020376 (GhidraScript)  
INFO  V15DecoderAnalysis.java> EVIDENCE_REF phase=recursive from=02021128 text=add r1,r12,#0xa to=0205725a type=PARAM function=FUN_02020376@02020376 (GhidraScript)  
INFO  V15DecoderAnalysis.java> EVIDENCE_REF phase=recursive from=0202115e text=mov r1,r5 to=02057f3c type=PARAM function=FUN_02020376@02020376 (GhidraScript)  
INFO  V15DecoderAnalysis.java> EVIDENCE_REF phase=recursive from=02021180 text=add r1,r12,#0x20 to=02057270 type=PARAM function=FUN_02020376@02020376 (GhidraScript)  
INFO  V15DecoderAnalysis.java> EVIDENCE_REF phase=recursive from=020211ee text=lh.s r2,[r1 + r5] to=02057b80 type=READ function=FUN_02020376@02020376 (GhidraScript)  
INFO  V15DecoderAnalysis.java> EVIDENCE_REF phase=recursive from=020211f2 text=lh.s r3,[r1 + r6] to=02057b81 type=READ function=FUN_02020376@02020376 (GhidraScript)  
INFO  V15DecoderAnalysis.java> EVIDENCE_REF phase=recursive from=0202125e text=add r1,r12,#0xd08 to=02057f58 type=PARAM function=FUN_02020376@02020376 (GhidraScript)  
INFO  V15DecoderAnalysis.java> EVIDENCE_REF phase=recursive from=0202128e text=mov r1,r6 to=0205744d type=PARAM function=FUN_02020376@02020376 (GhidraScript)  
INFO  V15DecoderAnalysis.java> EVIDENCE_REF phase=recursive from=020212ce text=mov r1,r8 to=02057f3c type=PARAM function=FUN_02020376@02020376 (GhidraScript)  
INFO  V15DecoderAnalysis.java> EVIDENCE_REF phase=recursive from=020212ee text=add r1,r6,#0xf4 to=02057541 type=PARAM function=FUN_02020376@02020376 (GhidraScript)  
INFO  V15DecoderAnalysis.java> EVIDENCE_REF phase=recursive from=0202130e text=mov r1,r8 to=02057f3c type=PARAM function=FUN_02020376@02020376 (GhidraScript)  
INFO  V15DecoderAnalysis.java> EVIDENCE_REF phase=recursive from=02021334 text=add r1,r6,#0x6 to=02057453 type=PARAM function=FUN_02020376@02020376 (GhidraScript)  
INFO  V15DecoderAnalysis.java> EVIDENCE_REF phase=recursive from=0202134e text=mov r1,r8 to=02057f3c type=PARAM function=FUN_02020376@02020376 (GhidraScript)  
INFO  V15DecoderAnalysis.java> EVIDENCE_REF phase=recursive from=0202137c text=mov r1,r4 to=0205725a type=PARAM function=FUN_02020376@02020376 (GhidraScript)  
INFO  V15DecoderAnalysis.java> EVIDENCE_REF phase=recursive from=020213ae text=mov r1,r8 to=02057f3c type=PARAM function=FUN_02020376@02020376 (GhidraScript)  
INFO  V15DecoderAnalysis.java> EVIDENCE_REF phase=recursive from=020213d0 text=mov r1,r4 to=0205725a type=PARAM function=FUN_02020376@02020376 (GhidraScript)  
INFO  V15DecoderAnalysis.java> EVIDENCE_REF phase=recursive from=02021404 text=mov r1,r8 to=02057f3c type=PARAM function=FUN_02020376@02020376 (GhidraScript)  
INFO  V15DecoderAnalysis.java> EVIDENCE_REF phase=recursive from=02021426 text=add r1,r12,#0x2f to=0205727f type=PARAM function=FUN_02020376@02020376 (GhidraScript)  
INFO  V15DecoderAnalysis.java> EVIDENCE_REF phase=recursive from=02021446 text=mov r1,r8 to=02057f3c type=PARAM function=FUN_02020376@02020376 (GhidraScript)  
INFO  V15DecoderAnalysis.java> EVIDENCE_REF phase=recursive from=02021468 text=add r1,r12,#0x20 to=02057270 type=PARAM function=FUN_02020376@02020376 (GhidraScript)  
INFO  V15DecoderAnalysis.java> EVIDENCE_REF phase=recursive from=020214d6 text=lh.s r2,[r1 + r4] to=02057b80 type=READ function=FUN_02020376@02020376 (GhidraScript)  
INFO  V15DecoderAnalysis.java> EVIDENCE_REF phase=recursive from=020214da text=lh.s r3,[r1 + r5] to=02057b81 type=READ function=FUN_02020376@02020376 (GhidraScript)  
INFO  V15DecoderAnalysis.java> EVIDENCE_REF phase=recursive from=02021542 text=mov r1,r4 to=02057f58 type=PARAM function=FUN_02020376@02020376 (GhidraScript)  
INFO  V15DecoderAnalysis.java> EVIDENCE_REF phase=recursive from=02021568 text=add r1,r12,#0x54c to=0205779c type=PARAM function=FUN_02020376@02020376 (GhidraScript)  
INFO  V15DecoderAnalysis.java> EVIDENCE_REF phase=recursive from=02021588 text=mov r1,r4 to=02057f58 type=PARAM function=FUN_02020376@02020376 (GhidraScript)  
INFO  V15DecoderAnalysis.java> EVIDENCE_REF phase=recursive from=020215b2 text=add r1,r12,#0x8e to=020572de type=PARAM function=FUN_02020376@02020376 (GhidraScript)  
INFO  V15DecoderAnalysis.java> EVIDENCE_REF phase=recursive from=0202163c text=lh.s r2,[r1 + r4] to=02057b98 type=READ function=FUN_02020376@02020376 (GhidraScript)  
INFO  V15DecoderAnalysis.java> EVIDENCE_REF phase=recursive from=02021640 text=lh.s r3,[r1 + r5] to=02057b99 type=READ function=FUN_02020376@02020376 (GhidraScript)  
INFO  V15DecoderAnalysis.java> EVIDENCE_REF phase=recursive from=020216bc text=add r1,r12,#0xd08 to=02057f58 type=PARAM function=FUN_02020376@02020376 (GhidraScript)  
INFO  V15DecoderAnalysis.java> EVIDENCE_REF phase=recursive from=020216e2 text=add r1,r12,#0x492 to=020576e2 type=PARAM function=FUN_02020376@02020376 (GhidraScript)  
INFO  V15DecoderAnalysis.java> EVIDENCE_REF phase=recursive from=020218d6 text=add r1,r12,#0xd08 to=02057f58 type=PARAM function=FUN_02020376@02020376 (GhidraScript)  
INFO  V15DecoderAnalysis.java> EVIDENCE_REF phase=recursive from=02021900 text=add r1,r12,#0x209 to=02057459 type=PARAM function=FUN_02020376@02020376 (GhidraScript)  
INFO  V15DecoderAnalysis.java> EVIDENCE_REF phase=recursive from=0202191a text=add r1,r12,#0x644 to=02057894 type=PARAM function=FUN_02020376@02020376 (GhidraScript)  
INFO  V15DecoderAnalysis.java> EVIDENCE_REF phase=recursive from=0202194c text=add r1,r12,#0x650 to=020578a0 type=PARAM function=FUN_02020376@02020376 (GhidraScript)  
INFO  V15DecoderAnalysis.java> EVIDENCE_REF phase=recursive from=020219b0 text=mov r1,r5 to=02057f3c type=PARAM function=FUN_02020376@02020376 (GhidraScript)  
INFO  V15DecoderAnalysis.java> EVIDENCE_REF phase=recursive from=020219d0 text=lh.s r4,[r1 + r6] to=02057a20 type=READ function=FUN_02020376@02020376 (GhidraScript)  
INFO  V15DecoderAnalysis.java> EVIDENCE_REF phase=recursive from=02021a0a text=mov r1,r5 to=02057f3c type=PARAM function=FUN_02020376@02020376 (GhidraScript)  
INFO  V15DecoderAnalysis.java> EVIDENCE_REF phase=recursive from=02021a34 text=lh.s r2,[r1 + r6] to=02057a2e type=READ function=FUN_02020376@02020376 (GhidraScript)  
INFO  V15DecoderAnalysis.java> EVIDENCE_REF phase=recursive from=02021a46 text=add r1,r12,#0x7e to=020572ce type=PARAM function=FUN_02020376@02020376 (GhidraScript)  
INFO  V15DecoderAnalysis.java> EVIDENCE_REF phase=recursive from=02021a86 text=mov r1,r5 to=02057f3c type=PARAM function=FUN_02020376@02020376 (GhidraScript)  
INFO  V15DecoderAnalysis.java> EVIDENCE_REF phase=recursive from=02021abc text=add r1,r12,#0x8a to=020572da type=PARAM function=FUN_02020376@02020376 (GhidraScript)  
INFO  V15DecoderAnalysis.java> EVIDENCE_REF phase=recursive from=02021b4a text=add r1,r12,#0xd08 to=02057f58 type=PARAM function=FUN_02020376@02020376 (GhidraScript)  
INFO  V15DecoderAnalysis.java> EVIDENCE_REF phase=recursive from=02021b74 text=add r1,r12,#0x538 to=02057788 type=PARAM function=FUN_02020376@02020376 (GhidraScript)  
INFO  V15DecoderAnalysis.java> EVIDENCE_REF phase=recursive from=02021b8e text=add r1,r12,#0x644 to=02057894 type=PARAM function=FUN_02020376@02020376 (GhidraScript)  
INFO  V15DecoderAnalysis.java> EVIDENCE_REF phase=recursive from=02021bc0 text=add r1,r12,#0x650 to=020578a0 type=PARAM function=FUN_02020376@02020376 (GhidraScript)  
INFO  V15DecoderAnalysis.java> EVIDENCE_REF phase=recursive from=02021c24 text=mov r1,r7 to=02057f3c type=PARAM function=FUN_02020376@02020376 (GhidraScript)  
INFO  V15DecoderAnalysis.java> EVIDENCE_REF phase=recursive from=02021c44 text=lh.s r13,[r1 + r5] to=02057a20 type=READ function=FUN_02020376@02020376 (GhidraScript)  
INFO  V15DecoderAnalysis.java> EVIDENCE_REF phase=recursive from=02021c7e text=mov r1,r7 to=02057f3c type=PARAM function=FUN_02020376@02020376 (GhidraScript)  
INFO  V15DecoderAnalysis.java> EVIDENCE_REF phase=recursive from=02021cb4 text=add r1,r12,#0x8a to=020572da type=PARAM function=FUN_02020376@02020376 (GhidraScript)  
INFO  V15DecoderAnalysis.java> EVIDENCE_REF phase=recursive from=02021cd8 text=mov r1,r7 to=02057f3c type=PARAM function=FUN_02020376@02020376 (GhidraScript)  
INFO  V15DecoderAnalysis.java> EVIDENCE_REF phase=recursive from=02021d02 text=lh.s r2,[r1 + r5] to=02057a58 type=READ function=FUN_02020376@02020376 (GhidraScript)  
INFO  V15DecoderAnalysis.java> EVIDENCE_REF phase=recursive from=02021d14 text=add r1,r12,#0xc to=0205725c type=PARAM function=FUN_02020376@02020376 (GhidraScript)  
INFO  V15DecoderAnalysis.java> EVIDENCE_REF phase=recursive from=02021d9e text=add r1,r12,#0xd08 to=02057f58 type=PARAM function=FUN_02020376@02020376 (GhidraScript)  
INFO  V15DecoderAnalysis.java> EVIDENCE_REF phase=recursive from=02021dd0 text=add r1,r12,#0x5a8 to=020577f8 type=PARAM function=FUN_02020376@02020376 (GhidraScript)  
INFO  V15DecoderAnalysis.java> EVIDENCE_REF phase=recursive from=02021e56 text=lh.s r2,[r1 + r5] to=020572b2 type=READ function=FUN_02020376@02020376 (GhidraScript)  
INFO  V15DecoderAnalysis.java> EVIDENCE_REF phase=recursive from=02021ec2 text=add r1,r12,#0xd08 to=02057f58 type=PARAM function=FUN_02020376@02020376 (GhidraScript)  
INFO  V15DecoderAnalysis.java> EVIDENCE_REF phase=recursive from=02021eea text=add r1,r12,#0x492 to=020576e2 type=PARAM function=FUN_02020376@02020376 (GhidraScript)  
INFO  V15DecoderAnalysis.java> EVIDENCE_REF phase=recursive from=02021f18 text=mov r1,r4 to=02057f3c type=PARAM function=FUN_02020376@02020376 (GhidraScript)  
INFO  V15DecoderAnalysis.java> EVIDENCE_REF phase=recursive from=02021f40 text=add r1,r12,#0x5f5 to=02057845 type=PARAM function=FUN_02020376@02020376 (GhidraScript)  
INFO  V15DecoderAnalysis.java> EVIDENCE_REF phase=recursive from=02021f64 text=mov r1,r4 to=02057f3c type=PARAM function=FUN_02020376@02020376 (GhidraScript)  
INFO  V15DecoderAnalysis.java> EVIDENCE_REF phase=recursive from=02021f8c text=add r1,r12,#0x2f to=0205727f type=PARAM function=FUN_02020376@02020376 (GhidraScript)  
INFO  V15DecoderAnalysis.java> EVIDENCE_REF phase=recursive from=020220c4 text=add r1,r12,#0xd08 to=02057f58 type=PARAM function=FUN_02020376@02020376 (GhidraScript)  
INFO  V15DecoderAnalysis.java> EVIDENCE_REF phase=recursive from=020220ee text=add r1,r12,#0x46e to=020576be type=PARAM function=FUN_02020376@02020376 (GhidraScript)  
INFO  V15DecoderAnalysis.java> EVIDENCE_REF phase=recursive from=02022114 text=mov r1,r13 to=02057f3c type=PARAM function=FUN_02020376@02020376 (GhidraScript)  
INFO  V15DecoderAnalysis.java> EVIDENCE_REF phase=recursive from=02022138 text=add r1,r12,#0x5f5 to=02057845 type=PARAM function=FUN_02020376@02020376 (GhidraScript)  
INFO  V15DecoderAnalysis.java> EVIDENCE_REF phase=recursive from=02022158 text=mov r1,r13 to=02057f3c type=PARAM function=FUN_02020376@02020376 (GhidraScript)  
INFO  V15DecoderAnalysis.java> EVIDENCE_REF phase=recursive from=0202217e text=add r1,r12,#0x26 to=02057276 type=PARAM function=FUN_02020376@02020376 (GhidraScript)  
INFO  V15DecoderAnalysis.java> EVIDENCE_REF phase=recursive from=020221bc text=mov r1,r13 to=02057f3c type=PARAM function=FUN_02020376@02020376 (GhidraScript)  
INFO  V15DecoderAnalysis.java> EVIDENCE_REF phase=recursive from=020221f2 text=add r1,r12,#0xc to=0205725c type=PARAM function=FUN_02020376@02020376 (GhidraScript)  
INFO  V15DecoderAnalysis.java> EVIDENCE_REF phase=recursive from=0202225a text=lh.z r2,[r0 + r15] to=02057b69 type=READ function=FUN_02020376@02020376 (GhidraScript)  
INFO  V15DecoderAnalysis.java> EVIDENCE_REF phase=recursive from=02022264 text=lh.z r2,[r0 + r11] to=02057b68 type=READ function=FUN_02020376@02020376 (GhidraScript)  
INFO  V15DecoderAnalysis.java> EVIDENCE_REF phase=recursive from=0202232c text=mov r1,r5 to=02057f3c type=PARAM function=FUN_02020376@02020376 (GhidraScript)  
INFO  V15DecoderAnalysis.java> EVIDENCE_REF phase=recursive from=02022352 text=add r1,r12,#0x233 to=02057483 type=PARAM function=FUN_02020376@02020376 (GhidraScript)  
INFO  V15DecoderAnalysis.java> EVIDENCE_REF phase=recursive from=02022372 text=mov r1,r5 to=02057f3c type=PARAM function=FUN_02020376@02020376 (GhidraScript)  
INFO  V15DecoderAnalysis.java> EVIDENCE_REF phase=recursive from=020223a4 text=add r1,r12,#0x86 to=020572d6 type=PARAM function=FUN_02020376@02020376 (GhidraScript)  
INFO  V15DecoderAnalysis.java> EVIDENCE_REF phase=recursive from=020223c4 text=mov r1,r5 to=02057f3c type=PARAM function=FUN_02020376@02020376 (GhidraScript)  
INFO  V15DecoderAnalysis.java> EVIDENCE_REF phase=recursive from=020223e6 text=add r1,r12,#0x75a to=020579aa type=PARAM function=FUN_02020376@02020376 (GhidraScript)  
INFO  V15DecoderAnalysis.java> EVIDENCE_REF phase=recursive from=02022406 text=mov r1,r5 to=02057f3c type=PARAM function=FUN_02020376@02020376 (GhidraScript)  
INFO  V15DecoderAnalysis.java> EVIDENCE_REF phase=recursive from=02022432 text=add r1,r12,#0xc to=0205725c type=PARAM function=FUN_02020376@02020376 (GhidraScript)  
INFO  V15DecoderAnalysis.java> EVIDENCE_REF phase=recursive from=0202248c text=mov r1,r13 to=02057f3c type=PARAM function=FUN_02020376@02020376 (GhidraScript)  
INFO  V15DecoderAnalysis.java> EVIDENCE_REF phase=recursive from=020224b2 text=add r1,r12,#0xc to=0205725c type=PARAM function=FUN_02020376@02020376 (GhidraScript)  
INFO  V15DecoderAnalysis.java> EVIDENCE_REF phase=recursive from=02022504 text=mov r1,r13 to=02057f3c type=PARAM function=FUN_02020376@02020376 (GhidraScript)  
INFO  V15DecoderAnalysis.java> EVIDENCE_REF phase=recursive from=02022518 text=lh.z r1,[r1 + r6] to=02057a20 type=READ function=FUN_02020376@02020376 (GhidraScript)  
INFO  V15DecoderAnalysis.java> EVIDENCE_REF phase=recursive from=02022548 text=mov r1,r13 to=02057f3c type=PARAM function=FUN_02020376@02020376 (GhidraScript)  
INFO  V15DecoderAnalysis.java> EVIDENCE_REF phase=recursive from=02022586 text=add r1,r12,#0x394 to=020575e4 type=PARAM function=FUN_02020376@02020376 (GhidraScript)  
INFO  V15DecoderAnalysis.java> EVIDENCE_REF phase=recursive from=020225c6 text=add r1,r12,#0x8a to=020572da type=PARAM function=FUN_02020376@02020376 (GhidraScript)  
INFO  V15DecoderAnalysis.java> EVIDENCE_REF phase=recursive from=020225f6 text=add r1,r12,#0x2e3 to=02057533 type=PARAM function=FUN_02020376@02020376 (GhidraScript)  
INFO  V15DecoderAnalysis.java> EVIDENCE_REF phase=recursive from=02022622 text=mov r1,r13 to=02057f3c type=PARAM function=FUN_02020376@02020376 (GhidraScript)  
INFO  V15DecoderAnalysis.java> EVIDENCE_REF phase=recursive from=02022658 text=add r1,r12,#0x66 to=020572b6 type=PARAM function=FUN_02020376@02020376 (GhidraScript)  
INFO  V15DecoderAnalysis.java> EVIDENCE_REF phase=recursive from=02022696 text=add r1,r12,#0x14 to=02057264 type=PARAM function=FUN_02020376@02020376 (GhidraScript)  
INFO  V15DecoderAnalysis.java> EVIDENCE_REF phase=recursive from=020226b6 text=add r1,r12,#0x168 to=020573b8 type=PARAM function=FUN_02020376@02020376 (GhidraScript)  
INFO  V15DecoderAnalysis.java> EVIDENCE_REF phase=recursive from=020226e0 text=add r1,r12,#0x26 to=02057276 type=PARAM function=FUN_02020376@02020376 (GhidraScript)  
INFO  V15DecoderAnalysis.java> EVIDENCE_REF phase=recursive from=0202273a text=add r1,r12,#0xd08 to=02057f58 type=PARAM function=FUN_02020376@02020376 (GhidraScript)  
INFO  V15DecoderAnalysis.java> EVIDENCE_REF phase=recursive from=02022764 text=add r1,r12,#0x17 to=02057267 type=PARAM function=FUN_02020376@02020376 (GhidraScript)  
INFO  V15DecoderAnalysis.java> EVIDENCE_REF phase=recursive from=020227be text=mov r1,r5 to=02057f3c type=PARAM function=FUN_02020376@02020376 (GhidraScript)  
INFO  V15DecoderAnalysis.java> EVIDENCE_REF phase=recursive from=020227de text=lh.s r4,[r1 + r6] to=02057a20 type=READ function=FUN_02020376@02020376 (GhidraScript)  
INFO  V15DecoderAnalysis.java> EVIDENCE_REF phase=recursive from=02022818 text=mov r1,r5 to=02057f3c type=PARAM function=FUN_02020376@02020376 (GhidraScript)  
INFO  V15DecoderAnalysis.java> EVIDENCE_REF phase=recursive from=02022842 text=lh.s r2,[r1 + r6] to=02057756 type=READ function=FUN_02020376@02020376 (GhidraScript)  
INFO  V15DecoderAnalysis.java> EVIDENCE_REF phase=recursive from=02022854 text=add r1,r12,#0x1a to=0205726a type=PARAM function=FUN_02020376@02020376 (GhidraScript)  
INFO  V15DecoderAnalysis.java> EVIDENCE_REF phase=recursive from=02022894 text=mov r1,r5 to=02057f3c type=PARAM function=FUN_02020376@02020376 (GhidraScript)  
INFO  V15DecoderAnalysis.java> EVIDENCE_REF phase=recursive from=020228ca text=add r1,r12,#0x8a to=020572da type=PARAM function=FUN_02020376@02020376 (GhidraScript)  
INFO  V15DecoderAnalysis.java> EVIDENCE_REF phase=recursive from=02022920 text=add r1,r12,#0xd08 to=02057f58 type=PARAM function=FUN_02020376@02020376 (GhidraScript)  
INFO  V15DecoderAnalysis.java> EVIDENCE_REF phase=recursive from=0202294a text=add r1,r12,#0x16d to=020573bd type=PARAM function=FUN_02020376@02020376 (GhidraScript)  
INFO  V15DecoderAnalysis.java> EVIDENCE_REF phase=recursive from=020229c4 text=mov r1,r5 to=02057f3c type=PARAM function=FUN_02020376@02020376 (GhidraScript)  
INFO  V15DecoderAnalysis.java> EVIDENCE_REF phase=recursive from=020229e4 text=lh.s r7,[r1 + r4] to=02057a20 type=READ function=FUN_02020376@02020376 (GhidraScript)  
INFO  V15DecoderAnalysis.java> EVIDENCE_REF phase=recursive from=02022a26 text=mov r1,r5 to=02057f3c type=PARAM function=FUN_02020376@02020376 (GhidraScript)  
INFO  V15DecoderAnalysis.java> EVIDENCE_REF phase=recursive from=02022a50 text=lh.s r2,[r1 + r4] to=02057760 type=READ function=FUN_02020376@02020376 (GhidraScript)  
INFO  V15DecoderAnalysis.java> EVIDENCE_REF phase=recursive from=02022a62 text=add r1,r12,#0x6 to=02057256 type=PARAM function=FUN_02020376@02020376 (GhidraScript)  
INFO  V15DecoderAnalysis.java> EVIDENCE_REF phase=recursive from=02022aba text=mov r1,r5 to=02057f3c type=PARAM function=FUN_02020376@02020376 (GhidraScript)  
INFO  V15DecoderAnalysis.java> EVIDENCE_REF phase=recursive from=02022af0 text=add r1,r12,#0x8a to=020572da type=PARAM function=FUN_02020376@02020376 (GhidraScript)  
INFO  V15DecoderAnalysis.java> EVIDENCE_REF phase=recursive from=02022b94 text=mov r1,r5 to=02057f3c type=PARAM function=FUN_02020376@02020376 (GhidraScript)  
INFO  V15DecoderAnalysis.java> EVIDENCE_REF phase=recursive from=02022bc2 text=add r1,r12,#0xe3c to=0205808c type=PARAM function=FUN_02020376@02020376 (GhidraScript)  
INFO  V15DecoderAnalysis.java> EVIDENCE_REF phase=recursive from=02022bf8 text=mov r1,r5 to=02057f3c type=PARAM function=FUN_02020376@02020376 (GhidraScript)  
INFO  V15DecoderAnalysis.java> EVIDENCE_REF phase=recursive from=02022c0c text=lh.z r1,[r1 + r6] to=02057a20 type=READ function=FUN_02020376@02020376 (GhidraScript)  
INFO  V15DecoderAnalysis.java> EVIDENCE_REF phase=recursive from=02022c48 text=mov r1,r5 to=02057f3c type=PARAM function=FUN_02020376@02020376 (GhidraScript)  
INFO  V15DecoderAnalysis.java> EVIDENCE_REF phase=recursive from=02022c7e text=add r1,r12,#0x394 to=020575e4 type=PARAM function=FUN_02020376@02020376 (GhidraScript)  
INFO  V15DecoderAnalysis.java> EVIDENCE_REF phase=recursive from=02022ca0 text=add r1,r12,#0x8a to=020572da type=PARAM function=FUN_02020376@02020376 (GhidraScript)  
INFO  V15DecoderAnalysis.java> EVIDENCE_REF phase=recursive from=02022cfc text=add r1,r12,#0xd08 to=02057f58 type=PARAM function=FUN_02020376@02020376 (GhidraScript)  
INFO  V15DecoderAnalysis.java> EVIDENCE_REF phase=recursive from=02022d24 text=add r1,r12,#0x6e0 to=02057930 type=PARAM function=FUN_02020376@02020376 (GhidraScript)  
INFO  V15DecoderAnalysis.java> EVIDENCE_REF phase=recursive from=02022d4a text=mov r1,r4 to=02057f3c type=PARAM function=FUN_02020376@02020376 (GhidraScript)  
INFO  V15DecoderAnalysis.java> EVIDENCE_REF phase=recursive from=02022d6e text=add r1,r12,#0x30d to=0205755d type=PARAM function=FUN_02020376@02020376 (GhidraScript)  
INFO  V15DecoderAnalysis.java> EVIDENCE_REF phase=recursive from=02022d8e text=mov r1,r4 to=02057f3c type=PARAM function=FUN_02020376@02020376 (GhidraScript)  
INFO  V15DecoderAnalysis.java> EVIDENCE_REF phase=recursive from=02022de0 text=add r1,r12,0x10c4 to=02058314 type=PARAM function=FUN_02020376@02020376 (GhidraScript)  
INFO  V15DecoderAnalysis.java> EVIDENCE_REF phase=recursive from=02022e00 text=mov r1,r4 to=02057f3c type=PARAM function=FUN_02020376@02020376 (GhidraScript)  
INFO  V15DecoderAnalysis.java> EVIDENCE_REF phase=recursive from=02022e2c text=add r1,r12,#0xa01 to=02057c51 type=PARAM function=FUN_02020376@02020376 (GhidraScript)  
INFO  V15DecoderAnalysis.java> EVIDENCE_REF phase=recursive from=020232c4 text=add r1,r12,#0xcec to=02057f3c type=PARAM function=FUN_02020376@02020376 (GhidraScript)  
INFO  V15DecoderAnalysis.java> EVIDENCE_REF phase=recursive from=020232f0 text=add r1,r12,#0x6e to=020572be type=PARAM function=FUN_02020376@02020376 (GhidraScript)  
INFO  V15DecoderAnalysis.java> EVIDENCE_SCALAR phase=recursive at=02023378 value=02057250 text=mov r4,#0x2057250 function=FUN_02023376@02023376 (GhidraScript)  
INFO  V15DecoderAnalysis.java> EVIDENCE_PCODE_CONST phase=recursive at=02023378 value=02057250 op=COPY text=mov r4,#0x2057250 function=FUN_02023376@02023376 (GhidraScript)  
INFO  V15DecoderAnalysis.java> EVIDENCE_REF phase=recursive from=020233d2 text=lb.z r0,[r0 + r1] to=02057440 type=DATA function=FUN_02023376@02023376 (GhidraScript)  
INFO  V15DecoderAnalysis.java> EVIDENCE_REF phase=recursive from=020233d2 text=lb.z r0,[r0 + r1] to=02057446 type=READ function=FUN_02023376@02023376 (GhidraScript)  
INFO  V15DecoderAnalysis.java> EVIDENCE_REF phase=recursive from=020233d2 text=lb.z r0,[r0 + r1] to=02057445 type=READ function=FUN_02023376@02023376 (GhidraScript)  
INFO  V15DecoderAnalysis.java> EVIDENCE_REF phase=recursive from=020233d2 text=lb.z r0,[r0 + r1] to=02057444 type=READ function=FUN_02023376@02023376 (GhidraScript)  
INFO  V15DecoderAnalysis.java> EVIDENCE_REF phase=recursive from=020233d2 text=lb.z r0,[r0 + r1] to=02057442 type=READ function=FUN_02023376@02023376 (GhidraScript)  
INFO  V15DecoderAnalysis.java> EVIDENCE_REF phase=recursive from=020233d2 text=lb.z r0,[r0 + r1] to=02057441 type=READ function=FUN_02023376@02023376 (GhidraScript)  
INFO  V15DecoderAnalysis.java> EVIDENCE_REF phase=recursive from=020233de text=add r1,r4,#0xbe0 to=02057e30 type=PARAM function=FUN_02023376@02023376 (GhidraScript)  
INFO  V15DecoderAnalysis.java> EVIDENCE_SCALAR phase=recursive at=020234aa value=02057250 text=mov r9,#0x2057250 function=FUN_020234a4@020234a4 (GhidraScript)  
INFO  V15DecoderAnalysis.java> EVIDENCE_PCODE_CONST phase=recursive at=020234aa value=02057250 op=COPY text=mov r9,#0x2057250 function=FUN_020234a4@020234a4 (GhidraScript)  
INFO  V15DecoderAnalysis.java> EVIDENCE_REF phase=recursive from=020234f6 text=}  lb.z r6, [r6 + r10] to=02057bd0 type=DATA function=FUN_020234a4@020234a4 (GhidraScript)  
INFO  V15DecoderAnalysis.java> EVIDENCE_REF phase=recursive from=02023518 text=lb.z r6,[r6 + r10] to=02057bd0 type=READ function=FUN_020234a4@020234a4 (GhidraScript)  
INFO  V15DecoderAnalysis.java> EVIDENCE_REF phase=recursive from=020235a8 text=add r0,r9,#0x60b to=0205785b type=PARAM function=FUN_020234a4@020234a4 (GhidraScript)  
INFO  V15DecoderAnalysis.java> EVIDENCE_SCALAR phase=recursive at=020245e8 value=02057250 text=mov r9,#0x2057250 function=FUN_020245ac@020245ac (GhidraScript)  
INFO  V15DecoderAnalysis.java> EVIDENCE_PCODE_CONST phase=recursive at=020245e8 value=02057250 op=COPY text=mov r9,#0x2057250 function=FUN_020245ac@020245ac (GhidraScript)  
INFO  V15DecoderAnalysis.java> EVIDENCE_SCALAR phase=recursive at=02024962 value=02057250 text=mov r8,#0x2057250 function=FUN_02024938@02024938 (GhidraScript)  
INFO  V15DecoderAnalysis.java> EVIDENCE_PCODE_CONST phase=recursive at=02024962 value=02057250 op=COPY text=mov r8,#0x2057250 function=FUN_02024938@02024938 (GhidraScript)  
INFO  V15DecoderAnalysis.java> EVIDENCE_REF phase=recursive from=02024968 text=add r1,r8,#0x2dc to=0205752c type=PARAM function=FUN_02024938@02024938 (GhidraScript)  
INFO  V15DecoderAnalysis.java> EVIDENCE_REF phase=recursive from=02024988 text=add r1,r8,#0x477 to=020576c7 type=PARAM function=FUN_02024938@02024938 (GhidraScript)  
INFO  V15DecoderAnalysis.java> EVIDENCE_REF phase=recursive from=02024996 text=add r1,r8,#0x5ea to=0205783a type=PARAM function=FUN_02024938@02024938 (GhidraScript)  
INFO  V15DecoderAnalysis.java> EVIDENCE_REF phase=recursive from=020249ae text=add r1,r8,#0x7a to=020572ca type=PARAM function=FUN_02024938@02024938 (GhidraScript)  
INFO  V15DecoderAnalysis.java> EVIDENCE_REF phase=recursive from=02024a28 text=lb.z r3,[r1 + r3] to=020578dc type=DATA function=FUN_02024938@02024938 (GhidraScript)  
INFO  V15DecoderAnalysis.java> EVIDENCE_REF phase=recursive from=02024a30 text=add r1,r8,#0x17c to=020573cc type=PARAM function=FUN_02024938@02024938 (GhidraScript)  
INFO  V15DecoderAnalysis.java> EVIDENCE_SCALAR phase=recursive at=02024d54 value=02057276 text=mov r4,#0x2057276 function=FUN_02024d4c@02024d4c (GhidraScript)  
INFO  V15DecoderAnalysis.java> EVIDENCE_PCODE_CONST phase=recursive at=02024d54 value=02057276 op=COPY text=mov r4,#0x2057276 function=FUN_02024d4c@02024d4c (GhidraScript)  
INFO  V15DecoderAnalysis.java> EVIDENCE_REF phase=recursive from=02024d68 text=add r1,r4,#0x7c6 to=02057a3c type=PARAM function=FUN_02024d4c@02024d4c (GhidraScript)  
INFO  V15DecoderAnalysis.java> EVIDENCE_REF phase=recursive from=02024d72 text=add r1,r4,#0x20d to=02057483 type=PARAM function=FUN_02024d4c@02024d4c (GhidraScript)  
INFO  V15DecoderAnalysis.java> EVIDENCE_REF phase=recursive from=02024d7e text=add r1,r4,#0x734 to=020579aa type=PARAM function=FUN_02024d4c@02024d4c (GhidraScript)  
INFO  V15DecoderAnalysis.java> EVIDENCE_REF phase=recursive from=02024d8c text=add r1,r4,#0x68a to=02057900 type=PARAM function=FUN_02024d4c@02024d4c (GhidraScript)  
INFO  V15DecoderAnalysis.java> EVIDENCE_REF phase=recursive from=02024d96 text=add r1,r4,#0x20d to=02057483 type=PARAM function=FUN_02024d4c@02024d4c (GhidraScript)  
INFO  V15DecoderAnalysis.java> EVIDENCE_REF phase=recursive from=02024da2 text=add r1,r4,#0x741 to=020579b7 type=PARAM function=FUN_02024d4c@02024d4c (GhidraScript)  
INFO  V15DecoderAnalysis.java> EVIDENCE_REF phase=recursive from=02024dae text=add r1,r4,#0x5c to=020572d2 type=PARAM function=FUN_02024d4c@02024d4c (GhidraScript)  
INFO  V15DecoderAnalysis.java> EVIDENCE_REF phase=recursive from=02024dbc text=add r1,r4,#0x7d4 to=02057a4a type=PARAM function=FUN_02024d4c@02024d4c (GhidraScript)  
INFO  V15DecoderAnalysis.java> EVIDENCE_REF phase=recursive from=02024dc6 text=add r1,r4,#0x20d to=02057483 type=PARAM function=FUN_02024d4c@02024d4c (GhidraScript)  
INFO  V15DecoderAnalysis.java> EVIDENCE_REF phase=recursive from=02024dd2 text=add r1,r4,#0x741 to=020579b7 type=PARAM function=FUN_02024d4c@02024d4c (GhidraScript)  
INFO  V15DecoderAnalysis.java> EVIDENCE_REF phase=recursive from=02024dde text=mov r1,r4 to=02057276 type=PARAM function=FUN_02024d4c@02024d4c (GhidraScript)  
INFO  V15DecoderAnalysis.java> EVIDENCE_REF phase=recursive from=0202516a text=mov r1,#0x2057250 to=02057250 type=PARAM function=- (GhidraScript)  
INFO  V15DecoderAnalysis.java> EVIDENCE_SCALAR phase=recursive at=0202516a value=02057250 text=mov r1,#0x2057250 function=- (GhidraScript)  
INFO  V15DecoderAnalysis.java> EVIDENCE_PCODE_CONST phase=recursive at=0202516a value=02057250 op=COPY text=mov r1,#0x2057250 function=- (GhidraScript)  
INFO  V15DecoderAnalysis.java> EVIDENCE_SCALAR phase=recursive at=02025286 value=02057250 text=mov r13,#0x2057250 function=- (GhidraScript)  
INFO  V15DecoderAnalysis.java> EVIDENCE_PCODE_CONST phase=recursive at=02025286 value=02057250 op=COPY text=mov r13,#0x2057250 function=- (GhidraScript)  
INFO  V15DecoderAnalysis.java> EVIDENCE_REF phase=recursive from=02025292 text=mov r1,r5 to=02057f3c type=PARAM function=- (GhidraScript)  
INFO  V15DecoderAnalysis.java> EVIDENCE_REF phase=recursive from=020252ba text=add r1,r13,#0x5c9 to=02057819 type=PARAM function=- (GhidraScript)  
INFO  V15DecoderAnalysis.java> EVIDENCE_REF phase=recursive from=0202532e text=add r1,r13,#0xd08 to=02057f58 type=PARAM function=- (GhidraScript)  
INFO  V15DecoderAnalysis.java> EVIDENCE_REF phase=recursive from=02025348 text=add r1,r13,#0x680 to=020578d0 type=PARAM function=- (GhidraScript)  
INFO  V15DecoderAnalysis.java> EVIDENCE_REF phase=recursive from=020253b0 text=mov r1,r5 to=02057f3c type=PARAM function=- (GhidraScript)  
INFO  V15DecoderAnalysis.java> EVIDENCE_REF phase=recursive from=020253c4 text=add r1,r13,#0xa7f to=02057ccf type=PARAM function=- (GhidraScript)  
INFO  V15DecoderAnalysis.java> EVIDENCE_REF phase=recursive from=0202542c text=mov r1,r5 to=02057f3c type=PARAM function=- (GhidraScript)  
INFO  V15DecoderAnalysis.java> EVIDENCE_REF phase=recursive from=02025440 text=add r1,r13,#0xfbb to=0205820b type=PARAM function=- (GhidraScript)  
INFO  V15DecoderAnalysis.java> EVIDENCE_SCALAR phase=recursive at=020274fe value=02057250 text=mov r6,#0x2057250 function=- (GhidraScript)  
INFO  V15DecoderAnalysis.java> EVIDENCE_PCODE_CONST phase=recursive at=020274fe value=02057250 op=COPY text=mov r6,#0x2057250 function=- (GhidraScript)  
INFO  V15DecoderAnalysis.java> EVIDENCE_REF phase=recursive from=020276ac text=add r1,r6,#0x221 to=02057471 type=PARAM function=- (GhidraScript)  
INFO  V15DecoderAnalysis.java> EVIDENCE_REF phase=recursive from=020276c0 text=add r1,r6,#0x465 to=020576b5 type=PARAM function=- (GhidraScript)  
INFO  V15DecoderAnalysis.java> EVIDENCE_REF phase=recursive from=020276f6 text=add r1,r6,#0x221 to=02057471 type=PARAM function=- (GhidraScript)  
INFO  V15DecoderAnalysis.java> EVIDENCE_REF phase=recursive from=02027716 text=add r1,r6,#0x5d4 to=02057824 type=PARAM function=- (GhidraScript)  
INFO  V15DecoderAnalysis.java> EVIDENCE_REF phase=recursive from=02027794 text=mov r1,r5 to=020572c6 type=PARAM function=- (GhidraScript)  
INFO  V15DecoderAnalysis.java> EVIDENCE_REF phase=recursive from=0202779a text=mov r1,r5 to=020572c6 type=PARAM function=- (GhidraScript)  
INFO  V15DecoderAnalysis.java> EVIDENCE_REF phase=recursive from=020277a6 text=add r1,r6,#0xb87 to=02057dd7 type=PARAM function=- (GhidraScript)  
INFO  V15DecoderAnalysis.java> EVIDENCE_REF phase=recursive from=020277d4 text=add r2,r6,0x1028 to=02058278 type=PARAM function=- (GhidraScript)  
INFO  V15DecoderAnalysis.java> EVIDENCE_REF phase=recursive from=020277f8 text=mov r1,r4 to=0205727c type=PARAM function=- (GhidraScript)  
INFO  V15DecoderAnalysis.java> EVIDENCE_REF phase=recursive from=020277fe text=mov r1,r4 to=0205727c type=PARAM function=- (GhidraScript)  
INFO  V15DecoderAnalysis.java> EVIDENCE_REF phase=recursive from=0202780a text=mov r1,r4 to=0205727c type=PARAM function=- (GhidraScript)  
INFO  V15DecoderAnalysis.java> EVIDENCE_REF phase=recursive from=02027816 text=mov r1,r4 to=0205727c type=PARAM function=- (GhidraScript)  
INFO  V15DecoderAnalysis.java> EVIDENCE_SCALAR phase=recursive at=0202789a value=02057250 text=mov r1,#0x2057250 function=- (GhidraScript)  
INFO  V15DecoderAnalysis.java> EVIDENCE_PCODE_CONST phase=recursive at=0202789a value=02057250 op=COPY text=mov r1,#0x2057250 function=- (GhidraScript)  
INFO  V15DecoderAnalysis.java> EVIDENCE_REF phase=recursive from=020278a6 text=mov r1,r4 to=0205727c type=PARAM function=- (GhidraScript)  
INFO  V15DecoderAnalysis.java> EVIDENCE_REF phase=recursive from=020278ac text=mov r1,r4 to=0205727c type=PARAM function=- (GhidraScript)  
INFO  V15DecoderAnalysis.java> EVIDENCE_REF phase=recursive from=020278b8 text=mov r1,r4 to=0205727c type=PARAM function=- (GhidraScript)  
INFO  V15DecoderAnalysis.java> EVIDENCE_SCALAR phase=recursive at=020278c6 value=02057250 text=mov r1,#0x2057250 function=- (GhidraScript)  
INFO  V15DecoderAnalysis.java> EVIDENCE_PCODE_CONST phase=recursive at=020278c6 value=02057250 op=COPY text=mov r1,#0x2057250 function=- (GhidraScript)  
INFO  V15DecoderAnalysis.java> EVIDENCE_SCALAR phase=recursive at=020278de value=02057250 text=mov r6,#0x2057250 function=- (GhidraScript)  
INFO  V15DecoderAnalysis.java> EVIDENCE_PCODE_CONST phase=recursive at=020278de value=02057250 op=COPY text=mov r6,#0x2057250 function=- (GhidraScript)  
INFO  V15DecoderAnalysis.java> EVIDENCE_REF phase=recursive from=02027a36 text=lb.z r1,[r1 + r2] to=02057fc8 type=DATA function=- (GhidraScript)  
INFO  V15DecoderAnalysis.java> EVIDENCE_REF phase=recursive from=02027a66 text=add r2,r6,#0xf18 to=02058168 type=PARAM function=- (GhidraScript)  
INFO  V15DecoderAnalysis.java> EVIDENCE_REF phase=recursive from=02027ad4 text=add r1,r6,#0x781 to=020579d1 type=PARAM function=- (GhidraScript)  
INFO  V15DecoderAnalysis.java> EVIDENCE_SCALAR phase=recursive at=02027b2a value=02057250 text=mov r6,#0x2057250 function=- (GhidraScript)  
INFO  V15DecoderAnalysis.java> EVIDENCE_PCODE_CONST phase=recursive at=02027b2a value=02057250 op=COPY text=mov r6,#0x2057250 function=- (GhidraScript)  
INFO  V15DecoderAnalysis.java> EVIDENCE_REF phase=recursive from=02027cbe text=add r1,r6,#0x8a to=020572da type=PARAM function=- (GhidraScript)  
INFO  V15DecoderAnalysis.java> EVIDENCE_REF phase=recursive from=02027d1e text=add r1,r6,#0x26 to=02057276 type=PARAM function=- (GhidraScript)  
INFO  V15DecoderAnalysis.java> EVIDENCE_REF phase=recursive from=02027d3c text=add r1,r6,#0x172 to=020573c2 type=PARAM function=- (GhidraScript)  
INFO  V15DecoderAnalysis.java> EVIDENCE_REF phase=recursive from=02027dcc text=add r1,r6,#0x5a8 to=020577f8 type=PARAM function=- (GhidraScript)  
INFO  V15DecoderAnalysis.java> EVIDENCE_REF phase=recursive from=02027dea text=add r1,r6,#0x698 to=020578e8 type=PARAM function=- (GhidraScript)  
INFO  V15DecoderAnalysis.java> EVIDENCE_REF phase=recursive from=02027e50 text=add r1,r6,#0x453 to=020576a3 type=PARAM function=- (GhidraScript)  
INFO  V15DecoderAnalysis.java> EVIDENCE_SCALAR phase=recursive at=02027ece value=02057250 text=mov r6,#0x2057250 function=- (GhidraScript)  
INFO  V15DecoderAnalysis.java> EVIDENCE_PCODE_CONST phase=recursive at=02027ece value=02057250 op=COPY text=mov r6,#0x2057250 function=- (GhidraScript)  
INFO  V15DecoderAnalysis.java> EVIDENCE_SCALAR phase=recursive at=02027efe value=02057250 text=mov r1,#0x2057250 function=- (GhidraScript)  
INFO  V15DecoderAnalysis.java> EVIDENCE_PCODE_CONST phase=recursive at=02027efe value=02057250 op=COPY text=mov r1,#0x2057250 function=- (GhidraScript)  
INFO  V15DecoderAnalysis.java> EVIDENCE_REF phase=recursive from=02027f0a text=mov r1,r4 to=0205727c type=PARAM function=- (GhidraScript)  
INFO  V15DecoderAnalysis.java> EVIDENCE_REF phase=recursive from=02027f10 text=mov r1,r4 to=0205727c type=PARAM function=- (GhidraScript)  
INFO  V15DecoderAnalysis.java> EVIDENCE_REF phase=recursive from=02027f1c text=mov r1,r4 to=0205727c type=PARAM function=- (GhidraScript)  
INFO  V15DecoderAnalysis.java> EVIDENCE_REF phase=recursive from=02027f28 text=mov r1,r4 to=0205727c type=PARAM function=- (GhidraScript)  
INFO  V15DecoderAnalysis.java> EVIDENCE_SCALAR phase=recursive at=02027f36 value=02057250 text=mov r6,#0x2057250 function=- (GhidraScript)  
INFO  V15DecoderAnalysis.java> EVIDENCE_PCODE_CONST phase=recursive at=02027f36 value=02057250 op=COPY text=mov r6,#0x2057250 function=- (GhidraScript)  
INFO  V15DecoderAnalysis.java> EVIDENCE_SCALAR phase=recursive at=02027fc2 value=02057250 text=mov r9,#0x2057250 function=- (GhidraScript)  
INFO  V15DecoderAnalysis.java> EVIDENCE_PCODE_CONST phase=recursive at=02027fc2 value=02057250 op=COPY text=mov r9,#0x2057250 function=- (GhidraScript)  
INFO  V15DecoderAnalysis.java> EVIDENCE_REF phase=recursive from=02027fc8 text=add r1,r9,#0x16d to=020573bd type=PARAM function=- (GhidraScript)  
INFO  V15DecoderAnalysis.java> EVIDENCE_REF phase=recursive from=02027fde text=mov r1,r4 to=0205727c type=PARAM function=- (GhidraScript)  
INFO  V15DecoderAnalysis.java> EVIDENCE_REF phase=recursive from=02027fe4 text=mov r1,r4 to=0205727c type=PARAM function=- (GhidraScript)  
INFO  V15DecoderAnalysis.java> EVIDENCE_REF phase=recursive from=02027ff0 text=mov r1,r4 to=0205727c type=PARAM function=- (GhidraScript)  
INFO  V15DecoderAnalysis.java> EVIDENCE_REF phase=recursive from=0202809a text=add r1,r6,#0xc47 to=02057e97 type=PARAM function=- (GhidraScript)  
INFO  V15DecoderAnalysis.java> EVIDENCE_REF phase=recursive from=020280b6 text=add r1,r6,#0xc7d to=02057ecd type=PARAM function=- (GhidraScript)  
INFO  V15DecoderAnalysis.java> EVIDENCE_REF phase=recursive from=020280ba text=} else {  add r1, r6, #0xc62 to=02057eb2 type=PARAM function=- (GhidraScript)  
INFO  V15DecoderAnalysis.java> EVIDENCE_REF phase=recursive from=02028128 text=add r1,r6,#0x2f8 to=02057548 type=PARAM function=- (GhidraScript)  
INFO  V15DecoderAnalysis.java> EVIDENCE_REF phase=recursive from=02028150 text=add r1,r6,#0xbcb to=02057e1b type=PARAM function=- (GhidraScript)  
INFO  V15DecoderAnalysis.java> EVIDENCE_SCALAR phase=recursive at=020281b8 value=02057250 text=mov r9,#0x2057250 function=- (GhidraScript)  
INFO  V15DecoderAnalysis.java> EVIDENCE_PCODE_CONST phase=recursive at=020281b8 value=02057250 op=COPY text=mov r9,#0x2057250 function=- (GhidraScript)  
INFO  V15DecoderAnalysis.java> EVIDENCE_REF phase=recursive from=020281be text=add r1,r9,#0x542 to=02057792 type=PARAM function=- (GhidraScript)  
INFO  V15DecoderAnalysis.java> EVIDENCE_REF phase=recursive from=020281f4 text=mov r1,r4 to=0205727c type=PARAM function=- (GhidraScript)  
INFO  V15DecoderAnalysis.java> EVIDENCE_REF phase=recursive from=0202820a text=add r1,r6,#0x774 to=020579c4 type=PARAM function=- (GhidraScript)  
INFO  V15DecoderAnalysis.java> EVIDENCE_REF phase=recursive from=0202821c text=mov r1,r4 to=0205727c type=PARAM function=- (GhidraScript)  
INFO  V15DecoderAnalysis.java> EVIDENCE_SCALAR phase=recursive at=02028234 value=02057250 text=mov r6,#0x2057250 function=- (GhidraScript)  
INFO  V15DecoderAnalysis.java> EVIDENCE_PCODE_CONST phase=recursive at=02028234 value=02057250 op=COPY text=mov r6,#0x2057250 function=- (GhidraScript)  
INFO  V15DecoderAnalysis.java> EVIDENCE_REF phase=recursive from=02028248 text=add r1,r6,#0x600 to=02057850 type=PARAM function=- (GhidraScript)  
INFO  V15DecoderAnalysis.java> EVIDENCE_REF phase=recursive from=020282a6 text=add r1,r6,#0x2ce to=0205751e type=PARAM function=- (GhidraScript)  
INFO  V15DecoderAnalysis.java> EVIDENCE_REF phase=recursive from=02028368 text=lb.z r3,[r1 + r3] to=020578e6 type=READ function=- (GhidraScript)  
INFO  V15DecoderAnalysis.java> EVIDENCE_REF phase=recursive from=02028368 text=lb.z r3,[r1 + r3] to=020578dc type=DATA function=- (GhidraScript)  
INFO  V15DecoderAnalysis.java> EVIDENCE_REF phase=recursive from=02028372 text=add r1,r6,#0x17c to=020573cc type=PARAM function=- (GhidraScript)  
INFO  V15DecoderAnalysis.java> EVIDENCE_REF phase=recursive from=02028388 text=add r1,r6,#0x524 to=02057774 type=PARAM function=- (GhidraScript)  
INFO  V15DecoderAnalysis.java> EVIDENCE_SCALAR phase=recursive at=020283b6 value=02057250 text=mov r1,#0x2057250 function=- (GhidraScript)  
INFO  V15DecoderAnalysis.java> EVIDENCE_PCODE_CONST phase=recursive at=020283b6 value=02057250 op=COPY text=mov r1,#0x2057250 function=- (GhidraScript)  
INFO  V15DecoderAnalysis.java> EVIDENCE_REF phase=recursive from=020283c2 text=mov r1,r4 to=0205727c type=PARAM function=- (GhidraScript)  
INFO  V15DecoderAnalysis.java> EVIDENCE_SCALAR phase=recursive at=020283ca value=02057250 text=mov r6,#0x2057250 function=- (GhidraScript)  
INFO  V15DecoderAnalysis.java> EVIDENCE_PCODE_CONST phase=recursive at=020283ca value=02057250 op=COPY text=mov r6,#0x2057250 function=- (GhidraScript)  
INFO  V15DecoderAnalysis.java> EVIDENCE_REF phase=recursive from=0202841e text=add r1,r6,#0x227 to=02057477 type=PARAM function=- (GhidraScript)  
INFO  V15DecoderAnalysis.java> EVIDENCE_REF phase=recursive from=02028438 text=add r1,r6,#0x2c7 to=02057517 type=PARAM function=- (GhidraScript)  
INFO  V15DecoderAnalysis.java> EVIDENCE_REF phase=recursive from=0202845a text=add r1,r6,#0x21b to=0205746b type=PARAM function=- (GhidraScript)  
INFO  V15DecoderAnalysis.java> EVIDENCE_REF phase=recursive from=02028470 text=add r1,r6,#0x39c to=020575ec type=PARAM function=- (GhidraScript)  
INFO  V15DecoderAnalysis.java> EVIDENCE_REF phase=recursive from=0202847a text=add r1,r6,#0x2c to=0205727c type=PARAM function=- (GhidraScript)  
INFO  V15DecoderAnalysis.java> EVIDENCE_REF phase=recursive from=02028498 text=add r1,r6,#0x227 to=02057477 type=PARAM function=- (GhidraScript)  
INFO  V15DecoderAnalysis.java> EVIDENCE_REF phase=recursive from=020284b2 text=add r1,r6,#0x2c7 to=02057517 type=PARAM function=- (GhidraScript)  
INFO  V15DecoderAnalysis.java> EVIDENCE_SCALAR phase=recursive at=0202850e value=02057250 text=mov r1,#0x2057250 function=- (GhidraScript)  
INFO  V15DecoderAnalysis.java> EVIDENCE_PCODE_CONST phase=recursive at=0202850e value=02057250 op=COPY text=mov r1,#0x2057250 function=- (GhidraScript)  
INFO  V15DecoderAnalysis.java> EVIDENCE_REF phase=recursive from=0202851a text=mov r1,r4 to=0205727c type=PARAM function=- (GhidraScript)  
INFO  V15DecoderAnalysis.java> EVIDENCE_REF phase=recursive from=02028520 text=mov r1,r4 to=0205727c type=PARAM function=- (GhidraScript)  
INFO  V15DecoderAnalysis.java> EVIDENCE_REF phase=recursive from=0202852e text=mov r1,r4 to=0205727c type=PARAM function=- (GhidraScript)  
INFO  V15DecoderAnalysis.java> EVIDENCE_SCALAR phase=recursive at=02028542 value=02057250 text=mov r6,#0x2057250 function=- (GhidraScript)  
INFO  V15DecoderAnalysis.java> EVIDENCE_PCODE_CONST phase=recursive at=02028542 value=02057250 op=COPY text=mov r6,#0x2057250 function=- (GhidraScript)  
INFO  V15DecoderAnalysis.java> EVIDENCE_REF phase=recursive from=0202854a text=mov r1,r4 to=0205727c type=PARAM function=- (GhidraScript)  
INFO  V15DecoderAnalysis.java> EVIDENCE_REF phase=recursive from=02028562 text=add r1,r6,#0x5b3 to=02057803 type=PARAM function=- (GhidraScript)  
INFO  V15DecoderAnalysis.java> EVIDENCE_REF phase=recursive from=0202856e text=add r1,r6,#0x5be to=0205780e type=PARAM function=- (GhidraScript)  
INFO  V15DecoderAnalysis.java> EVIDENCE_REF phase=recursive from=02028730 text=add r1,r6,#0x4fc to=0205774c type=PARAM function=- (GhidraScript)  
INFO  V15DecoderAnalysis.java> EVIDENCE_REF phase=recursive from=0202873c text=add r1,r6,#0x44a to=0205769a type=PARAM function=- (GhidraScript)  
INFO  V15DecoderAnalysis.java> EVIDENCE_SCALAR phase=recursive at=020287da value=02057250 text=mov r1,#0x2057250 function=- (GhidraScript)  
INFO  V15DecoderAnalysis.java> EVIDENCE_PCODE_CONST phase=recursive at=020287da value=02057250 op=COPY text=mov r1,#0x2057250 function=- (GhidraScript)  
INFO  V15DecoderAnalysis.java> EVIDENCE_REF phase=recursive from=020287f6 text=add r1,r4,#0x8a to=020572da type=PARAM function=- (GhidraScript)  
INFO  V15DecoderAnalysis.java> EVIDENCE_SCALAR phase=recursive at=0202883e value=02057250 text=mov r6,#0x2057250 function=- (GhidraScript)  
INFO  V15DecoderAnalysis.java> EVIDENCE_PCODE_CONST phase=recursive at=0202883e value=02057250 op=COPY text=mov r6,#0x2057250 function=- (GhidraScript)  
INFO  V15DecoderAnalysis.java> EVIDENCE_REF phase=recursive from=0202885a text=mov r1,r4 to=0205727c type=PARAM function=- (GhidraScript)  
INFO  V15DecoderAnalysis.java> EVIDENCE_REF phase=recursive from=0202886a text=mov r1,r4 to=0205727c type=PARAM function=- (GhidraScript)  
INFO  V15DecoderAnalysis.java> EVIDENCE_REF phase=recursive from=02028878 text=mov r1,r4 to=0205727c type=PARAM function=- (GhidraScript)  
INFO  V15DecoderAnalysis.java> EVIDENCE_REF phase=recursive from=02028886 text=mov r1,r4 to=0205727c type=PARAM function=- (GhidraScript)  
INFO  V15DecoderAnalysis.java> EVIDENCE_REF phase=recursive from=02028894 text=mov r1,r4 to=0205727c type=PARAM function=- (GhidraScript)  
INFO  V15DecoderAnalysis.java> EVIDENCE_SCALAR phase=recursive at=0202889e value=02057250 text=mov r1,#0x2057250 function=- (GhidraScript)  
INFO  V15DecoderAnalysis.java> EVIDENCE_PCODE_CONST phase=recursive at=0202889e value=02057250 op=COPY text=mov r1,#0x2057250 function=- (GhidraScript)  
INFO  V15DecoderAnalysis.java> EVIDENCE_SCALAR phase=recursive at=020288b6 value=02057250 text=mov r6,#0x2057250 function=- (GhidraScript)  
INFO  V15DecoderAnalysis.java> EVIDENCE_PCODE_CONST phase=recursive at=020288b6 value=02057250 op=COPY text=mov r6,#0x2057250 function=- (GhidraScript)  
INFO  V15DecoderAnalysis.java> EVIDENCE_REF phase=recursive from=020288fe text=add r1,r6,#0x2c to=0205727c type=PARAM function=- (GhidraScript)  
INFO  V15DecoderAnalysis.java> EVIDENCE_REF phase=recursive from=02028914 text=add r1,r6,#0x6a to=020572ba type=PARAM function=- (GhidraScript)  
INFO  V15DecoderAnalysis.java> EVIDENCE_REF phase=recursive from=0202896c text=add r1,r6,#0x6d4 to=02057924 type=PARAM function=- (GhidraScript)  
INFO  V15DecoderAnalysis.java> EVIDENCE_REF phase=recursive from=02028974 text=add r1,r6,#0x306 to=02057556 type=PARAM function=- (GhidraScript)  
INFO  V15DecoderAnalysis.java> EVIDENCE_REF phase=recursive from=02028990 text=add r1,r6,#0xb5d to=02057dad type=PARAM function=- (GhidraScript)  
INFO  V15DecoderAnalysis.java> EVIDENCE_REF phase=recursive from=02028998 text=add r1,r6,#0x2ff to=0205754f type=PARAM function=- (GhidraScript)  
INFO  V15DecoderAnalysis.java> EVIDENCE_REF phase=recursive from=020289b4 text=add r1,r6,#0xa47 to=02057c97 type=PARAM function=- (GhidraScript)  
INFO  V15DecoderAnalysis.java> EVIDENCE_REF phase=recursive from=02029212 text=mov r1,#0x2057d98 to=02057d98 type=PARAM function=FUN_020291f8@020291f8 (GhidraScript)  
INFO  V15DecoderAnalysis.java> EVIDENCE_SCALAR phase=recursive at=02029212 value=02057d98 text=mov r1,#0x2057d98 function=FUN_020291f8@020291f8 (GhidraScript)  
INFO  V15DecoderAnalysis.java> EVIDENCE_PCODE_CONST phase=recursive at=02029212 value=02057d98 op=COPY text=mov r1,#0x2057d98 function=FUN_020291f8@020291f8 (GhidraScript)  
INFO  V15DecoderAnalysis.java> EVIDENCE_REF phase=recursive from=02029222 text=add r1,r1,#0x473 to=0205820b type=PARAM function=FUN_020291f8@020291f8 (GhidraScript)  
INFO  V15DecoderAnalysis.java> EVIDENCE_REF phase=recursive from=0202925e text=mov r1,#0x2057c40 to=02057c40 type=PARAM function=FUN_02029244@02029244 (GhidraScript)  
INFO  V15DecoderAnalysis.java> EVIDENCE_SCALAR phase=recursive at=0202925e value=02057c40 text=mov r1,#0x2057c40 function=FUN_02029244@02029244 (GhidraScript)  
INFO  V15DecoderAnalysis.java> EVIDENCE_PCODE_CONST phase=recursive at=0202925e value=02057c40 op=COPY text=mov r1,#0x2057c40 function=FUN_02029244@02029244 (GhidraScript)  
INFO  V15DecoderAnalysis.java> EVIDENCE_REF phase=recursive from=02029284 text=add r1,r1,#0x8f to=02057ccf type=PARAM function=FUN_02029244@02029244 (GhidraScript)  
INFO  V15DecoderAnalysis.java> EVIDENCE_SCALAR phase=recursive at=02029a78 value=02057250 text=mov r1,#0x2057250 function=- (GhidraScript)  
INFO  V15DecoderAnalysis.java> EVIDENCE_PCODE_CONST phase=recursive at=02029a78 value=02057250 op=COPY text=mov r1,#0x2057250 function=- (GhidraScript)  
INFO  V15DecoderAnalysis.java> EVIDENCE_REF phase=recursive from=0202bdae text=mov r1,#0x2057a05 to=02057a05 type=PARAM function=FUN_0202bc22@0202bc22 (GhidraScript)  
INFO  V15DecoderAnalysis.java> EVIDENCE_SCALAR phase=recursive at=0202bdae value=02057a05 text=mov r1,#0x2057a05 function=FUN_0202bc22@0202bc22 (GhidraScript)  
INFO  V15DecoderAnalysis.java> EVIDENCE_PCODE_CONST phase=recursive at=0202bdae value=02057a05 op=COPY text=mov r1,#0x2057a05 function=FUN_0202bc22@0202bc22 (GhidraScript)  
INFO  V15DecoderAnalysis.java> EVIDENCE_SCALAR phase=recursive at=0202c280 value=02057604 text=mov r9,#0x2057604 function=FUN_0202c238@0202c238 (GhidraScript)  
INFO  V15DecoderAnalysis.java> EVIDENCE_PCODE_CONST phase=recursive at=0202c280 value=02057604 op=COPY text=mov r9,#0x2057604 function=FUN_0202c238@0202c238 (GhidraScript)  
INFO  V15DecoderAnalysis.java> EVIDENCE_REF phase=recursive from=0202c2b0 text=lb.z r2,[r1 ++= 1] to=02057ee8 type=READ function=FUN_0202c238@0202c238 (GhidraScript)  
INFO  V15DecoderAnalysis.java> EVIDENCE_REF phase=recursive from=0202c368 text=add r0,r9,#0x3da to=020579de type=PARAM function=FUN_0202c238@0202c238 (GhidraScript)  
INFO  V15DecoderAnalysis.java> EVIDENCE_REF phase=recursive from=0202c3c0 text=add r0,r9,#0x257 to=0205785b type=PARAM function=FUN_0202c238@0202c238 (GhidraScript)  
INFO  V15DecoderAnalysis.java> EVIDENCE_REF phase=recursive from=0202c412 text=mov r0,r9 to=02057604 type=PARAM function=FUN_0202c238@0202c238 (GhidraScript)  
ERROR Pcode error at 0202cafe: Program does not contain referenced instruction: 0202cb00 (SleighInstructionPrototype)  
ERROR Pcode error at 0202cc02: Program does not contain referenced instruction: 0202cc04 (SleighInstructionPrototype)  
INFO  V15DecoderAnalysis.java> EVIDENCE_SCALAR phase=recursive at=0202cf80 value=02057250 text=mov r1,#0x2057250 function=FUN_0202cf42@0202cf42 (GhidraScript)  
INFO  V15DecoderAnalysis.java> EVIDENCE_PCODE_CONST phase=recursive at=0202cf80 value=02057250 op=COPY text=mov r1,#0x2057250 function=FUN_0202cf42@0202cf42 (GhidraScript)  
INFO  V15DecoderAnalysis.java> EVIDENCE_REF phase=recursive from=0202cf8c text=lb.z r7,[r0 + r1] to=02057bd0 type=DATA function=FUN_0202cf42@0202cf42 (GhidraScript)  
INFO  V15DecoderAnalysis.java> EVIDENCE_REF phase=recursive from=0202cf8c text=lb.z r7,[r0 + r1] to=02057bd4 type=READ function=FUN_0202cf42@0202cf42 (GhidraScript)  
INFO  V15DecoderAnalysis.java> EVIDENCE_SCALAR phase=recursive at=0202d050 value=02057250 text=mov r15,#0x2057250 function=FUN_0202c238@0202c238 (GhidraScript)  
INFO  V15DecoderAnalysis.java> EVIDENCE_PCODE_CONST phase=recursive at=0202d050 value=02057250 op=COPY text=mov r15,#0x2057250 function=FUN_0202c238@0202c238 (GhidraScript)  
INFO  V15DecoderAnalysis.java> EVIDENCE_REF phase=recursive from=0202d076 text=ldw r0,r9,#0x4 to=02057608 type=READ function=FUN_0202c238@0202c238 (GhidraScript)  
INFO  V15DecoderAnalysis.java> EVIDENCE_REF phase=recursive from=0202d2e6 text=mov r0,#0x205785b to=0205785b type=PARAM function=FUN_0202d28c@0202d28c (GhidraScript)  
INFO  V15DecoderAnalysis.java> EVIDENCE_SCALAR phase=recursive at=0202d2e6 value=0205785b text=mov r0,#0x205785b function=FUN_0202d28c@0202d28c (GhidraScript)  
INFO  V15DecoderAnalysis.java> EVIDENCE_PCODE_CONST phase=recursive at=0202d2e6 value=0205785b op=COPY text=mov r0,#0x205785b function=FUN_0202d28c@0202d28c (GhidraScript)  
INFO  V15DecoderAnalysis.java> EVIDENCE_REF phase=recursive from=0202d392 text=mov r0,#0x205785b to=0205785b type=PARAM function=FUN_0202c238@0202c238 (GhidraScript)  
INFO  V15DecoderAnalysis.java> EVIDENCE_SCALAR phase=recursive at=0202d392 value=0205785b text=mov r0,#0x205785b function=FUN_0202c238@0202c238 (GhidraScript)  
INFO  V15DecoderAnalysis.java> EVIDENCE_PCODE_CONST phase=recursive at=0202d392 value=0205785b op=COPY text=mov r0,#0x205785b function=FUN_0202c238@0202c238 (GhidraScript)  
INFO  V15DecoderAnalysis.java> EVIDENCE_REF phase=recursive from=0202e346 text=mov r0,r9 to=02057604 type=DATA function=FUN_0202c238@0202c238 (GhidraScript)  
INFO  V15DecoderAnalysis.java> EVIDENCE_REF phase=recursive from=0203039e text=sw r7,[r9 + 0x0] to=02057604 type=WRITE function=FUN_0202c238@0202c238 (GhidraScript)  
INFO  V15DecoderAnalysis.java> EVIDENCE_REF phase=recursive from=020307f2 text=mov r3,r14 to=02057603 type=PARAM function=FUN_0202c238@0202c238 (GhidraScript)  
INFO  V15DecoderAnalysis.java> EVIDENCE_REF phase=recursive from=02030812 text=mov r0,r3 to=02057603 type=PARAM function=FUN_0202c238@0202c238 (GhidraScript)  
ERROR Pcode error at 02031212: Program does not contain referenced instruction: 02031216 (SleighInstructionPrototype)  
ERROR Pcode error at 02031696: Program does not contain referenced instruction: 0203169a (SleighInstructionPrototype)  
ERROR Pcode error at 02031a2c: Program does not contain referenced instruction: 02031a30 (SleighInstructionPrototype)  
INFO  V15DecoderAnalysis.java> EVIDENCE_REF phase=recursive from=02031eb0 text=mov r1,r9 to=02057604 type=PARAM function=FUN_0202c238@0202c238 (GhidraScript)  
ERROR Pcode error at 02032c10: Program does not contain referenced instruction: 02032c12 (SleighInstructionPrototype)  
ERROR Pcode error at 020336f4: Program does not contain referenced instruction: 020336f8 (SleighInstructionPrototype)  
INFO  V15DecoderAnalysis.java> EVIDENCE_REF phase=recursive from=02033958 text=goto r9 to=02057604 type=COMPUTED_JUMP function=FUN_0202c238@0202c238 (GhidraScript)  
INFO  V15DecoderAnalysis.java> EVIDENCE_REF phase=recursive from=02033b40 text=mov r0,r9 to=02057604 type=PARAM function=FUN_0202c238@0202c238 (GhidraScript)  
ERROR Pcode error at 02033e36: Program does not contain referenced instruction: 02033e38 (SleighInstructionPrototype)  
INFO  V15DecoderAnalysis.java> EVIDENCE_REF phase=recursive from=02034868 text=push {rets,r12,r11,r10,r9,r8,r7,r6,r5,r4} to=02057604 type=DATA function=FUN_0202c238@0202c238 (GhidraScript)  
ERROR Pcode error at 0203486c: Program does not contain referenced instruction: 0203486e (SleighInstructionPrototype)  
INFO  V15DecoderAnalysis.java> EVIDENCE_REF phase=recursive from=02034a4e text=mov r1,r9 to=02057604 type=PARAM function=FUN_0202c238@0202c238 (GhidraScript)  
INFO  V15DecoderAnalysis.java> EVIDENCE_REF phase=recursive from=02034ae0 text=mov r1,r9 to=02057604 type=PARAM function=FUN_0202c238@0202c238 (GhidraScript)  
INFO  V15DecoderAnalysis.java> EVIDENCE_REF phase=recursive from=02034f30 text=mov r0,r9 to=02057604 type=DATA function=FUN_0202c238@0202c238 (GhidraScript)  
INFO  V15DecoderAnalysis.java> EVIDENCE_SCALAR phase=recursive at=02035ee6 value=020572fe text=mov r10,#0x20572fe function=FUN_02035ede@02035ede (GhidraScript)  
INFO  V15DecoderAnalysis.java> EVIDENCE_PCODE_CONST phase=recursive at=02035ee6 value=020572fe op=COPY text=mov r10,#0x20572fe function=FUN_02035ede@02035ede (GhidraScript)  
INFO  V15DecoderAnalysis.java> EVIDENCE_REF phase=recursive from=02035f04 text=mov r1,r11 to=020573db type=PARAM function=FUN_02035ede@02035ede (GhidraScript)  
INFO  V15DecoderAnalysis.java> EVIDENCE_REF phase=recursive from=02035f10 text=mov r1,r10 to=020572fe type=PARAM function=FUN_02035ede@02035ede (GhidraScript)  
INFO  V15DecoderAnalysis.java> EVIDENCE_REF phase=recursive from=02035f1e text=mov r1,r11 to=020573db type=PARAM function=FUN_02035ede@02035ede (GhidraScript)  
INFO  V15DecoderAnalysis.java> EVIDENCE_REF phase=recursive from=02035f4a text=add r1,r10,#0x3c to=0205733a type=PARAM function=FUN_02035ede@02035ede (GhidraScript)  
INFO  V15DecoderAnalysis.java> EVIDENCE_REF phase=recursive from=02035f5a text=add r1,r10,#0x58 to=02057356 type=PARAM function=FUN_02035ede@02035ede (GhidraScript)  
INFO  V15DecoderAnalysis.java> EVIDENCE_REF phase=recursive from=02035f8a text=add r1,r10,#0xdd to=020573db type=PARAM function=FUN_02035ede@02035ede (GhidraScript)  
INFO  V15DecoderAnalysis.java> EVIDENCE_REF phase=recursive from=02035f9c text=mov r1,r10 to=020572fe type=PARAM function=FUN_02035ede@02035ede (GhidraScript)  
INFO  V15DecoderAnalysis.java> EVIDENCE_REF phase=recursive from=0203600a text=add r1,r10,#0x3c to=0205733a type=PARAM function=FUN_02035ede@02035ede (GhidraScript)  
INFO  V15DecoderAnalysis.java> EVIDENCE_REF phase=recursive from=0203601a text=add r1,r10,#0x58 to=02057356 type=PARAM function=FUN_02035ede@02035ede (GhidraScript)  
INFO  V15DecoderAnalysis.java> EVIDENCE_REF phase=recursive from=020369f4 text=mov r0,#0x205749b to=0205749b type=PARAM function=FUN_0203692e@0203692e (GhidraScript)  
INFO  V15DecoderAnalysis.java> EVIDENCE_SCALAR phase=recursive at=020369f4 value=0205749b text=mov r0,#0x205749b function=FUN_0203692e@0203692e (GhidraScript)  
INFO  V15DecoderAnalysis.java> EVIDENCE_PCODE_CONST phase=recursive at=020369f4 value=0205749b op=COPY text=mov r0,#0x205749b function=FUN_0203692e@0203692e (GhidraScript)  
INFO  V15DecoderAnalysis.java> EVIDENCE_SCALAR phase=recursive at=02037d68 value=02057d70 text=mov r6,#0x2057d70 function=- (GhidraScript)  
INFO  V15DecoderAnalysis.java> EVIDENCE_PCODE_CONST phase=recursive at=02037d68 value=02057d70 op=COPY text=mov r6,#0x2057d70 function=- (GhidraScript)  
INFO  V15DecoderAnalysis.java> EVIDENCE_REF phase=recursive from=02037d6e text=add r0,r6,#0x2c8 to=02058038 type=PARAM function=- (GhidraScript)  
INFO  V15DecoderAnalysis.java> EVIDENCE_REF phase=recursive from=02037daa text=mov r0,r6 to=02057d70 type=PARAM function=- (GhidraScript)  
INFO  V15DecoderAnalysis.java> EVIDENCE_REF phase=recursive from=02037ff6 text=mov r0,#0x2057d70 to=02057d70 type=PARAM function=FUN_02037ff2@02037ff2 (GhidraScript)  
INFO  V15DecoderAnalysis.java> EVIDENCE_SCALAR phase=recursive at=02037ff6 value=02057d70 text=mov r0,#0x2057d70 function=FUN_02037ff2@02037ff2 (GhidraScript)  
INFO  V15DecoderAnalysis.java> EVIDENCE_PCODE_CONST phase=recursive at=02037ff6 value=02057d70 op=COPY text=mov r0,#0x2057d70 function=FUN_02037ff2@02037ff2 (GhidraScript)  
INFO  V15DecoderAnalysis.java> EVIDENCE_REF phase=recursive from=020382e4 text=mov r0,#0x20574fc to=020574fc type=PARAM function=FUN_0202c238@0202c238 (GhidraScript)  
INFO  V15DecoderAnalysis.java> EVIDENCE_SCALAR phase=recursive at=020382e4 value=020574fc text=mov r0,#0x20574fc function=FUN_0202c238@0202c238 (GhidraScript)  
INFO  V15DecoderAnalysis.java> EVIDENCE_PCODE_CONST phase=recursive at=020382e4 value=020574fc op=COPY text=mov r0,#0x20574fc function=FUN_0202c238@0202c238 (GhidraScript)  
INFO  V15DecoderAnalysis.java> EVIDENCE_REF phase=recursive from=020384b8 text=mov r0,#0x20576fd to=020576fd type=PARAM function=FUN_0202c238@0202c238 (GhidraScript)  
INFO  V15DecoderAnalysis.java> EVIDENCE_SCALAR phase=recursive at=020384b8 value=020576fd text=mov r0,#0x20576fd function=FUN_0202c238@0202c238 (GhidraScript)  
INFO  V15DecoderAnalysis.java> EVIDENCE_PCODE_CONST phase=recursive at=020384b8 value=020576fd op=COPY text=mov r0,#0x20576fd function=FUN_0202c238@0202c238 (GhidraScript)  
INFO  V15DecoderAnalysis.java> EVIDENCE_SCALAR phase=recursive at=02038c00 value=0205761c text=mov r1,#0x205761c function=FUN_02038be6@02038be6 (GhidraScript)  
INFO  V15DecoderAnalysis.java> EVIDENCE_PCODE_CONST phase=recursive at=02038c00 value=0205761c op=COPY text=mov r1,#0x205761c function=FUN_02038be6@02038be6 (GhidraScript)  
INFO  V15DecoderAnalysis.java> EVIDENCE_SCALAR phase=recursive at=02038d60 value=0205761c text=mov r0,#0x205761c function=FUN_02038cb8@02038cb8 (GhidraScript)  
INFO  V15DecoderAnalysis.java> EVIDENCE_PCODE_CONST phase=recursive at=02038d60 value=0205761c op=COPY text=mov r0,#0x205761c function=FUN_02038cb8@02038cb8 (GhidraScript)  
INFO  V15DecoderAnalysis.java> EVIDENCE_REF phase=recursive from=0203a00a text=mov r2,#0x2057302 to=02057302 type=PARAM function=FUN_0202c238@0202c238 (GhidraScript)  
INFO  V15DecoderAnalysis.java> EVIDENCE_SCALAR phase=recursive at=0203a00a value=02057302 text=mov r2,#0x2057302 function=FUN_0202c238@0202c238 (GhidraScript)  
INFO  V15DecoderAnalysis.java> EVIDENCE_PCODE_CONST phase=recursive at=0203a00a value=02057302 op=COPY text=mov r2,#0x2057302 function=FUN_0202c238@0202c238 (GhidraScript)  
INFO  V15DecoderAnalysis.java> EVIDENCE_REF phase=recursive from=0203a010 text=sw r2,[r9 + 0x8] to=0205760c type=WRITE function=FUN_0202c238@0202c238 (GhidraScript)  
INFO  V15DecoderAnalysis.java> EVIDENCE_REF phase=recursive from=0203a010 text=sw r2,[r9 + 0x8] to=02057302 type=DATA function=FUN_0202c238@0202c238 (GhidraScript)  
INFO  V15DecoderAnalysis.java> EVIDENCE_SCALAR phase=recursive at=0203a058 value=02057302 text=mov r0,#0x2057302 function=FUN_0202c238@0202c238 (GhidraScript)  
INFO  V15DecoderAnalysis.java> EVIDENCE_PCODE_CONST phase=recursive at=0203a058 value=02057302 op=COPY text=mov r0,#0x2057302 function=FUN_0202c238@0202c238 (GhidraScript)  
INFO  V15DecoderAnalysis.java> EVIDENCE_REF phase=recursive from=0203a05e text=add r1,r0,#0x269 to=0205756b type=PARAM function=FUN_0202c238@0202c238 (GhidraScript)  
INFO  V15DecoderAnalysis.java> EVIDENCE_SCALAR phase=recursive at=0203a080 value=02057302 text=mov r0,#0x2057302 function=FUN_0202c238@0202c238 (GhidraScript)  
INFO  V15DecoderAnalysis.java> EVIDENCE_PCODE_CONST phase=recursive at=0203a080 value=02057302 op=COPY text=mov r0,#0x2057302 function=FUN_0202c238@0202c238 (GhidraScript)  
INFO  V15DecoderAnalysis.java> EVIDENCE_REF phase=recursive from=0203a086 text=add r1,r0,#0xde to=020573e0 type=PARAM function=FUN_0202c238@0202c238 (GhidraScript)  
INFO  V15DecoderAnalysis.java> EVIDENCE_REF phase=recursive from=0203a092 text=sw r6,[r9 + 0x4] to=02057608 type=WRITE function=FUN_0202c238@0202c238 (GhidraScript)  
INFO  V15DecoderAnalysis.java> EVIDENCE_SCALAR phase=recursive at=0203a09c value=02057302 text=mov r0,#0x2057302 function=FUN_0202c238@0202c238 (GhidraScript)  
INFO  V15DecoderAnalysis.java> EVIDENCE_PCODE_CONST phase=recursive at=0203a09c value=02057302 op=COPY text=mov r0,#0x2057302 function=FUN_0202c238@0202c238 (GhidraScript)  
INFO  V15DecoderAnalysis.java> EVIDENCE_REF phase=recursive from=0203a0a6 text=sw r0,[r9 + 0x4] to=02057608 type=WRITE function=FUN_0202c238@0202c238 (GhidraScript)  
INFO  V15DecoderAnalysis.java> EVIDENCE_REF phase=recursive from=0203a0a6 text=sw r0,[r9 + 0x4] to=02057572 type=DATA function=FUN_0202c238@0202c238 (GhidraScript)  
INFO  V15DecoderAnalysis.java> EVIDENCE_REF phase=recursive from=0203db6c text=sb r0,[r9 + 0x0] to=02057604 type=WRITE function=FUN_0202c238@0202c238 (GhidraScript)  
INFO  V15DecoderAnalysis.java> EVIDENCE_REF phase=recursive from=0203e39a text=mov r0,#0x2057a82 to=02057a82 type=PARAM function=FUN_0202c238@0202c238 (GhidraScript)  
INFO  V15DecoderAnalysis.java> EVIDENCE_SCALAR phase=recursive at=0203e39a value=02057a82 text=mov r0,#0x2057a82 function=FUN_0202c238@0202c238 (GhidraScript)  
INFO  V15DecoderAnalysis.java> EVIDENCE_PCODE_CONST phase=recursive at=0203e39a value=02057a82 op=COPY text=mov r0,#0x2057a82 function=FUN_0202c238@0202c238 (GhidraScript)  
INFO  V15DecoderAnalysis.java> EVIDENCE_SCALAR phase=recursive at=0203e75a value=0205736e text=mov r7,#0x205736e function=- (GhidraScript)  
INFO  V15DecoderAnalysis.java> EVIDENCE_PCODE_CONST phase=recursive at=0203e75a value=0205736e op=COPY text=mov r7,#0x205736e function=- (GhidraScript)  
INFO  V15DecoderAnalysis.java> EVIDENCE_REF phase=recursive from=0203e760 text=add r1,r7,#0xc to=0205737a type=PARAM function=- (GhidraScript)  
INFO  V15DecoderAnalysis.java> EVIDENCE_REF phase=recursive from=0203e76c text=add r1,r7,#0x14 to=02057382 type=PARAM function=- (GhidraScript)  
INFO  V15DecoderAnalysis.java> EVIDENCE_REF phase=recursive from=0203e76e text=mov r0,r5 to=0205737e type=PARAM function=- (GhidraScript)  
INFO  V15DecoderAnalysis.java> EVIDENCE_REF phase=recursive from=0203e778 text=add r1,r7,#0x18 to=02057386 type=PARAM function=- (GhidraScript)  
INFO  V15DecoderAnalysis.java> EVIDENCE_REF phase=recursive from=0203e77a text=mov r0,r4 to=02057372 type=PARAM function=- (GhidraScript)  
INFO  V15DecoderAnalysis.java> EVIDENCE_REF phase=recursive from=0203e784 text=add r1,r7,#0x1c to=0205738a type=PARAM function=- (GhidraScript)  
INFO  V15DecoderAnalysis.java> EVIDENCE_REF phase=recursive from=0203e786 text=mov r0,r6 to=0205736e type=PARAM function=FUN_0202c238@0202c238 (GhidraScript)  
INFO  V15DecoderAnalysis.java> EVIDENCE_REF phase=recursive from=0203e790 text=add r1,r7,#0x20 to=0205738e type=PARAM function=FUN_0202c238@0202c238 (GhidraScript)  
INFO  V15DecoderAnalysis.java> EVIDENCE_REF phase=recursive from=0203e794 text=mov r0,r5 to=0205736e type=PARAM function=FUN_0202c238@0202c238 (GhidraScript)  
INFO  V15DecoderAnalysis.java> EVIDENCE_REF phase=recursive from=0203e7a0 text=add r1,r7,#0x24 to=02057392 type=PARAM function=FUN_0202c238@0202c238 (GhidraScript)  
INFO  V15DecoderAnalysis.java> EVIDENCE_REF phase=recursive from=0203e7a4 text=mov r0,r4 to=0205741c type=PARAM function=FUN_0202c238@0202c238 (GhidraScript)  
INFO  V15DecoderAnalysis.java> EVIDENCE_REF phase=recursive from=0203e7a8 text=add r1,r7,#0xa4 to=02057412 type=PARAM function=FUN_0202c238@0202c238 (GhidraScript)  
INFO  V15DecoderAnalysis.java> EVIDENCE_REF phase=recursive from=0203ec38 text=mov r2,#0x2057376 to=02057376 type=PARAM function=FUN_0202c238@0202c238 (GhidraScript)  
INFO  V15DecoderAnalysis.java> EVIDENCE_SCALAR phase=recursive at=0203ec38 value=02057376 text=mov r2,#0x2057376 function=FUN_0202c238@0202c238 (GhidraScript)  
INFO  V15DecoderAnalysis.java> EVIDENCE_PCODE_CONST phase=recursive at=0203ec38 value=02057376 op=COPY text=mov r2,#0x2057376 function=FUN_0202c238@0202c238 (GhidraScript)  
INFO  V15DecoderAnalysis.java> EVIDENCE_REF phase=recursive from=0203ec8c text=sw r0,[r10 + 0x20] to=0205739a type=DATA function=FUN_0202c238@0202c238 (GhidraScript)  
INFO  V15DecoderAnalysis.java> EVIDENCE_SCALAR phase=recursive at=0203ed0c value=02057376 text=mov r2,#0x2057376 function=FUN_0202c238@0202c238 (GhidraScript)  
INFO  V15DecoderAnalysis.java> EVIDENCE_PCODE_CONST phase=recursive at=0203ed0c value=02057376 op=COPY text=mov r2,#0x2057376 function=FUN_0202c238@0202c238 (GhidraScript)  
INFO  V15DecoderAnalysis.java> EVIDENCE_REF phase=recursive from=0203ed14 text=add r0,r2,#0x162 to=020574d8 type=PARAM function=FUN_0202c238@0202c238 (GhidraScript)  
INFO  V15DecoderAnalysis.java> EVIDENCE_REF phase=recursive from=0203ee04 text=ldw r1,r9,#0x10 to=02057614 type=READ function=FUN_0202c238@0202c238 (GhidraScript)  
INFO  V15DecoderAnalysis.java> EVIDENCE_REF phase=recursive from=0203ee0c text=lw r1,[r6 + 0x14] to=02057618 type=READ function=FUN_0202c238@0202c238 (GhidraScript)  
INFO  V15DecoderAnalysis.java> EVIDENCE_REF phase=recursive from=0203ee56 text=sw r0,[r6 + 0xc] to=02057610 type=WRITE function=FUN_0202c238@0202c238 (GhidraScript)  
INFO  V15DecoderAnalysis.java> EVIDENCE_SCALAR phase=recursive at=0203eea0 value=02057376 text=mov r0,#0x2057376 function=FUN_0202c238@0202c238 (GhidraScript)  
INFO  V15DecoderAnalysis.java> EVIDENCE_PCODE_CONST phase=recursive at=0203eea0 value=02057376 op=COPY text=mov r0,#0x2057376 function=FUN_0202c238@0202c238 (GhidraScript)  
INFO  V15DecoderAnalysis.java> EVIDENCE_REF phase=recursive from=0203eea6 text=add r2,r0,#0x168 to=020574de type=PARAM function=FUN_0202c238@0202c238 (GhidraScript)  
INFO  V15DecoderAnalysis.java> EVIDENCE_REF phase=recursive from=0203f5a4 text=lb.z r2,[r9 + 0x8] to=0205760c type=READ function=FUN_0202c238@0202c238 (GhidraScript)  
INFO  V15DecoderAnalysis.java> EVIDENCE_SCALAR phase=recursive at=0203f802 value=0205739e text=mov r9,#0x205739e function=- (GhidraScript)  
INFO  V15DecoderAnalysis.java> EVIDENCE_PCODE_CONST phase=recursive at=0203f802 value=0205739e op=COPY text=mov r9,#0x205739e function=- (GhidraScript)  
INFO  V15DecoderAnalysis.java> EVIDENCE_REF phase=recursive from=0203f81e text=mov r1,r9 to=0205739e type=PARAM function=- (GhidraScript)  
INFO  V15DecoderAnalysis.java> EVIDENCE_REF phase=recursive from=0203f828 text=add r1,r9,#0x205 to=020575a3 type=PARAM function=- (GhidraScript)  
INFO  V15DecoderAnalysis.java> EVIDENCE_REF phase=recursive from=0203f836 text=add r1,r9,#0x158 to=020574f6 type=PARAM function=- (GhidraScript)  
INFO  V15DecoderAnalysis.java> EVIDENCE_REF phase=recursive from=0203f844 text=add r1,r9,#0x152 to=020574f0 type=PARAM function=- (GhidraScript)  
INFO  V15DecoderAnalysis.java> EVIDENCE_REF phase=recursive from=0203f852 text=add r1,r9,#0x8d to=0205742b type=PARAM function=- (GhidraScript)  
INFO  V15DecoderAnalysis.java> EVIDENCE_REF phase=recursive from=0203f860 text=add r1,r9,#0x92 to=02057430 type=PARAM function=- (GhidraScript)  
INFO  V15DecoderAnalysis.java> EVIDENCE_REF phase=recursive from=0203f86e text=add r1,r9,#0x14c to=020574ea type=PARAM function=- (GhidraScript)  
INFO  V15DecoderAnalysis.java> EVIDENCE_REF phase=recursive from=0203f87c text=add r1,r9,#0x2ae to=0205764c type=PARAM function=- (GhidraScript)  
INFO  V15DecoderAnalysis.java> EVIDENCE_REF phase=recursive from=0203f8e2 text=sw r0,[r5 + 0x30] to=02058054 type=DATA function=- (GhidraScript)  
INFO  V15DecoderAnalysis.java> EVIDENCE_REF phase=recursive from=0203f906 text=add r0,r9,#0x13a to=020574d8 type=PARAM function=- (GhidraScript)  
INFO  V15DecoderAnalysis.java> EVIDENCE_REF phase=recursive from=0203fb3a text=add r0,r9,#0x6e4 to=02057a82 type=PARAM function=- (GhidraScript)  
INFO  V15DecoderAnalysis.java> EVIDENCE_SCALAR phase=recursive at=02040bf0 value=02057396 text=mov r0,#0x2057396 function=- (GhidraScript)  
INFO  V15DecoderAnalysis.java> EVIDENCE_PCODE_CONST phase=recursive at=02040bf0 value=02057396 op=COPY text=mov r0,#0x2057396 function=- (GhidraScript)  
INFO  V15DecoderAnalysis.java> EVIDENCE_REF phase=recursive from=02040bf6 text=add r0,r0,#0x5ee to=02057396 type=DATA function=- (GhidraScript)  
INFO  V15DecoderAnalysis.java> EVIDENCE_REF phase=recursive from=02040c02 text=sw r0,[sp+0xc] to=02057984 type=DATA function=- (GhidraScript)  
INFO  V15DecoderAnalysis.java> EVIDENCE_REF phase=recursive from=020414ea text=mov r0,r9 to=02057604 type=PARAM function=FUN_0202c238@0202c238 (GhidraScript)  
INFO  V15DecoderAnalysis.java> EVIDENCE_SCALAR phase=recursive at=02042ad2 value=020573aa text=mov r10,#0x20573aa function=- (GhidraScript)  
INFO  V15DecoderAnalysis.java> EVIDENCE_PCODE_CONST phase=recursive at=02042ad2 value=020573aa op=COPY text=mov r10,#0x20573aa function=- (GhidraScript)  
INFO  V15DecoderAnalysis.java> EVIDENCE_REF phase=recursive from=02042ad8 text=mov r0,r10 to=020573aa type=PARAM function=- (GhidraScript)  
INFO  V15DecoderAnalysis.java> EVIDENCE_SCALAR phase=recursive at=020436cc value=02057234 text=mov r12,#0x2057234 function=- (GhidraScript)  
INFO  V15DecoderAnalysis.java> EVIDENCE_PCODE_CONST phase=recursive at=020436cc value=02057234 op=COPY text=mov r12,#0x2057234 function=- (GhidraScript)  
INFO  V15DecoderAnalysis.java> EVIDENCE_REF phase=recursive from=020436dc text=lb.z r0,[r0 + r5] to=02057238 type=DATA function=- (GhidraScript)  
INFO  V15DecoderAnalysis.java> EVIDENCE_REF phase=recursive from=020436f0 text=lb.z r0,[r0 + r6] to=02057239 type=DATA function=- (GhidraScript)  
INFO  V15DecoderAnalysis.java> EVIDENCE_REF phase=recursive from=02043704 text=lb.z r0,[r0 + r7] to=0205723a type=DATA function=- (GhidraScript)  
INFO  V15DecoderAnalysis.java> EVIDENCE_REF phase=recursive from=02043714 text=lb.z r0,[r0 + r5] to=02057238 type=DATA function=- (GhidraScript)  
INFO  V15DecoderAnalysis.java> EVIDENCE_REF phase=recursive from=02043722 text=lb.z r0,[r0 + r6] to=02057239 type=DATA function=- (GhidraScript)  
INFO  V15DecoderAnalysis.java> EVIDENCE_REF phase=recursive from=02043730 text=lb.z r0,[r0 + r7] to=0205723a type=DATA function=- (GhidraScript)  
INFO  V15DecoderAnalysis.java> EVIDENCE_REF phase=recursive from=0204373e text=lb.z r0,[r0 + r5] to=02057238 type=DATA function=- (GhidraScript)  
INFO  V15DecoderAnalysis.java> EVIDENCE_REF phase=recursive from=0204374e text=lb.z r0,[r0 + r6] to=02057239 type=DATA function=- (GhidraScript)  
INFO  V15DecoderAnalysis.java> EVIDENCE_REF phase=recursive from=0204375e text=lb.z r0,[r0 + r7] to=0205723a type=DATA function=- (GhidraScript)  
INFO  V15DecoderAnalysis.java> EVIDENCE_REF phase=recursive from=0204376e text=lb.z r0,[r0 + r5] to=02057238 type=DATA function=- (GhidraScript)  
INFO  V15DecoderAnalysis.java> EVIDENCE_REF phase=recursive from=0204377e text=lb.z r0,[r0 + r6] to=02057239 type=DATA function=- (GhidraScript)  
INFO  V15DecoderAnalysis.java> EVIDENCE_REF phase=recursive from=0204378e text=lb.z r0,[r0 + r7] to=0205723a type=DATA function=- (GhidraScript)  
INFO  V15DecoderAnalysis.java> EVIDENCE_REF phase=recursive from=020437a0 text=lb.z r0,[r0 + r5] to=02057238 type=DATA function=- (GhidraScript)  
INFO  V15DecoderAnalysis.java> EVIDENCE_REF phase=recursive from=020437b0 text=lb.z r0,[r0 + r5] to=02057238 type=DATA function=- (GhidraScript)  
INFO  V15DecoderAnalysis.java> EVIDENCE_REF phase=recursive from=020437c0 text=lb.z r0,[r0 + r5] to=02057238 type=DATA function=- (GhidraScript)  
INFO  V15DecoderAnalysis.java> EVIDENCE_REF phase=recursive from=020437d4 text=lb.z r0,[r0 + r5] to=02057239 type=DATA function=- (GhidraScript)  
INFO  V15DecoderAnalysis.java> EVIDENCE_REF phase=recursive from=020437e4 text=lb.z r0,[r0 + r5] to=02057239 type=DATA function=- (GhidraScript)  
INFO  V15DecoderAnalysis.java> EVIDENCE_REF phase=recursive from=020437f4 text=lb.z r0,[r0 + r5] to=02057239 type=DATA function=- (GhidraScript)  
INFO  V15DecoderAnalysis.java> EVIDENCE_REF phase=recursive from=02043808 text=lb.z r0,[r0 + r5] to=0205723a type=DATA function=- (GhidraScript)  
INFO  V15DecoderAnalysis.java> EVIDENCE_REF phase=recursive from=02043818 text=lb.z r0,[r0 + r5] to=0205723a type=DATA function=- (GhidraScript)  
INFO  V15DecoderAnalysis.java> EVIDENCE_REF phase=recursive from=02043828 text=lb.z r0,[r0 + r5] to=0205723a type=DATA function=- (GhidraScript)  
INFO  V15DecoderAnalysis.java> EVIDENCE_REF phase=recursive from=02043850 text=lb.z r0,[r0 + r12] to=02057234 type=DATA function=- (GhidraScript)  
INFO  V15DecoderAnalysis.java> EVIDENCE_REF phase=recursive from=02043862 text=lb.z r0,[r0 + r12] to=02057234 type=DATA function=- (GhidraScript)  
INFO  V15DecoderAnalysis.java> EVIDENCE_REF phase=recursive from=02043874 text=lb.z r0,[r0 + r12] to=02057234 type=DATA function=- (GhidraScript)  
INFO  V15DecoderAnalysis.java> EVIDENCE_REF phase=recursive from=0204389c text=lb.z r0,[r0 + r12] to=02057234 type=DATA function=- (GhidraScript)  
INFO  V15DecoderAnalysis.java> EVIDENCE_REF phase=recursive from=020438ae text=lb.z r0,[r0 + r12] to=02057234 type=DATA function=- (GhidraScript)  
INFO  V15DecoderAnalysis.java> EVIDENCE_REF phase=recursive from=020438be text=lb.z r0,[r0 + r12] to=02057234 type=DATA function=- (GhidraScript)  
INFO  V15DecoderAnalysis.java> EVIDENCE_REF phase=recursive from=020438d0 text=lb.z r0,[r0 + r12] to=02057234 type=DATA function=- (GhidraScript)  
INFO  V15DecoderAnalysis.java> EVIDENCE_SCALAR phase=recursive at=0204532c value=02057250 text=mov r3,#0x2057250 function=FUN_0202c238@0202c238 (GhidraScript)  
INFO  V15DecoderAnalysis.java> EVIDENCE_PCODE_CONST phase=recursive at=0204532c value=02057250 op=COPY text=mov r3,#0x2057250 function=FUN_0202c238@0202c238 (GhidraScript)  
INFO  V15DecoderAnalysis.java> EVIDENCE_SCALAR phase=recursive at=02045684 value=0205739a text=mov r14,#0x205739a function=- (GhidraScript)  
INFO  V15DecoderAnalysis.java> EVIDENCE_PCODE_CONST phase=recursive at=02045684 value=0205739a op=COPY text=mov r14,#0x205739a function=- (GhidraScript)  
INFO  V15DecoderAnalysis.java> EVIDENCE_REF phase=recursive from=02045698 text=sw r14,[sp+0x0] to=0205739a type=DATA function=- (GhidraScript)  
INFO  V15DecoderAnalysis.java> EVIDENCE_SCALAR phase=recursive at=02045c60 value=02057250 text=mov r6,#0x2057250 function=FUN_02045c5a@02045c5a (GhidraScript)  
INFO  V15DecoderAnalysis.java> EVIDENCE_PCODE_CONST phase=recursive at=02045c60 value=02057250 op=COPY text=mov r6,#0x2057250 function=FUN_02045c5a@02045c5a (GhidraScript)  
INFO  V15DecoderAnalysis.java> EVIDENCE_REF phase=recursive from=02045c6a text=mov r1,r10 to=0205739e type=PARAM function=FUN_02045c5a@02045c5a (GhidraScript)  
INFO  V15DecoderAnalysis.java> EVIDENCE_REF phase=recursive from=02045c7a text=add r1,r6,#0x353 to=020575a3 type=PARAM function=FUN_02045c5a@02045c5a (GhidraScript)  
INFO  V15DecoderAnalysis.java> EVIDENCE_REF phase=recursive from=02045c98 text=lb.z r7,[r0 + r5] to=020573a2 type=READ function=FUN_02045c5a@02045c5a (GhidraScript)  
INFO  V15DecoderAnalysis.java> EVIDENCE_REF phase=recursive from=02045cc8 text=lb.z r7,[r0 + r5] to=0205765c type=READ function=FUN_02045c5a@02045c5a (GhidraScript)  
INFO  V15DecoderAnalysis.java> EVIDENCE_REF phase=recursive from=02045ce0 text=add r1,r6,#0x353 to=020575a3 type=PARAM function=FUN_02045c5a@02045c5a (GhidraScript)  
INFO  V15DecoderAnalysis.java> EVIDENCE_REF phase=recursive from=02045d00 text=mov r1,r10 to=0205739e type=PARAM function=FUN_02045c5a@02045c5a (GhidraScript)  
INFO  V15DecoderAnalysis.java> EVIDENCE_SCALAR phase=recursive at=0204609c value=0205739e text=mov r7,#0x205739e function=FUN_02046094@02046094 (GhidraScript)  
INFO  V15DecoderAnalysis.java> EVIDENCE_PCODE_CONST phase=recursive at=0204609c value=0205739e op=COPY text=mov r7,#0x205739e function=FUN_02046094@02046094 (GhidraScript)  
INFO  V15DecoderAnalysis.java> EVIDENCE_REF phase=recursive from=020460a2 text=mov r1,r7 to=0205739e type=PARAM function=FUN_02046094@02046094 (GhidraScript)  
INFO  V15DecoderAnalysis.java> EVIDENCE_REF phase=recursive from=020460b2 text=add r1,r7,#0x205 to=020575a3 type=PARAM function=FUN_02046094@02046094 (GhidraScript)  
INFO  V15DecoderAnalysis.java> EVIDENCE_REF phase=recursive from=02047004 text=mov r1,#0x205739e to=0205739e type=PARAM function=FUN_02046fe0@02046fe0 (GhidraScript)  
INFO  V15DecoderAnalysis.java> EVIDENCE_SCALAR phase=recursive at=02047004 value=0205739e text=mov r1,#0x205739e function=FUN_02046fe0@02046fe0 (GhidraScript)  
INFO  V15DecoderAnalysis.java> EVIDENCE_PCODE_CONST phase=recursive at=02047004 value=0205739e op=COPY text=mov r1,#0x205739e function=FUN_02046fe0@02046fe0 (GhidraScript)  
ERROR Pcode error at 0204d5d8: Program does not contain referenced instruction: 0204d5da (SleighInstructionPrototype)  
ERROR Pcode error at 0205548a: Program does not contain referenced instruction: 0205548c (SleighInstructionPrototype)  
ERROR Pcode error at 02055f4e: Could not find cached delayslot parser context (SleighInstructionPrototype)  
ERROR Pcode error at 02055fb0: Program does not contain referenced instruction: 02055fb2 (SleighInstructionPrototype)  
ERROR Pcode error at 02056ba2: Could not find cached delayslot parser context (SleighInstructionPrototype)  
INFO  V15DecoderAnalysis.java> PHASE recursive (GhidraScript)  
INFO  V15DecoderAnalysis.java> METRIC phase=recursive key=instruction_count value=51089 (GhidraScript)  
INFO  V15DecoderAnalysis.java> METRIC phase=recursive key=instruction_bytes value=149332 (GhidraScript)  
INFO  V15DecoderAnalysis.java> METRIC phase=recursive key=code_region_bytes value=356352 (GhidraScript)  
INFO  V15DecoderAnalysis.java> METRIC phase=recursive key=undecoded_even_slots value=103510 (GhidraScript)  
INFO  V15DecoderAnalysis.java> METRIC phase=recursive key=function_count value=1055 (GhidraScript)  
INFO  V15DecoderAnalysis.java> METRIC phase=recursive key=call_instruction_count value=4430 (GhidraScript)  
INFO  V15DecoderAnalysis.java> METRIC phase=recursive key=direct_call_reference_count value=4214 (GhidraScript)  
INFO  V15DecoderAnalysis.java> METRIC phase=recursive key=branch_instruction_count value=6713 (GhidraScript)  
INFO  V15DecoderAnalysis.java> METRIC phase=recursive key=computed_flow_count value=271 (GhidraScript)  
INFO  V15DecoderAnalysis.java> METRIC phase=recursive key=no_pcode_instruction_count value=0 (GhidraScript)  
INFO  V15DecoderAnalysis.java> METRIC phase=recursive key=pcode_exception_count value=0 (GhidraScript)  
INFO  V15DecoderAnalysis.java> METRIC phase=recursive key=evidence_reference_count value=479 (GhidraScript)  
INFO  V15DecoderAnalysis.java> METRIC phase=recursive key=evidence_scalar_count value=98 (GhidraScript)  
INFO  V15DecoderAnalysis.java> METRIC phase=recursive key=evidence_pcode_constant_count value=98 (GhidraScript)  
INFO  V15DecoderAnalysis.java> HISTOGRAM phase=recursive key=instruction_size value={2=29964, 4=18673, 6=2452} (GhidraScript)  
INFO  V15DecoderAnalysis.java> HISTOGRAM phase=recursive key=mnemonic value={_add=1, _bkpt=1, _jbe=1, _jle=1, _lb.z=187, _lh.z=62, _lw=914, _nop=1, _pfetch=1, _rep=1, _sb=125, _sh=66, _sw=383, abs=10, add=5988, addc=19, addldw=84, addsdw=9, and=879, bit.and=36, bit.nand=6, bit.or=12, bitclr=87, bitset=169, bittgl=32, bkpt=2, call=4410, cli=82, clr=248, clz=5, csync=392, decjnz=3, div=74, div.s=63, flushinv=1, goto=1723, hbkpt=5, idle=6, if=454, iflush=3, ifs=136, insert=198, ja=196, jae=81, jb=205, jbe=100, je=720, jg=89, jge=57, jl=177, jle=62, jmnz=304, jmz=82, jne=813, jnz=799, jz=1095, lb=24, lb.s=40, lb.z=1965, ldw=951, lh=48, lh.s=154, lh.z=539, lockclr=77, lockset=62, lsl=604, lslr=2, lsr=407, lw=3400, mov=10149, movs=106, movz=1137, mul=579, mul.z=3, muladd.s=5, nop=94, not=71, or=694, pfetch=6, pop=852, push=543, qasl=21, qasr=43, rep=138, rev8=6, rti=8, rts=156, sb=1285, sdw=94, sextra=87, sh=713, smin=25, ssync=5, sti=106, sub=517, subc=39, sw=2001, sxtb=28, sxth=201, tbb=23, tbh=9, testset=28, uextra=212, umin=16, uxtb=253, uxth=122, xor=89, } =603, } else { =89} (GhidraScript)  
INFO  V15DecoderAnalysis.java> TARGET_XREF_COUNT phase=recursive target=midi_route_ascii exact=0 interior=0 (GhidraScript)  
INFO  V15DecoderAnalysis.java> TARGET_XREF_COUNT phase=recursive target=midi_streaming_interface exact=0 interior=0 (GhidraScript)  
INFO  V15DecoderAnalysis.java> TARGET_XREF phase=recursive target=midi_streaming_header from=02024dd2 to=020579b7 type=PARAM source=ANALYSIS function=FUN_02024d4c@02024d4c (GhidraScript)  
INFO  V15DecoderAnalysis.java> TARGET_XREF phase=recursive target=midi_streaming_header from=02024da2 to=020579b7 type=PARAM source=ANALYSIS function=FUN_02024d4c@02024d4c (GhidraScript)  
INFO  V15DecoderAnalysis.java> TARGET_XREF_COUNT phase=recursive target=midi_streaming_header exact=2 interior=0 (GhidraScript)  
INFO  V15DecoderAnalysis.java> TARGET_XREF_COUNT phase=recursive target=usb_midi_cin_payload_lengths exact=0 interior=0 (GhidraScript)  
INFO  V15DecoderAnalysis.java> TARGET_XREF_COUNT phase=recursive target=usb_device_descriptor exact=0 interior=0 (GhidraScript)  
INFO  V15DecoderAnalysis.java> TARGET_XREF_COUNT phase=recursive target=midi_product_utf16le exact=0 interior=0 (GhidraScript)  
INFO  V15DecoderAnalysis.java> TARGET_XREF phase=recursive target=midi_in_endpoint from=02027a36 to=02057fc8 type=DATA source=ANALYSIS function=- (GhidraScript)  
INFO  V15DecoderAnalysis.java> TARGET_XREF_COUNT phase=recursive target=midi_in_endpoint exact=0 interior=1 (GhidraScript)  
INFO  V15DecoderAnalysis.java> TARGET_XREF_COUNT phase=recursive target=midi_in_cs_endpoint exact=0 interior=0 (GhidraScript)  
INFO  V15DecoderAnalysis.java> TARGET_XREF_COUNT phase=recursive target=midi_out_endpoint exact=0 interior=0 (GhidraScript)  
INFO  V15DecoderAnalysis.java> TARGET_XREF_COUNT phase=recursive target=midi_out_cs_endpoint exact=0 interior=0 (GhidraScript)  
INFO  V15DecoderAnalysis.java> TARGET_XREF phase=recursive target=midi_jack_graph from=020277d4 to=02058278 type=PARAM source=ANALYSIS function=- (GhidraScript)  
INFO  V15DecoderAnalysis.java> TARGET_XREF phase=recursive target=midi_jack_graph from=0205827e to=02058280 type=DATA source=ANALYSIS function=- (GhidraScript)  
INFO  V15DecoderAnalysis.java> TARGET_XREF_COUNT phase=recursive target=midi_jack_graph exact=0 interior=2 (GhidraScript)  
INFO  V15DecoderAnalysis.java> LISTING phase=recursive path=/Users/spectrum/Documents/SMK37ProMod/baselines/v15/analysis/quarkslab/results/quarkslab-recursive-listing.tsv (GhidraScript)  
ERROR Pcode error at 02001c6e: Could not find cached delayslot parser context (SleighInstructionPrototype)  
ERROR Pcode error at 02005274: Could not find cached delayslot parser context (SleighInstructionPrototype)  
ERROR Pcode error at 020052ae: Could not find cached delayslot parser context (SleighInstructionPrototype)  
ERROR Pcode error at 02005324: Program does not contain referenced instruction: 02005326 (SleighInstructionPrototype)  
ERROR Pcode error at 020053c0: Could not find cached delayslot parser context (SleighInstructionPrototype)  
ERROR Pcode error at 020054e6: Could not find cached delayslot parser context (SleighInstructionPrototype)  
ERROR Pcode error at 02005480: Could not find cached delayslot parser context (SleighInstructionPrototype)  
ERROR Pcode error at 020054ce: Could not find cached delayslot parser context (SleighInstructionPrototype)  
ERROR Pcode error at 02005a98: Could not find cached delayslot parser context (SleighInstructionPrototype)  
ERROR Pcode error at 02005c66: Could not find cached delayslot parser context (SleighInstructionPrototype)  
ERROR Pcode error at 02005d06: Could not find cached delayslot parser context (SleighInstructionPrototype)  
ERROR Pcode error at 02009ba0: Could not find cached delayslot parser context (SleighInstructionPrototype)  
ERROR Pcode error at 0200c9ae: Program does not contain referenced instruction: 0200c9b2 (SleighInstructionPrototype)  
ERROR Pcode error at 0200c9c0: Program does not contain referenced instruction: 0200c9c2 (SleighInstructionPrototype)  
ERROR Pcode error at 0200d346: Program does not contain referenced instruction: 0200d34a (SleighInstructionPrototype)  
ERROR Pcode error at 0200df84: Program does not contain referenced instruction: 0200df86 (SleighInstructionPrototype)  
ERROR Pcode error at 0200df8c: Program does not contain referenced instruction: 0200df8e (SleighInstructionPrototype)  
ERROR Pcode error at 0200f2a0: Program does not contain referenced instruction: 0200f2a4 (SleighInstructionPrototype)  
ERROR Pcode error at 02013e3a: Program does not contain referenced instruction: 02013e3e (SleighInstructionPrototype)  
ERROR Pcode error at 02013e44: Program does not contain referenced instruction: 02013e48 (SleighInstructionPrototype)  
ERROR Pcode error at 02013e84: Program does not contain referenced instruction: 02013e86 (SleighInstructionPrototype)  
ERROR Pcode error at 020140b0: Program does not contain referenced instruction: 020140b2 (SleighInstructionPrototype)  
ERROR Pcode error at 02013f10: Program does not contain referenced instruction: 02013f14 (SleighInstructionPrototype)  
ERROR Pcode error at 02013f18: Program does not contain referenced instruction: 02013f1c (SleighInstructionPrototype)  
ERROR Pcode error at 02013f64: Program does not contain referenced instruction: 02013f68 (SleighInstructionPrototype)  
ERROR Pcode error at 02013f74: Program does not contain referenced instruction: 02013f76 (SleighInstructionPrototype)  
ERROR Pcode error at 020140b8: Program does not contain referenced instruction: 020140bc (SleighInstructionPrototype)  
ERROR Pcode error at 020140ea: Program does not contain referenced instruction: 020140ec (SleighInstructionPrototype)  
ERROR Pcode error at 020141ca: Program does not contain referenced instruction: 020141cc (SleighInstructionPrototype)  
ERROR Pcode error at 02014228: Program does not contain referenced instruction: 0201422a (SleighInstructionPrototype)  
ERROR Pcode error at 02014924: Program does not contain referenced instruction: 02014926 (SleighInstructionPrototype)  
ERROR Pcode error at 02014936: Program does not contain referenced instruction: 02014938 (SleighInstructionPrototype)  
ERROR Pcode error at 020150c6: Program does not contain referenced instruction: 020150ca (SleighInstructionPrototype)  
ERROR Pcode error at 020150d0: Program does not contain referenced instruction: 020150d2 (SleighInstructionPrototype)  
ERROR Pcode error at 020151f6: Program does not contain referenced instruction: 020151f8 (SleighInstructionPrototype)  
ERROR Pcode error at 020153d2: Program does not contain referenced instruction: 020153d6 (SleighInstructionPrototype)  
ERROR Pcode error at 02016258: Program does not contain referenced instruction: 0201625a (SleighInstructionPrototype)  
ERROR Pcode error at 02016634: Program does not contain referenced instruction: 02016636 (SleighInstructionPrototype)  
ERROR Pcode error at 0201898c: Program does not contain referenced instruction: 0201898e (SleighInstructionPrototype)  
ERROR Pcode error at 02018a56: Program does not contain referenced instruction: 02018a58 (SleighInstructionPrototype)  
ERROR Pcode error at 020190a8: Program does not contain referenced instruction: 020190aa (SleighInstructionPrototype)  
ERROR Pcode error at 020190ac: Program does not contain referenced instruction: 020190ae (SleighInstructionPrototype)  
ERROR Pcode error at 02019684: Could not find cached delayslot parser context (SleighInstructionPrototype)  
ERROR Pcode error at 02019688: Delay Slot recursion problem for Instruction at 0201968a (SleighInstructionPrototype)  
ERROR Pcode error at 0201968a: Could not find cached delayslot parser context (SleighInstructionPrototype)  
ERROR Pcode error at 0201a204: Program does not contain referenced instruction: 0201a208 (SleighInstructionPrototype)  
ERROR Pcode error at 0201ae9c: Program does not contain referenced instruction: 0201aea0 (SleighInstructionPrototype)  
ERROR Pcode error at 0201b0f8: Program does not contain referenced instruction: 0201b0fc (SleighInstructionPrototype)  
ERROR Pcode error at 0201d9b6: Program does not contain referenced instruction: 0201d9b8 (SleighInstructionPrototype)  
ERROR Pcode error at 0201d9d8: Program does not contain referenced instruction: 0201d9da (SleighInstructionPrototype)  
ERROR Pcode error at 0201da9e: Program does not contain referenced instruction: 0201daa0 (SleighInstructionPrototype)  
ERROR Pcode error at 0201dbaa: Program does not contain referenced instruction: 0201dbac (SleighInstructionPrototype)  
ERROR Pcode error at 0201dc58: Program does not contain referenced instruction: 0201dc5a (SleighInstructionPrototype)  
ERROR Pcode error at 0201dc7c: Program does not contain referenced instruction: 0201dc7e (SleighInstructionPrototype)  
ERROR Pcode error at 020316d8: Program does not contain referenced instruction: 020316da (SleighInstructionPrototype)  
ERROR Pcode error at 02031a52: Program does not contain referenced instruction: 02031a56 (SleighInstructionPrototype)  
ERROR Pcode error at 02031a78: Program does not contain referenced instruction: 02031a7c (SleighInstructionPrototype)  
ERROR Pcode error at 02032e82: Program does not contain referenced instruction: 02032e86 (SleighInstructionPrototype)  
ERROR Pcode error at 02034ba0: Program does not contain referenced instruction: 02034ba4 (SleighInstructionPrototype)  
ERROR Pcode error at 0203d84c: Program does not contain referenced instruction: 0203d850 (SleighInstructionPrototype)  
ERROR Pcode error at 0204a0b8: Could not find cached delayslot parser context (SleighInstructionPrototype)  
ERROR Pcode error at 0204a12a: Could not find cached delayslot parser context (SleighInstructionPrototype)  
ERROR Pcode error at 0204a15a: Could not find cached delayslot parser context (SleighInstructionPrototype)  
ERROR Pcode error at 0204a2c6: Program does not contain referenced instruction: 0204a2c8 (SleighInstructionPrototype)  
ERROR Pcode error at 0204a45c: Program does not contain referenced instruction: 0204a45e (SleighInstructionPrototype)  
ERROR Pcode error at 0204a478: Program does not contain referenced instruction: 0204a47c (SleighInstructionPrototype)  
ERROR Pcode error at 0204a4a4: Program does not contain referenced instruction: 0204a4a8 (SleighInstructionPrototype)  
ERROR Pcode error at 0204a4c4: Could not find cached delayslot parser context (SleighInstructionPrototype)  
ERROR Pcode error at 0204a59c: Program does not contain referenced instruction: 0204a59e (SleighInstructionPrototype)  
ERROR Pcode error at 0204a69c: Program does not contain referenced instruction: 0204a6a0 (SleighInstructionPrototype)  
ERROR Pcode error at 0204a6d8: Program does not contain referenced instruction: 0204a6da (SleighInstructionPrototype)  
ERROR Pcode error at 0204a6f4: Could not find cached delayslot parser context (SleighInstructionPrototype)  
ERROR Pcode error at 0204a6fa: Could not find cached delayslot parser context (SleighInstructionPrototype)  
ERROR Pcode error at 0204a712: Program does not contain referenced instruction: 0204a714 (SleighInstructionPrototype)  
ERROR Pcode error at 0204a7da: Program does not contain referenced instruction: 0204a7dc (SleighInstructionPrototype)  
ERROR Pcode error at 0204a888: Could not find cached delayslot parser context (SleighInstructionPrototype)  
ERROR Pcode error at 0204a9e0: Program does not contain referenced instruction: 0204a9e2 (SleighInstructionPrototype)  
ERROR Pcode error at 0204ac94: Could not find cached delayslot parser context (SleighInstructionPrototype)  
ERROR Pcode error at 0204ab6a: Program does not contain referenced instruction: 0204ab6e (SleighInstructionPrototype)  
ERROR Pcode error at 0204abb2: Could not find cached delayslot parser context (SleighInstructionPrototype)  
ERROR Pcode error at 0204abba: Program does not contain referenced instruction: 0204abbe (SleighInstructionPrototype)  
ERROR Pcode error at 0204ac78: Program does not contain referenced instruction: 0204ac7a (SleighInstructionPrototype)  
ERROR Pcode error at 0204ad4e: Could not find cached delayslot parser context (SleighInstructionPrototype)  
ERROR Pcode error at 0204ae92: Program does not contain referenced instruction: 0204ae94 (SleighInstructionPrototype)  
ERROR Pcode error at 0204af18: Program does not contain referenced instruction: 0204af1a (SleighInstructionPrototype)  
ERROR Pcode error at 0204af1e: Program does not contain referenced instruction: 0204af20 (SleighInstructionPrototype)  
ERROR Pcode error at 0204af58: Program does not contain referenced instruction: 0204af5a (SleighInstructionPrototype)  
ERROR Pcode error at 0204afc8: Could not find cached delayslot parser context (SleighInstructionPrototype)  
ERROR Pcode error at 0204b20a: Program does not contain referenced instruction: 0204b20c (SleighInstructionPrototype)  
ERROR Pcode error at 0204b27c: Program does not contain referenced instruction: 0204b280 (SleighInstructionPrototype)  
ERROR Pcode error at 0204b320: Delay Slot recursion problem for Instruction at 0204b322 (SleighInstructionPrototype)  
ERROR Pcode error at 0204b322: Program does not contain referenced instruction: 0204b324 (SleighInstructionPrototype)  
ERROR Pcode error at 0204b374: Could not find cached delayslot parser context (SleighInstructionPrototype)  
ERROR Pcode error at 0204b3d4: Could not find cached delayslot parser context (SleighInstructionPrototype)  
ERROR Pcode error at 0204c22e: Delay Slot recursion problem for Instruction at 0204c230 (SleighInstructionPrototype)  
ERROR Pcode error at 0204c230: Delay Slot recursion problem for Instruction at 0204c232 (SleighInstructionPrototype)  
ERROR Pcode error at 0204c232: Delay Slot recursion problem for Instruction at 0204c234 (SleighInstructionPrototype)  
ERROR Pcode error at 0204c240: Program does not contain referenced instruction: 0204c244 (SleighInstructionPrototype)  
ERROR Pcode error at 0204c436: Delay Slot recursion problem for Instruction at 0204c438 (SleighInstructionPrototype)  
ERROR Pcode error at 02057626: Delay Slot recursion problem for Instruction at 02057628 (SleighInstructionPrototype)  
ERROR Pcode error at 02057628: Delay Slot recursion problem for Instruction at 0205762a (SleighInstructionPrototype)  
ERROR Pcode error at 0205762a: Could not find cached delayslot parser context (SleighInstructionPrototype)  
ERROR Pcode error at 0204b456: Program does not contain referenced instruction: 0204b45a (SleighInstructionPrototype)  
ERROR Pcode error at 0204b4da: Program does not contain referenced instruction: 0204b4de (SleighInstructionPrototype)  
ERROR Pcode error at 0204b4e0: Program does not contain referenced instruction: 0204b4e2 (SleighInstructionPrototype)  
ERROR Pcode error at 0204b4f8: Program does not contain referenced instruction: 0204b4fa (SleighInstructionPrototype)  
ERROR Pcode error at 0204b508: Program does not contain referenced instruction: 0204b50a (SleighInstructionPrototype)  
ERROR Pcode error at 0204b51c: Program does not contain referenced instruction: 0204b520 (SleighInstructionPrototype)  
ERROR Pcode error at 0204b572: Program does not contain referenced instruction: 0204b576 (SleighInstructionPrototype)  
ERROR Pcode error at 0204b5f6: Program does not contain referenced instruction: 0204b5f8 (SleighInstructionPrototype)  
ERROR Pcode error at 0204b6c2: Could not find cached delayslot parser context (SleighInstructionPrototype)  
ERROR Pcode error at 0204b732: Program does not contain referenced instruction: 0204b736 (SleighInstructionPrototype)  
ERROR Pcode error at 0204b77c: Program does not contain referenced instruction: 0204b77e (SleighInstructionPrototype)  
ERROR Pcode error at 0204b846: Could not find cached delayslot parser context (SleighInstructionPrototype)  
ERROR Pcode error at 0204ba64: Could not find cached delayslot parser context (SleighInstructionPrototype)  
ERROR Pcode error at 0204b9e0: Program does not contain referenced instruction: 0204b9e2 (SleighInstructionPrototype)  
ERROR Pcode error at 0204baa8: Could not find cached delayslot parser context (SleighInstructionPrototype)  
ERROR Pcode error at 0204bab0: Could not find cached delayslot parser context (SleighInstructionPrototype)  
ERROR Pcode error at 0204bab8: Could not find cached delayslot parser context (SleighInstructionPrototype)  
ERROR Pcode error at 0204beb0: Could not find cached delayslot parser context (SleighInstructionPrototype)  
ERROR Pcode error at 0204bf38: Could not find cached delayslot parser context (SleighInstructionPrototype)  
ERROR Pcode error at 0204c0c2: Program does not contain referenced instruction: 0204c0c6 (SleighInstructionPrototype)  
ERROR Pcode error at 0204c14a: Program does not contain referenced instruction: 0204c14e (SleighInstructionPrototype)  
ERROR Pcode error at 0204c158: Program does not contain referenced instruction: 0204c15a (SleighInstructionPrototype)  
ERROR Pcode error at 0204c18a: Program does not contain referenced instruction: 0204c18e (SleighInstructionPrototype)  
ERROR Pcode error at 0204c194: Program does not contain referenced instruction: 0204c196 (SleighInstructionPrototype)  
ERROR Pcode error at 0204c198: Program does not contain referenced instruction: 0204c19a (SleighInstructionPrototype)  
ERROR Pcode error at 0204c212: Program does not contain referenced instruction: 0204c216 (SleighInstructionPrototype)  
ERROR Pcode error at 0204c228: Delay Slot recursion problem for Instruction at 0204c22a (SleighInstructionPrototype)  
ERROR Pcode error at 0204c22a: Delay Slot recursion problem for Instruction at 0204c22c (SleighInstructionPrototype)  
ERROR Pcode error at 0204c22c: Delay Slot recursion problem for Instruction at 0204c22e (SleighInstructionPrototype)  
ERROR Pcode error at 0204c25e: Program does not contain referenced instruction: 0204c262 (SleighInstructionPrototype)  
ERROR Pcode error at 0204c2a4: Program does not contain referenced instruction: 0204c2a6 (SleighInstructionPrototype)  
ERROR Pcode error at 0204c36a: Program does not contain referenced instruction: 0204c36e (SleighInstructionPrototype)  
ERROR Pcode error at 0204c5ae: Program does not contain referenced instruction: 0204c5b0 (SleighInstructionPrototype)  
ERROR Pcode error at 0204c650: Could not find cached delayslot parser context (SleighInstructionPrototype)  
ERROR Pcode error at 0204c668: Could not find cached delayslot parser context (SleighInstructionPrototype)  
ERROR Pcode error at 0204c76e: Program does not contain referenced instruction: 0204c770 (SleighInstructionPrototype)  
ERROR Pcode error at 0204c81c: Program does not contain referenced instruction: 0204c81e (SleighInstructionPrototype)  
ERROR Pcode error at 0204c836: Program does not contain referenced instruction: 0204c838 (SleighInstructionPrototype)  
ERROR Pcode error at 0204c9b2: Program does not contain referenced instruction: 0204c9b4 (SleighInstructionPrototype)  
ERROR Pcode error at 0204ca30: Could not find cached delayslot parser context (SleighInstructionPrototype)  
ERROR Pcode error at 0204ca5a: Program does not contain referenced instruction: 0204ca5c (SleighInstructionPrototype)  
ERROR Pcode error at 0204cb26: Could not find cached delayslot parser context (SleighInstructionPrototype)  
ERROR Pcode error at 0204cb60: Could not find cached delayslot parser context (SleighInstructionPrototype)  
ERROR Pcode error at 0204cbf2: Program does not contain referenced instruction: 0204cbf4 (SleighInstructionPrototype)  
ERROR Pcode error at 0204cd1a: Program does not contain referenced instruction: 0204cd1e (SleighInstructionPrototype)  
ERROR Pcode error at 0204cdec: Could not find cached delayslot parser context (SleighInstructionPrototype)  
ERROR Pcode error at 0204ce26: Could not find cached delayslot parser context (SleighInstructionPrototype)  
ERROR Pcode error at 0204cee4: Program does not contain referenced instruction: 0204cee6 (SleighInstructionPrototype)  
ERROR Pcode error at 0204d064: Program does not contain referenced instruction: 0204d066 (SleighInstructionPrototype)  
ERROR Pcode error at 0204d10e: Could not find cached delayslot parser context (SleighInstructionPrototype)  
ERROR Pcode error at 0204d3aa: Program does not contain referenced instruction: 0204d3ae (SleighInstructionPrototype)  
ERROR Pcode error at 0204d426: Could not find cached delayslot parser context (SleighInstructionPrototype)  
ERROR Pcode error at 0204d4ec: Program does not contain referenced instruction: 0204d4ee (SleighInstructionPrototype)  
ERROR Pcode error at 0204d53c: Could not find cached delayslot parser context (SleighInstructionPrototype)  
ERROR Pcode error at 0204d624: Program does not contain referenced instruction: 0204d626 (SleighInstructionPrototype)  
ERROR Pcode error at 0204d712: Program does not contain referenced instruction: 0204d716 (SleighInstructionPrototype)  
ERROR Pcode error at 0204d972: Program does not contain referenced instruction: 0204d974 (SleighInstructionPrototype)  
ERROR Pcode error at 0204daae: Program does not contain referenced instruction: 0204dab0 (SleighInstructionPrototype)  
ERROR Pcode error at 0204db16: Program does not contain referenced instruction: 0204db1a (SleighInstructionPrototype)  
ERROR Pcode error at 0204dc78: Program does not contain referenced instruction: 0204dc7c (SleighInstructionPrototype)  
ERROR Pcode error at 0204dc90: Could not find cached delayslot parser context (SleighInstructionPrototype)  
ERROR Pcode error at 0204dd28: Could not find cached delayslot parser context (SleighInstructionPrototype)  
ERROR Pcode error at 0204dd88: Program does not contain referenced instruction: 0204dd8a (SleighInstructionPrototype)  
ERROR Pcode error at 0204dd94: Could not find cached delayslot parser context (SleighInstructionPrototype)  
ERROR Pcode error at 0204ddd4: Could not find cached delayslot parser context (SleighInstructionPrototype)  
ERROR Pcode error at 0204df8e: Program does not contain referenced instruction: 0204df90 (SleighInstructionPrototype)  
ERROR Pcode error at 0204dec6: Could not find cached delayslot parser context (SleighInstructionPrototype)  
ERROR Pcode error at 0204dee8: Could not find cached delayslot parser context (SleighInstructionPrototype)  
ERROR Pcode error at 0204df14: Program does not contain referenced instruction: 0204df16 (SleighInstructionPrototype)  
ERROR Pcode error at 0204df2e: Program does not contain referenced instruction: 0204df30 (SleighInstructionPrototype)  
ERROR Pcode error at 0204df48: Program does not contain referenced instruction: 0204df4a (SleighInstructionPrototype)  
ERROR Pcode error at 0204dfb8: Program does not contain referenced instruction: 0204dfbc (SleighInstructionPrototype)  
ERROR Pcode error at 0204e106: Program does not contain referenced instruction: 0204e108 (SleighInstructionPrototype)  
ERROR Pcode error at 0204e110: Delay Slot recursion problem for Instruction at 0204e112 (SleighInstructionPrototype)  
ERROR Pcode error at 0204e112: Could not find cached delayslot parser context (SleighInstructionPrototype)  
ERROR Pcode error at 0204e130: Program does not contain referenced instruction: 0204e134 (SleighInstructionPrototype)  
ERROR Pcode error at 0204e1f6: Could not find cached delayslot parser context (SleighInstructionPrototype)  
ERROR Pcode error at 0204e21a: Program does not contain referenced instruction: 0204e21e (SleighInstructionPrototype)  
ERROR Pcode error at 0204e35a: Program does not contain referenced instruction: 0204e35c (SleighInstructionPrototype)  
ERROR Pcode error at 0204e41a: Program does not contain referenced instruction: 0204e41c (SleighInstructionPrototype)  
ERROR Pcode error at 0204e466: Could not find cached delayslot parser context (SleighInstructionPrototype)  
ERROR Pcode error at 0204e50a: Program does not contain referenced instruction: 0204e50c (SleighInstructionPrototype)  
ERROR Pcode error at 0204e512: Could not find cached delayslot parser context (SleighInstructionPrototype)  
ERROR Pcode error at 0204e544: Program does not contain referenced instruction: 0204e546 (SleighInstructionPrototype)  
ERROR Pcode error at 0204e7b8: Program does not contain referenced instruction: 0204e7bc (SleighInstructionPrototype)  
ERROR Pcode error at 0204e7d0: Could not find cached delayslot parser context (SleighInstructionPrototype)  
ERROR Pcode error at 0204ea06: Program does not contain referenced instruction: 0204ea0a (SleighInstructionPrototype)  
ERROR Pcode error at 0204e904: Program does not contain referenced instruction: 0204e906 (SleighInstructionPrototype)  
ERROR Pcode error at 0204e94a: Could not find cached delayslot parser context (SleighInstructionPrototype)  
ERROR Pcode error at 0204ea4c: Program does not contain referenced instruction: 0204ea4e (SleighInstructionPrototype)  
ERROR Pcode error at 0204ea68: Program does not contain referenced instruction: 0204ea6a (SleighInstructionPrototype)  
ERROR Pcode error at 0204ea80: Program does not contain referenced instruction: 0204ea84 (SleighInstructionPrototype)  
ERROR Pcode error at 0204edaa: Program does not contain referenced instruction: 0204edac (SleighInstructionPrototype)  
ERROR Pcode error at 0204ee8a: Could not find cached delayslot parser context (SleighInstructionPrototype)  
ERROR Pcode error at 0204ee92: Program does not contain referenced instruction: 0204ee94 (SleighInstructionPrototype)  
ERROR Pcode error at 0204ef70: Program does not contain referenced instruction: 0204ef74 (SleighInstructionPrototype)  
ERROR Pcode error at 0204ef7e: Could not find cached delayslot parser context (SleighInstructionPrototype)  
ERROR Pcode error at 0204f284: Could not find cached delayslot parser context (SleighInstructionPrototype)  
ERROR Pcode error at 02051002: Program does not contain referenced instruction: 02051004 (SleighInstructionPrototype)  
ERROR Pcode error at 0204f604: Could not find cached delayslot parser context (SleighInstructionPrototype)  
ERROR Pcode error at 02054322: Program does not contain referenced instruction: 02054324 (SleighInstructionPrototype)  
ERROR Pcode error at 0204f5a6: Could not find cached delayslot parser context (SleighInstructionPrototype)  
ERROR Pcode error at 0204f5de: Could not find cached delayslot parser context (SleighInstructionPrototype)  
ERROR Pcode error at 0204f76e: Could not find cached delayslot parser context (SleighInstructionPrototype)  
ERROR Pcode error at 0204fb48: Program does not contain referenced instruction: 0204fb4a (SleighInstructionPrototype)  
ERROR Pcode error at 0204fb58: Program does not contain referenced instruction: 0204fb5a (SleighInstructionPrototype)  
ERROR Pcode error at 0204fb80: Program does not contain referenced instruction: 0204fb82 (SleighInstructionPrototype)  
ERROR Pcode error at 0204fb88: Program does not contain referenced instruction: 0204fb8a (SleighInstructionPrototype)  
ERROR Pcode error at 0204fbb0: Program does not contain referenced instruction: 0204fbb2 (SleighInstructionPrototype)  
ERROR Pcode error at 0204fbe2: Program does not contain referenced instruction: 0204fbe4 (SleighInstructionPrototype)  
ERROR Pcode error at 0204fc02: Program does not contain referenced instruction: 0204fc04 (SleighInstructionPrototype)  
ERROR Pcode error at 0204fc32: Program does not contain referenced instruction: 0204fc34 (SleighInstructionPrototype)  
ERROR Pcode error at 0204fc3c: Program does not contain referenced instruction: 0204fc3e (SleighInstructionPrototype)  
ERROR Pcode error at 0204fc78: Program does not contain referenced instruction: 0204fc7a (SleighInstructionPrototype)  
ERROR Pcode error at 0204fc94: Program does not contain referenced instruction: 0204fc96 (SleighInstructionPrototype)  
ERROR Pcode error at 0204fcae: Program does not contain referenced instruction: 0204fcb0 (SleighInstructionPrototype)  
ERROR Pcode error at 0204fcd8: Program does not contain referenced instruction: 0204fcda (SleighInstructionPrototype)  
ERROR Pcode error at 0204fcde: Program does not contain referenced instruction: 0204fce0 (SleighInstructionPrototype)  
ERROR Pcode error at 0204fd04: Program does not contain referenced instruction: 0204fd06 (SleighInstructionPrototype)  
ERROR Pcode error at 0204fd54: Program does not contain referenced instruction: 0204fd58 (SleighInstructionPrototype)  
ERROR Pcode error at 0204fd68: Program does not contain referenced instruction: 0204fd6a (SleighInstructionPrototype)  
ERROR Pcode error at 0204fd72: Program does not contain referenced instruction: 0204fd76 (SleighInstructionPrototype)  
ERROR Pcode error at 0204fe34: Program does not contain referenced instruction: 0204fe36 (SleighInstructionPrototype)  
ERROR Pcode error at 0204fe9a: Program does not contain referenced instruction: 0204fe9e (SleighInstructionPrototype)  
ERROR Pcode error at 0204fedc: Program does not contain referenced instruction: 0204fede (SleighInstructionPrototype)  
ERROR Pcode error at 0205001c: Could not find cached delayslot parser context (SleighInstructionPrototype)  
ERROR Pcode error at 02050076: Program does not contain referenced instruction: 02050078 (SleighInstructionPrototype)  
ERROR Pcode error at 020500b6: Program does not contain referenced instruction: 020500b8 (SleighInstructionPrototype)  
ERROR Pcode error at 020501c4: Program does not contain referenced instruction: 020501c6 (SleighInstructionPrototype)  
ERROR Pcode error at 0205022e: Delay Slot recursion problem for Instruction at 02050232 (SleighInstructionPrototype)  
ERROR Pcode error at 02050232: Could not find cached delayslot parser context (SleighInstructionPrototype)  
ERROR Pcode error at 020502a0: Program does not contain referenced instruction: 020502a2 (SleighInstructionPrototype)  
ERROR Pcode error at 02050406: Program does not contain referenced instruction: 02050408 (SleighInstructionPrototype)  
ERROR Pcode error at 020505c4: Program does not contain referenced instruction: 020505c6 (SleighInstructionPrototype)  
ERROR Pcode error at 0205069c: Program does not contain referenced instruction: 0205069e (SleighInstructionPrototype)  
ERROR Pcode error at 0205070e: Program does not contain referenced instruction: 02050710 (SleighInstructionPrototype)  
ERROR Pcode error at 02050806: Program does not contain referenced instruction: 02050808 (SleighInstructionPrototype)  
ERROR Pcode error at 02050a10: Program does not contain referenced instruction: 02050a14 (SleighInstructionPrototype)  
ERROR Pcode error at 02050ba6: Program does not contain referenced instruction: 02050baa (SleighInstructionPrototype)  
ERROR Pcode error at 02050bb2: Program does not contain referenced instruction: 02050bb4 (SleighInstructionPrototype)  
ERROR Pcode error at 02050c92: Program does not contain referenced instruction: 02050c94 (SleighInstructionPrototype)  
ERROR Pcode error at 02050cac: Program does not contain referenced instruction: 02050cae (SleighInstructionPrototype)  
ERROR Pcode error at 02050da8: Program does not contain referenced instruction: 02050daa (SleighInstructionPrototype)  
ERROR Pcode error at 0205101e: Program does not contain referenced instruction: 02051022 (SleighInstructionPrototype)  
ERROR Pcode error at 02051246: Program does not contain referenced instruction: 02051248 (SleighInstructionPrototype)  
ERROR Pcode error at 0205125c: Program does not contain referenced instruction: 0205125e (SleighInstructionPrototype)  
ERROR Pcode error at 020512be: Program does not contain referenced instruction: 020512c0 (SleighInstructionPrototype)  
ERROR Pcode error at 02051310: Could not find cached delayslot parser context (SleighInstructionPrototype)  
ERROR Pcode error at 02051392: Program does not contain referenced instruction: 02051394 (SleighInstructionPrototype)  
ERROR Pcode error at 020513b6: Program does not contain referenced instruction: 020513ba (SleighInstructionPrototype)  
ERROR Pcode error at 020513c4: Could not find cached delayslot parser context (SleighInstructionPrototype)  
ERROR Pcode error at 0205143c: Program does not contain referenced instruction: 0205143e (SleighInstructionPrototype)  
ERROR Pcode error at 020515b2: Program does not contain referenced instruction: 020515b4 (SleighInstructionPrototype)  
ERROR Pcode error at 020515c8: Could not find cached delayslot parser context (SleighInstructionPrototype)  
ERROR Pcode error at 02051758: Program does not contain referenced instruction: 0205175a (SleighInstructionPrototype)  
ERROR Pcode error at 020517c8: Program does not contain referenced instruction: 020517ca (SleighInstructionPrototype)  
ERROR Pcode error at 020517e4: Could not find cached delayslot parser context (SleighInstructionPrototype)  
ERROR Pcode error at 02051852: Program does not contain referenced instruction: 02051854 (SleighInstructionPrototype)  
ERROR Pcode error at 0205186e: Could not find cached delayslot parser context (SleighInstructionPrototype)  
ERROR Pcode error at 020518e2: Program does not contain referenced instruction: 020518e4 (SleighInstructionPrototype)  
ERROR Pcode error at 02051934: Could not find cached delayslot parser context (SleighInstructionPrototype)  
ERROR Pcode error at 02051970: Program does not contain referenced instruction: 02051972 (SleighInstructionPrototype)  
ERROR Pcode error at 02051b44: Program does not contain referenced instruction: 02051b46 (SleighInstructionPrototype)  
ERROR Pcode error at 02051bc2: Program does not contain referenced instruction: 02051bc4 (SleighInstructionPrototype)  
ERROR Pcode error at 02051bde: Could not find cached delayslot parser context (SleighInstructionPrototype)  
ERROR Pcode error at 02051c20: Program does not contain referenced instruction: 02051c22 (SleighInstructionPrototype)  
ERROR Pcode error at 02051cdc: Program does not contain referenced instruction: 02051cde (SleighInstructionPrototype)  
ERROR Pcode error at 02051d9a: Program does not contain referenced instruction: 02051d9c (SleighInstructionPrototype)  
ERROR Pcode error at 02051dbc: Could not find cached delayslot parser context (SleighInstructionPrototype)  
ERROR Pcode error at 02051e34: Program does not contain referenced instruction: 02051e38 (SleighInstructionPrototype)  
ERROR Pcode error at 02051e88: Program does not contain referenced instruction: 02051e8a (SleighInstructionPrototype)  
ERROR Pcode error at 02051eae: Program does not contain referenced instruction: 02051eb0 (SleighInstructionPrototype)  
ERROR Pcode error at 02051f10: Could not find cached delayslot parser context (SleighInstructionPrototype)  
ERROR Pcode error at 02051f9c: Program does not contain referenced instruction: 02051f9e (SleighInstructionPrototype)  
ERROR Pcode error at 02051fca: Could not find cached delayslot parser context (SleighInstructionPrototype)  
ERROR Pcode error at 020521a4: Program does not contain referenced instruction: 020521a6 (SleighInstructionPrototype)  
ERROR Pcode error at 02052216: Program does not contain referenced instruction: 02052218 (SleighInstructionPrototype)  
ERROR Pcode error at 02052220: Program does not contain referenced instruction: 02052224 (SleighInstructionPrototype)  
ERROR Pcode error at 020526e2: Could not find cached delayslot parser context (SleighInstructionPrototype)  
ERROR Pcode error at 0205250e: Could not find cached delayslot parser context (SleighInstructionPrototype)  
ERROR Pcode error at 02052578: Program does not contain referenced instruction: 0205257a (SleighInstructionPrototype)  
ERROR Pcode error at 0205258a: Program does not contain referenced instruction: 0205258c (SleighInstructionPrototype)  
ERROR Pcode error at 02052590: Could not find cached delayslot parser context (SleighInstructionPrototype)  
ERROR Pcode error at 02052628: Program does not contain referenced instruction: 0205262a (SleighInstructionPrototype)  
ERROR Pcode error at 02052632: Program does not contain referenced instruction: 02052636 (SleighInstructionPrototype)  
ERROR Pcode error at 02052682: Program does not contain referenced instruction: 02052684 (SleighInstructionPrototype)  
ERROR Pcode error at 02052794: Could not find cached delayslot parser context (SleighInstructionPrototype)  
ERROR Pcode error at 020529a4: Program does not contain referenced instruction: 020529a6 (SleighInstructionPrototype)  
ERROR Pcode error at 020529a0: Could not find cached delayslot parser context (SleighInstructionPrototype)  
ERROR Pcode error at 02052ab6: Could not find cached delayslot parser context (SleighInstructionPrototype)  
ERROR Pcode error at 02052b58: Could not find cached delayslot parser context (SleighInstructionPrototype)  
ERROR Pcode error at 02052b60: Program does not contain referenced instruction: 02052b62 (SleighInstructionPrototype)  
ERROR Pcode error at 02052ef8: Program does not contain referenced instruction: 02052efa (SleighInstructionPrototype)  
ERROR Pcode error at 02052fc4: Program does not contain referenced instruction: 02052fc6 (SleighInstructionPrototype)  
ERROR Pcode error at 0205302c: Could not find cached delayslot parser context (SleighInstructionPrototype)  
ERROR Pcode error at 020530b0: Could not find cached delayslot parser context (SleighInstructionPrototype)  
ERROR Pcode error at 02053100: Program does not contain referenced instruction: 02053102 (SleighInstructionPrototype)  
ERROR Pcode error at 02053192: Program does not contain referenced instruction: 02053194 (SleighInstructionPrototype)  
ERROR Pcode error at 020531b6: Program does not contain referenced instruction: 020531b8 (SleighInstructionPrototype)  
ERROR Pcode error at 02053316: Could not find cached delayslot parser context (SleighInstructionPrototype)  
ERROR Pcode error at 0205338c: Program does not contain referenced instruction: 0205338e (SleighInstructionPrototype)  
ERROR Pcode error at 02053418: Program does not contain referenced instruction: 0205341a (SleighInstructionPrototype)  
ERROR Pcode error at 020535b4: Program does not contain referenced instruction: 020535b6 (SleighInstructionPrototype)  
ERROR Pcode error at 020535be: Could not find cached delayslot parser context (SleighInstructionPrototype)  
ERROR Pcode error at 020536d6: Program does not contain referenced instruction: 020536d8 (SleighInstructionPrototype)  
ERROR Pcode error at 020536a0: Program does not contain referenced instruction: 020536a4 (SleighInstructionPrototype)  
ERROR Pcode error at 020537aa: Program does not contain referenced instruction: 020537ac (SleighInstructionPrototype)  
ERROR Pcode error at 0205381e: Program does not contain referenced instruction: 02053820 (SleighInstructionPrototype)  
ERROR Pcode error at 020538a6: Program does not contain referenced instruction: 020538a8 (SleighInstructionPrototype)  
ERROR Pcode error at 020538bc: Could not find cached delayslot parser context (SleighInstructionPrototype)  
ERROR Pcode error at 02053c78: Program does not contain referenced instruction: 02053c7c (SleighInstructionPrototype)  
ERROR Pcode error at 02053c80: Program does not contain referenced instruction: 02053c82 (SleighInstructionPrototype)  
ERROR Pcode error at 02053d2e: Program does not contain referenced instruction: 02053d32 (SleighInstructionPrototype)  
ERROR Pcode error at 02056d94: Program does not contain referenced instruction: 02056d96 (SleighInstructionPrototype)  
ERROR Pcode error at 02053de2: Program does not contain referenced instruction: 02053de4 (SleighInstructionPrototype)  
ERROR Pcode error at 02053e9c: Program does not contain referenced instruction: 02053ea0 (SleighInstructionPrototype)  
ERROR Pcode error at 02053f70: Program does not contain referenced instruction: 02053f74 (SleighInstructionPrototype)  
ERROR Pcode error at 0205406e: Program does not contain referenced instruction: 02054070 (SleighInstructionPrototype)  
ERROR Pcode error at 0205408a: Program does not contain referenced instruction: 0205408c (SleighInstructionPrototype)  
ERROR Pcode error at 02054126: Program does not contain referenced instruction: 02054128 (SleighInstructionPrototype)  
ERROR Pcode error at 02054228: Could not find cached delayslot parser context (SleighInstructionPrototype)  
ERROR Pcode error at 0205427a: Program does not contain referenced instruction: 0205427e (SleighInstructionPrototype)  
ERROR Pcode error at 02054286: Program does not contain referenced instruction: 02054288 (SleighInstructionPrototype)  
ERROR Pcode error at 02054350: Program does not contain referenced instruction: 02054352 (SleighInstructionPrototype)  
ERROR Pcode error at 020543d8: Could not find cached delayslot parser context (SleighInstructionPrototype)  
ERROR Pcode error at 020543f2: Program does not contain referenced instruction: 020543f4 (SleighInstructionPrototype)  
ERROR Pcode error at 020544c0: Program does not contain referenced instruction: 020544c4 (SleighInstructionPrototype)  
ERROR Pcode error at 020544c8: Could not find cached delayslot parser context (SleighInstructionPrototype)  
ERROR Pcode error at 0205450c: Could not find cached delayslot parser context (SleighInstructionPrototype)  
ERROR Pcode error at 0205c6c0: Program does not contain referenced instruction: 0205c6c4 (SleighInstructionPrototype)  
ERROR Pcode error at 020545f6: Program does not contain referenced instruction: 020545fa (SleighInstructionPrototype)  
ERROR Pcode error at 02054638: Program does not contain referenced instruction: 0205463a (SleighInstructionPrototype)  
ERROR Pcode error at 020553de: Program does not contain referenced instruction: 020553e0 (SleighInstructionPrototype)  
ERROR Pcode error at 0205486e: Program does not contain referenced instruction: 02054872 (SleighInstructionPrototype)  
ERROR Pcode error at 0205487c: Could not find cached delayslot parser context (SleighInstructionPrototype)  
ERROR Pcode error at 02054a9c: Program does not contain referenced instruction: 02054a9e (SleighInstructionPrototype)  
ERROR Pcode error at 02054b5a: Could not find cached delayslot parser context (SleighInstructionPrototype)  
ERROR Pcode error at 02054bac: Could not find cached delayslot parser context (SleighInstructionPrototype)  
ERROR Pcode error at 02054f9a: Could not find cached delayslot parser context (SleighInstructionPrototype)  
ERROR Pcode error at 02055022: Could not find cached delayslot parser context (SleighInstructionPrototype)  
ERROR Pcode error at 0205518c: Program does not contain referenced instruction: 0205518e (SleighInstructionPrototype)  
ERROR Pcode error at 0205519e: Program does not contain referenced instruction: 020551a0 (SleighInstructionPrototype)  
ERROR Pcode error at 020551a2: Program does not contain referenced instruction: 020551a4 (SleighInstructionPrototype)  
ERROR Pcode error at 020551b0: Program does not contain referenced instruction: 020551b2 (SleighInstructionPrototype)  
ERROR Pcode error at 020551ba: Program does not contain referenced instruction: 020551bc (SleighInstructionPrototype)  
ERROR Pcode error at 020553ba: Delay Slot recursion problem for Instruction at 020553bc (SleighInstructionPrototype)  
ERROR Pcode error at 020551f0: Program does not contain referenced instruction: 020551f4 (SleighInstructionPrototype)  
ERROR Pcode error at 020551f8: Program does not contain referenced instruction: 020551fa (SleighInstructionPrototype)  
ERROR Pcode error at 02055214: Program does not contain referenced instruction: 02055218 (SleighInstructionPrototype)  
ERROR Pcode error at 0205521e: Program does not contain referenced instruction: 02055220 (SleighInstructionPrototype)  
ERROR Pcode error at 0205522e: Program does not contain referenced instruction: 02055230 (SleighInstructionPrototype)  
ERROR Pcode error at 0205523c: Program does not contain referenced instruction: 0205523e (SleighInstructionPrototype)  
ERROR Pcode error at 02055240: Program does not contain referenced instruction: 02055242 (SleighInstructionPrototype)  
ERROR Pcode error at 02055244: Program does not contain referenced instruction: 02055246 (SleighInstructionPrototype)  
ERROR Pcode error at 0205524c: Program does not contain referenced instruction: 0205524e (SleighInstructionPrototype)  
ERROR Pcode error at 02055256: Program does not contain referenced instruction: 02055258 (SleighInstructionPrototype)  
ERROR Pcode error at 02055262: Program does not contain referenced instruction: 02055264 (SleighInstructionPrototype)  
ERROR Pcode error at 0205529c: Program does not contain referenced instruction: 0205529e (SleighInstructionPrototype)  
ERROR Pcode error at 020552ec: Program does not contain referenced instruction: 020552f0 (SleighInstructionPrototype)  
ERROR Pcode error at 020552f8: Program does not contain referenced instruction: 020552fa (SleighInstructionPrototype)  
ERROR Pcode error at 0205531a: Program does not contain referenced instruction: 0205531c (SleighInstructionPrototype)  
ERROR Pcode error at 02055324: Program does not contain referenced instruction: 02055326 (SleighInstructionPrototype)  
ERROR Pcode error at 02055336: Program does not contain referenced instruction: 02055338 (SleighInstructionPrototype)  
ERROR Pcode error at 02055398: Program does not contain referenced instruction: 0205539a (SleighInstructionPrototype)  
ERROR Pcode error at 020553a4: Program does not contain referenced instruction: 020553a6 (SleighInstructionPrototype)  
ERROR Pcode error at 020553d0: Program does not contain referenced instruction: 020553d2 (SleighInstructionPrototype)  
ERROR Pcode error at 02055422: Program does not contain referenced instruction: 02055424 (SleighInstructionPrototype)  
ERROR Pcode error at 0205543e: Program does not contain referenced instruction: 02055440 (SleighInstructionPrototype)  
ERROR Pcode error at 02055444: Program does not contain referenced instruction: 02055446 (SleighInstructionPrototype)  
ERROR Pcode error at 0205545a: Could not find cached delayslot parser context (SleighInstructionPrototype)  
ERROR Pcode error at 02055492: Delay Slot recursion problem for Instruction at 02055494 (SleighInstructionPrototype)  
ERROR Pcode error at 020554e4: Program does not contain referenced instruction: 020554e8 (SleighInstructionPrototype)  
ERROR Pcode error at 020554ea: Could not find cached delayslot parser context (SleighInstructionPrototype)  
ERROR Pcode error at 0205558c: Program does not contain referenced instruction: 0205558e (SleighInstructionPrototype)  
ERROR Pcode error at 020555ae: Delay Slot recursion problem for Instruction at 020555b0 (SleighInstructionPrototype)  
ERROR Pcode error at 020555c2: Could not find cached delayslot parser context (SleighInstructionPrototype)  
ERROR Pcode error at 020555dc: Could not find cached delayslot parser context (SleighInstructionPrototype)  
ERROR Pcode error at 020555ea: Delay Slot recursion problem for Instruction at 020555ec (SleighInstructionPrototype)  
ERROR Pcode error at 020555ec: Could not find cached delayslot parser context (SleighInstructionPrototype)  
ERROR Pcode error at 02055614: Delay Slot recursion problem for Instruction at 02055616 (SleighInstructionPrototype)  
ERROR Pcode error at 02055616: Delay Slot recursion problem for Instruction at 02055618 (SleighInstructionPrototype)  
ERROR Pcode error at 02055618: Could not find cached delayslot parser context (SleighInstructionPrototype)  
ERROR Pcode error at 02055600: Program does not contain referenced instruction: 02055602 (SleighInstructionPrototype)  
ERROR Pcode error at 0205560e: Delay Slot recursion problem for Instruction at 02055610 (SleighInstructionPrototype)  
ERROR Pcode error at 02055610: Delay Slot recursion problem for Instruction at 02055612 (SleighInstructionPrototype)  
ERROR Pcode error at 02055612: Delay Slot recursion problem for Instruction at 02055614 (SleighInstructionPrototype)  
ERROR Pcode error at 0205567e: Could not find cached delayslot parser context (SleighInstructionPrototype)  
ERROR Pcode error at 02055684: Program does not contain referenced instruction: 02055686 (SleighInstructionPrototype)  
ERROR Pcode error at 020556aa: Could not find cached delayslot parser context (SleighInstructionPrototype)  
ERROR Pcode error at 020556b0: Program does not contain referenced instruction: 020556b2 (SleighInstructionPrototype)  
ERROR Pcode error at 020556ec: Program does not contain referenced instruction: 020556ee (SleighInstructionPrototype)  
ERROR Pcode error at 020556f4: Delay Slot recursion problem for Instruction at 020556f6 (SleighInstructionPrototype)  
ERROR Pcode error at 020556f6: Program does not contain referenced instruction: 020556f8 (SleighInstructionPrototype)  
ERROR Pcode error at 020556fc: Program does not contain referenced instruction: 020556fe (SleighInstructionPrototype)  
ERROR Pcode error at 02055748: Program does not contain referenced instruction: 0205574c (SleighInstructionPrototype)  
ERROR Pcode error at 02055752: Program does not contain referenced instruction: 02055754 (SleighInstructionPrototype)  
ERROR Pcode error at 0205576c: Program does not contain referenced instruction: 0205576e (SleighInstructionPrototype)  
ERROR Pcode error at 0205579c: Program does not contain referenced instruction: 0205579e (SleighInstructionPrototype)  
ERROR Pcode error at 02055788: Delay Slot recursion problem for Instruction at 0205578a (SleighInstructionPrototype)  
ERROR Pcode error at 020557ce: Could not find cached delayslot parser context (SleighInstructionPrototype)  
ERROR Pcode error at 020557d8: Program does not contain referenced instruction: 020557da (SleighInstructionPrototype)  
ERROR Pcode error at 020557fc: Delay Slot recursion problem for Instruction at 020557fe (SleighInstructionPrototype)  
ERROR Pcode error at 02055806: Delay Slot recursion problem for Instruction at 02055808 (SleighInstructionPrototype)  
ERROR Pcode error at 02055808: Program does not contain referenced instruction: 0205580a (SleighInstructionPrototype)  
ERROR Pcode error at 02055818: Program does not contain referenced instruction: 0205581c (SleighInstructionPrototype)  
ERROR Pcode error at 02055830: Delay Slot recursion problem for Instruction at 02055832 (SleighInstructionPrototype)  
ERROR Pcode error at 02055832: Program does not contain referenced instruction: 02055834 (SleighInstructionPrototype)  
ERROR Pcode error at 02055836: Program does not contain referenced instruction: 02055838 (SleighInstructionPrototype)  
ERROR Pcode error at 020558b0: Program does not contain referenced instruction: 020558b2 (SleighInstructionPrototype)  
ERROR Pcode error at 020558b8: Could not find cached delayslot parser context (SleighInstructionPrototype)  
ERROR Pcode error at 020558c2: Delay Slot recursion problem for Instruction at 020558c4 (SleighInstructionPrototype)  
ERROR Pcode error at 020558c4: Program does not contain referenced instruction: 020558c6 (SleighInstructionPrototype)  
ERROR Pcode error at 020558d2: Program does not contain referenced instruction: 020558d4 (SleighInstructionPrototype)  
ERROR Pcode error at 020558ea: Could not find cached delayslot parser context (SleighInstructionPrototype)  
ERROR Pcode error at 0205592a: Program does not contain referenced instruction: 0205592c (SleighInstructionPrototype)  
ERROR Pcode error at 02055934: Delay Slot recursion problem for Instruction at 02055936 (SleighInstructionPrototype)  
ERROR Pcode error at 02055936: Delay Slot recursion problem for Instruction at 02055938 (SleighInstructionPrototype)  
ERROR Pcode error at 02055950: Program does not contain referenced instruction: 02055954 (SleighInstructionPrototype)  
ERROR Pcode error at 0205595e: Program does not contain referenced instruction: 02055962 (SleighInstructionPrototype)  
ERROR Pcode error at 0205647a: Program does not contain referenced instruction: 0205647c (SleighInstructionPrototype)  
ERROR Pcode error at 02055e90: Could not find cached delayslot parser context (SleighInstructionPrototype)  
ERROR Pcode error at 02055a6a: Could not find cached delayslot parser context (SleighInstructionPrototype)  
ERROR Pcode error at 02057782: Could not find cached delayslot parser context (SleighInstructionPrototype)  
ERROR Pcode error at 02055b80: Could not find cached delayslot parser context (SleighInstructionPrototype)  
ERROR Pcode error at 02055dd4: Program does not contain referenced instruction: 02055dd6 (SleighInstructionPrototype)  
ERROR Pcode error at 02055e10: Program does not contain referenced instruction: 02055e12 (SleighInstructionPrototype)  
ERROR Pcode error at 02055e1a: Program does not contain referenced instruction: 02055e1c (SleighInstructionPrototype)  
ERROR Pcode error at 020560a2: Could not find cached delayslot parser context (SleighInstructionPrototype)  
ERROR Pcode error at 020562b8: Program does not contain referenced instruction: 020562ba (SleighInstructionPrototype)  
ERROR Pcode error at 020564b0: Could not find cached delayslot parser context (SleighInstructionPrototype)  
ERROR Pcode error at 02056ca4: Program does not contain referenced instruction: 02056ca6 (SleighInstructionPrototype)  
ERROR Pcode error at 02056cf4: Program does not contain referenced instruction: 02056cf6 (SleighInstructionPrototype)  
ERROR Pcode error at 02056d5c: Program does not contain referenced instruction: 02056d5e (SleighInstructionPrototype)  
INFO  V15DecoderAnalysis.java> SWEEP attempted=17676 accepted=17676 (GhidraScript)  
ERROR Pcode error at 02013e84: Program does not contain referenced instruction: 02013e86 (SleighInstructionPrototype)  
ERROR Pcode error at 020140b0: Program does not contain referenced instruction: 020140b2 (SleighInstructionPrototype)  
ERROR Pcode error at 020141ca: Program does not contain referenced instruction: 020141cc (SleighInstructionPrototype)  
WARN  WARNING! Removing function with bad body at 0202d7bc (ClearFlowAndRepairCmd)  
WARN  WARNING! Removing function with bad body at 0203167e (ClearFlowAndRepairCmd)  
WARN  WARNING! Removing function with bad body at 020481dc (ClearFlowAndRepairCmd)  
WARN  WARNING! Removing function with bad body at 02049414 (ClearFlowAndRepairCmd)  
WARN  WARNING! Repairing body of function at 0202c238 (ClearFlowAndRepairCmd)  
ERROR ... function body repair failed due to overlap with another function: 0202c238 (ClearFlowAndRepairCmd)  
WARN  WARNING! Repairing body of function at 0202caa2 (ClearFlowAndRepairCmd)  
WARN  WARNING! Repairing body of function at 020494fc (ClearFlowAndRepairCmd)  
ERROR ... function body repair failed due to overlap with another function: 020494fc (ClearFlowAndRepairCmd)  
WARN  WARNING! Repairing body of function at 020494fe (ClearFlowAndRepairCmd)  
ERROR ... function body repair failed due to overlap with another function: 020494fe (ClearFlowAndRepairCmd)  
WARN  WARNING! Repairing body of function at 02049500 (ClearFlowAndRepairCmd)  
ERROR ... function body repair failed due to overlap with another function: 02049500 (ClearFlowAndRepairCmd)  
ERROR Pcode error at 0204b6c2: Could not find cached delayslot parser context (SleighInstructionPrototype)  
ERROR Pcode error at 0204b6c2: Could not find cached delayslot parser context (SleighInstructionPrototype)  
ERROR Pcode error at 0205558c: Program does not contain referenced instruction: 0205558e (SleighInstructionPrototype)  
ERROR Pcode error at 020555ea: Delay Slot recursion problem for Instruction at 020555ec (SleighInstructionPrototype)  
ERROR Pcode error at 0205576c: Program does not contain referenced instruction: 0205576e (SleighInstructionPrototype)  
ERROR Pcode error at 02055836: Program does not contain referenced instruction: 02055838 (SleighInstructionPrototype)  
ERROR Pcode error at 02056d5c: Program does not contain referenced instruction: 02056d5e (SleighInstructionPrototype)  
ERROR Pcode error at 020555ea: Delay Slot recursion problem for Instruction at 020555ec (SleighInstructionPrototype)  
ERROR Pcode error at 0205558c: Program does not contain referenced instruction: 0205558e (SleighInstructionPrototype)  
ERROR Pcode error at 0205576c: Program does not contain referenced instruction: 0205576e (SleighInstructionPrototype)  
ERROR Pcode error at 02055836: Program does not contain referenced instruction: 02055838 (SleighInstructionPrototype)  
ERROR Pcode error at 02056d5c: Program does not contain referenced instruction: 02056d5e (SleighInstructionPrototype)  
WARN  Decompiling 02031bde, pcode error at 02031bdc: Unable to resolve constructor at 02031bdc (DecompileCallback)  
WARN  Decompiling 02031bde, pcode error at 02031d62: Unable to resolve constructor at 02031d62 (DecompileCallback)  
WARN  Decompiling 0203f10c, pcode error at 0203f69e: Unable to resolve constructor at 0203f69e (DecompileCallback)  
WARN  Decompiling 0203c058, pcode error at 0203c116: Unable to resolve constructor at 0203c116 (DecompileCallback)  
WARN  Decompiling 0203c058, pcode error at 0203c202: Unable to resolve constructor at 0203c202 (DecompileCallback)  
WARN  Decompiling 0203c058, pcode error at 0203c490: Unable to resolve constructor at 0203c490 (DecompileCallback)  
WARN  Decompiling 0203c058, pcode error at 0203c25a: Unable to resolve constructor at 0203c25a (DecompileCallback)  
WARN  Decompiling 0203c058, pcode error at 0203c174: Unable to resolve constructor at 0203c174 (DecompileCallback)  
WARN  Decompiling 0203c058, pcode error at 0203c278: Unable to resolve constructor at 0203c278 (DecompileCallback)  
WARN  Decompiling 0203c058, pcode error at 0203c0fa: Unable to resolve constructor at 0203c0fa (DecompileCallback)  
WARN  Decompiling 0203c058, pcode error at 0203c20e: Unable to resolve constructor at 0203c20e (DecompileCallback)  
WARN  Decompiling 0203c058, pcode error at 0203c206: Unable to resolve constructor at 0203c206 (DecompileCallback)  
WARN  Decompiling 0204b858, pcode error at 0204b86a: Unable to resolve constructor at 0204b86a (DecompileCallback)  
ERROR Pcode error at 0204ba64: Could not find cached delayslot parser context (SleighInstructionPrototype)  
WARN  Decompiling 0204b858, pcode error at 0204b66a: Unable to resolve constructor at 0204b66a (DecompileCallback)  
WARN  Decompiling 0204b858, pcode error at 0204b5e8: Unable to resolve constructor at 0204b5e8 (DecompileCallback)  
WARN  Decompiling 0204119e, pcode error at 020413cc: Unable to resolve constructor at 020413cc (DecompileCallback)  
WARN  Decompiling 0204119e, pcode error at 0204155a: Unable to resolve constructor at 0204155a (DecompileCallback)  
WARN  Decompiling 0204119e, pcode error at 020415c6: Unable to resolve constructor at 020415c6 (DecompileCallback)  
ERROR Pcode error at 0203d84c: Program does not contain referenced instruction: 0203d850 (SleighInstructionPrototype)  
WARN  Decompiling 0204119e, pcode error at 020411fa: Unable to resolve constructor at 020411fa (DecompileCallback)  
WARN  Decompiling 0203d306, pcode error at 0203da78: Unable to resolve constructor at 0203da78 (DecompileCallback)  
WARN  Decompiling 0202ec4a, pcode error at 0202eee2: Unable to resolve constructor at 0202eee2 (DecompileCallback)  
WARN  Decompiling 02050c04, pcode error at 02050c0c: Unable to resolve constructor at 02050c0c (DecompileCallback)  
WARN  Decompiling 02055c02, pcode error at 02055c06: Unable to resolve constructor at 02055c06 (DecompileCallback)  
WARN  Decompiling 0204d032, pcode error at 0204d038: Unable to resolve constructor at 0204d038 (DecompileCallback)  
WARN  Decompiling 0204ec04, pcode error at 0204eba4: Unable to resolve constructor at 0204eba4 (DecompileCallback)  
WARN  Decompiling 0204de32, pcode error at 0204de3c: Unable to resolve constructor at 0204de3c (DecompileCallback)  
ERROR Pcode error at 02055836: Program does not contain referenced instruction: 02055838 (SleighInstructionPrototype)  
WARN  Decompiling 0205623c, pcode error at 02056262: Unable to resolve constructor at 02056262 (DecompileCallback)  
WARN  Decompiling 0205623c, pcode error at 02056214: Unable to resolve constructor at 02056214 (DecompileCallback)  
WARN  Decompiling 0204ea26, pcode error at 0204ea2c: Unable to resolve constructor at 0204ea2c (DecompileCallback)  
WARN  Decompiling 0205623c, pcode error at 02056b06: Unable to resolve constructor at 02056b06 (DecompileCallback)  
WARN  Decompiling 0204ea26, pcode error at 0204e8b0: Unable to resolve constructor at 0204e8b0 (DecompileCallback)  
WARN  Decompiling 0204ea30, pcode error at 0204e938: Unable to resolve constructor at 0204e938 (DecompileCallback)  
WARN  Decompiling 02050a72, pcode error at 02050a76: Unable to resolve constructor at 02050a76 (DecompileCallback)  
WARN  Decompiling 0203fe44, pcode error at 0203fe40: Unable to resolve constructor at 0203fe40 (DecompileCallback)  
WARN  Decompiling 0204a49a, pcode error at 0204a29e: Unable to resolve constructor at 0204a29e (DecompileCallback)  
WARN  Decompiling 0203fe44, pcode error at 0203fe5c: Unable to resolve constructor at 0203fe5c (DecompileCallback)  
WARN  Decompiling 02055a92, pcode error at 02055a98: Unable to resolve constructor at 02055a98 (DecompileCallback)  
WARN  Decompiling 0200d892, pcode error at 0200e36e: Unable to resolve constructor at 0200e36e (DecompileCallback)  
WARN  Decompiling 02051680, pcode error at 0205187e: Unable to resolve constructor at 0205187e (DecompileCallback)  
ERROR Pcode error at 0204d5d8: Program does not contain referenced instruction: 0204d5da (SleighInstructionPrototype)  
WARN  Decompiling 0204b8b8, pcode error at 0204b8ea: Unable to resolve constructor at 0204b8ea (DecompileCallback)  
WARN  Decompiling 02052eb4, pcode error at 0205309a: Unable to resolve constructor at 0205309a (DecompileCallback)  
WARN  Decompiling 020524a0, pcode error at 020524a6: Unable to resolve constructor at 020524a6 (DecompileCallback)  
WARN  Decompiling 020556de, pcode error at 020556e4: Unable to resolve constructor at 020556e4 (DecompileCallback)  
WARN  Decompiling 0204f4d2, pcode error at 0204f4d6: Unable to resolve constructor at 0204f4d6 (DecompileCallback)  
ERROR Pcode error at 02054322: Program does not contain referenced instruction: 02054324 (SleighInstructionPrototype)  
WARN  Decompiling 0204f4d2, pcode error at 020543fe: Unable to resolve constructor at 020543fe (DecompileCallback)  
WARN  Decompiling 0204dad0, pcode error at 0204dad2: Unable to resolve constructor at 0204dad2 (DecompileCallback)  
WARN  Decompiling 0204f4d2, pcode error at 0205451e: Unable to resolve constructor at 0205451e (DecompileCallback)  
WARN  Decompiling 0204dad0, pcode error at 0204db00: Unable to resolve constructor at 0204db00 (DecompileCallback)  
WARN  Decompiling 0204dad0, pcode error at 0204d906: Unable to resolve constructor at 0204d906 (DecompileCallback)  
WARN  Decompiling 0204d2d6, pcode error at 0204d2f2: Unable to resolve constructor at 0204d2f2 (DecompileCallback)  
WARN  Decompiling 0204d2d6, pcode error at 0204d0f4: Unable to resolve constructor at 0204d0f4 (DecompileCallback)  
WARN  Decompiling 0204d2d6, pcode error at 0204d0ee: Unable to resolve constructor at 0204d0ee (DecompileCallback)  
ERROR Pcode error at 0204d10e: Could not find cached delayslot parser context (SleighInstructionPrototype)  
WARN  Decompiling 0204d2d6, pcode error at 0204cf20: Unable to resolve constructor at 0204cf20 (DecompileCallback)  
WARN  Decompiling 0204caca, pcode error at 0204cad0: Unable to resolve constructor at 0204cad0 (DecompileCallback)  
WARN  Decompiling 0204d2d6, pcode error at 0204cf18: Unable to resolve constructor at 0204cf18 (DecompileCallback)  
ERROR Pcode error at 0204d064: Program does not contain referenced instruction: 0204d066 (SleighInstructionPrototype)  
WARN  Decompiling 0204d2d6, pcode error at 0204cf82: Unable to resolve constructor at 0204cf82 (DecompileCallback)  
WARN  Decompiling 0204d2d6, pcode error at 0204cf8e: Unable to resolve constructor at 0204cf8e (DecompileCallback)  
WARN  Decompiling 020274bc, pcode error at 020274ba: Unable to resolve constructor at 020274ba (DecompileCallback)  
WARN  Decompiling 0204c312, pcode error at 0204c31a: Unable to resolve constructor at 0204c31a (DecompileCallback)  
WARN  Decompiling 02055b12, pcode error at 02055b18: Unable to resolve constructor at 02055b18 (DecompileCallback)  
WARN  Decompiling 0204c312, pcode error at 0204c71e: Unable to resolve constructor at 0204c71e (DecompileCallback)  
WARN  Decompiling 02056b10, pcode error at 02056b12: Unable to resolve constructor at 02056b12 (DecompileCallback)  
WARN  Decompiling 0204c312, pcode error at 0204c734: Unable to resolve constructor at 0204c734 (DecompileCallback)  
WARN  Decompiling 0204c312, pcode error at 0204c84c: Unable to resolve constructor at 0204c84c (DecompileCallback)  
WARN  Decompiling 0204c312, pcode error at 0204c92a: Unable to resolve constructor at 0204c92a (DecompileCallback)  
WARN  Decompiling 0204c312, pcode error at 0204c80a: Unable to resolve constructor at 0204c80a (DecompileCallback)  
WARN  Decompiling 0204c312, pcode error at 0204c912: Unable to resolve constructor at 0204c912 (DecompileCallback)  
WARN  Decompiling 0204c312, pcode error at 0204c74a: Unable to resolve constructor at 0204c74a (DecompileCallback)  
WARN  Decompiling 0204c312, pcode error at 0204c75a: Unable to resolve constructor at 0204c75a (DecompileCallback)  
WARN  Decompiling 0204c312, pcode error at 0204c91a: Unable to resolve constructor at 0204c91a (DecompileCallback)  
WARN  Decompiling 0204c312, pcode error at 0204c92c: Unable to resolve constructor at 0204c92c (DecompileCallback)  
WARN  Decompiling 0204c312, pcode error at 0204c882: Unable to resolve constructor at 0204c882 (DecompileCallback)  
WARN  Decompiling 0204c312, pcode error at 0204c7d4: Unable to resolve constructor at 0204c7d4 (DecompileCallback)  
WARN  Decompiling 0204c312, pcode error at 0204c8a0: Unable to resolve constructor at 0204c8a0 (DecompileCallback)  
WARN  Decompiling 0204c312, pcode error at 0204c78a: Unable to resolve constructor at 0204c78a (DecompileCallback)  
WARN  Decompiling 0204c312, pcode error at 0204c834: Unable to resolve constructor at 0204c834 (DecompileCallback)  
WARN  Decompiling 0204c312, pcode error at 0204c846: Unable to resolve constructor at 0204c846 (DecompileCallback)  
WARN  Decompiling 0202573c, pcode error at 020257b0: Unable to resolve constructor at 020257b0 (DecompileCallback)  
WARN  Decompiling 0202573c, pcode error at 020274ba: Unable to resolve constructor at 020274ba (DecompileCallback)  
WARN  Decompiling 0204c528, pcode error at 0204c532: Unable to resolve constructor at 0204c532 (DecompileCallback)  
WARN  Decompiling 0204c528, pcode error at 0204b0e2: Unable to resolve constructor at 0204b0e2 (DecompileCallback)  
WARN  Decompiling 0204c528, pcode error at 0204aee2: Unable to resolve constructor at 0204aee2 (DecompileCallback)  
WARN  Decompiling 0204c528, pcode error at 0204c2fe: Unable to resolve constructor at 0204c2fe (DecompileCallback)  
WARN  Decompiling 0204c312, pcode error at 0204c78e: Unable to resolve constructor at 0204c78e (DecompileCallback)  
WARN  Decompiling 0204c312, pcode error at 0204c918: Unable to resolve constructor at 0204c918 (DecompileCallback)  
WARN  Decompiling 0204c312, pcode error at 0204c7f6: Unable to resolve constructor at 0204c7f6 (DecompileCallback)  
WARN  Decompiling 0204c312, pcode error at 0204c81e: Unable to resolve constructor at 0204c81e (DecompileCallback)  
WARN  Decompiling 0204c312, pcode error at 0204c86e: Unable to resolve constructor at 0204c86e (DecompileCallback)  
WARN  Decompiling 0204c312, pcode error at 0204c84a: Unable to resolve constructor at 0204c84a (DecompileCallback)  
WARN  Decompiling 0204c312, pcode error at 0204c7b0: Unable to resolve constructor at 0204c7b0 (DecompileCallback)  
WARN  Decompiling 0205075e, pcode error at 02050900: Unable to resolve constructor at 02050900 (DecompileCallback)  
WARN  Decompiling 0204c312, pcode error at 0204c81a: Unable to resolve constructor at 0204c81a (DecompileCallback)  
WARN  Decompiling 0204c312, pcode error at 0204c91e: Unable to resolve constructor at 0204c91e (DecompileCallback)  
WARN  Decompiling 0204c312, pcode error at 0204c76c: Unable to resolve constructor at 0204c76c (DecompileCallback)  
WARN  Decompiling 02055b4a, pcode error at 02055b50: Unable to resolve constructor at 02055b50 (DecompileCallback)  
ERROR Pcode error at 02056d5c: Program does not contain referenced instruction: 02056d5e (SleighInstructionPrototype)  
WARN  Decompiling 0205174e, pcode error at 02051812: Unable to resolve constructor at 02051812 (DecompileCallback)  
WARN  Decompiling 02052146, pcode error at 0205233e: Unable to resolve constructor at 0205233e (DecompileCallback)  
ERROR Pcode error at 0205579c: Program does not contain referenced instruction: 0205579e (SleighInstructionPrototype)  
WARN  Decompiling 0205577a, pcode error at 02055792: Unable to resolve constructor at 02055792 (DecompileCallback)  
WARN  Decompiling 02042434, pcode error at 0204a9d4: Unable to resolve constructor at 0204a9d4 (DecompileCallback)  
WARN  Decompiling 02028f0c, pcode error at 020291d8: Unable to resolve constructor at 020291d8 (DecompileCallback)  
WARN  Decompiling 02028f0c, pcode error at 0202900c: Unable to resolve constructor at 0202900c (DecompileCallback)  
WARN  Decompiling 02028f0c, pcode error at 0202909a: Unable to resolve constructor at 0202909a (DecompileCallback)  
WARN  Decompiling 02028f0c, pcode error at 02028fea: Unable to resolve constructor at 02028fea (DecompileCallback)  
WARN  Decompiling 02028f0c, pcode error at 020290de: Unable to resolve constructor at 020290de (DecompileCallback)  
WARN  Decompiling 02028f0c, pcode error at 02029020: Unable to resolve constructor at 02029020 (DecompileCallback)  
WARN  Decompiling 02028f0c, pcode error at 02029016: Unable to resolve constructor at 02029016 (DecompileCallback)  
WARN  Decompiling 02028f0c, pcode error at 02028fe6: Unable to resolve constructor at 02028fe6 (DecompileCallback)  
WARN  Decompiling 02050d96, pcode error at 02050e52: Unable to resolve constructor at 02050e52 (DecompileCallback)  
WARN  Decompiling 02028f0c, pcode error at 02028ff6: Unable to resolve constructor at 02028ff6 (DecompileCallback)  
WARN  Decompiling 02028f0c, pcode error at 02028ffa: Unable to resolve constructor at 02028ffa (DecompileCallback)  
WARN  Decompiling 02028f0c, pcode error at 02029006: Unable to resolve constructor at 02029006 (DecompileCallback)  
WARN  Decompiling 02028f0c, pcode error at 02029048: Unable to resolve constructor at 02029048 (DecompileCallback)  
WARN  Decompiling 02028f0c, pcode error at 02029044: Unable to resolve constructor at 02029044 (DecompileCallback)  
WARN  Decompiling 0204b58e, pcode error at 0204b592: Unable to resolve constructor at 0204b592 (DecompileCallback)  
ERROR Pcode error at 0205558c: Program does not contain referenced instruction: 0205558e (SleighInstructionPrototype)  
WARN  Decompiling 02042434, pcode error at 0204a4c2: Unable to resolve constructor at 0204a4c2 (DecompileCallback)  
WARN  Decompiling 020557be, pcode error at 020557c0: Unable to resolve constructor at 020557c0 (DecompileCallback)  
WARN  Decompiling 020557be, pcode error at 02055778: Unable to resolve constructor at 02055778 (DecompileCallback)  
WARN  Decompiling 0204ddda, pcode error at 0204dde8: Unable to resolve constructor at 0204dde8 (DecompileCallback)  
WARN  Decompiling 0204ddda, pcode error at 0204f1f2: Unable to resolve constructor at 0204f1f2 (DecompileCallback)  
WARN  Decompiling 02053bdc, pcode error at 02053cd4: Unable to resolve constructor at 02053cd4 (DecompileCallback)  
WARN  Decompiling 020557dc, pcode error at 0205580a: Unable to resolve constructor at 0205580a (DecompileCallback)  
WARN  Decompiling 0204dbd0, pcode error at 0204dd84: Unable to resolve constructor at 0204dd84 (DecompileCallback)  
WARN  Decompiling 0204dbd0, pcode error at 0204df62: Unable to resolve constructor at 0204df62 (DecompileCallback)  
WARN  Decompiling 020274bc, pcode error at 02027d5e: Unable to resolve constructor at 02027d5e (DecompileCallback)  
WARN  Decompiling 0200d9cc, pcode error at 0200e36e: Unable to resolve constructor at 0200e36e (DecompileCallback)  
WARN  Decompiling 02042434, pcode error at 02045264: Unable to resolve constructor at 02045264 (DecompileCallback)  
ERROR Pcode error at 020555ea: Delay Slot recursion problem for Instruction at 020555ec (SleighInstructionPrototype)  
WARN  Decompiling 02042434, pcode error at 0205e592: Unable to resolve constructor at 0205e592 (DecompileCallback)  
WARN  Decompiling 02042434, pcode error at 0204a5fe: Unable to resolve constructor at 0204a5fe (DecompileCallback)  
ERROR Pcode error at 02055614: Delay Slot recursion problem for Instruction at 02055616 (SleighInstructionPrototype)  
WARN  Decompiling 02025bea, pcode error at 020274ba: Unable to resolve constructor at 020274ba (DecompileCallback)  
WARN  Decompiling 0202573c, pcode error at 02027d5e: Unable to resolve constructor at 02027d5e (DecompileCallback)  
WARN  Decompiling 02042434, pcode error at 020424cc: Unable to resolve constructor at 020424cc (DecompileCallback)  
WARN  Decompiling 02042434, pcode error at 02047afc: Unable to resolve constructor at 02047afc (DecompileCallback)  
WARN  Decompiling 02042434, pcode error at 0204a92c: Unable to resolve constructor at 0204a92c (DecompileCallback)  
WARN  Decompiling 02042434, pcode error at 0204b4d4: Unable to resolve constructor at 0204b4d4 (DecompileCallback)  
WARN  Decompiling 02042434, pcode error at 0204a92e: Unable to resolve constructor at 0204a92e (DecompileCallback)  
WARN  Decompiling 02025bea, pcode error at 02027d5e: Unable to resolve constructor at 02027d5e (DecompileCallback)  
WARN  Decompiling 020274bc, pcode error at 0202581e: Unable to resolve constructor at 0202581e (DecompileCallback)  
WARN  Decompiling 020274bc, pcode error at 020256d2: Unable to resolve constructor at 020256d2 (DecompileCallback)  
WARN  Decompiling 020274bc, pcode error at 020257fa: Unable to resolve constructor at 020257fa (DecompileCallback)  
WARN  Decompiling 020274bc, pcode error at 02025cb4: Unable to resolve constructor at 02025cb4 (DecompileCallback)  
WARN  Decompiling 020274bc, pcode error at 020257b0: Unable to resolve constructor at 020257b0 (DecompileCallback)  
WARN  Decompiling 020274bc, pcode error at 02025d1c: Unable to resolve constructor at 02025d1c (DecompileCallback)  
WARN  Decompiling 02042434, pcode error at 0204284c: Unable to resolve constructor at 0204284c (DecompileCallback)  
WARN  Decompiling 02042434, pcode error at 020545f4: Unable to resolve constructor at 020545f4 (DecompileCallback)  
WARN  Decompiling 02042434, pcode error at 020568d0: Unable to resolve constructor at 020568d0 (DecompileCallback)  
WARN  Decompiling 02042434, pcode error at 020430ec: Unable to resolve constructor at 020430ec (DecompileCallback)  
WARN  Decompiling 02042434, pcode error at 0204c4bc: Unable to resolve constructor at 0204c4bc (DecompileCallback)  
WARN  Decompiling 02042434, pcode error at 0204f750: Unable to resolve constructor at 0204f750 (DecompileCallback)  
WARN  Decompiling 02042434, pcode error at 0204a520: Unable to resolve constructor at 0204a520 (DecompileCallback)  
WARN  Decompiling 02042434, pcode error at 020450e4: Unable to resolve constructor at 020450e4 (DecompileCallback)  
WARN  Decompiling 02042434, pcode error at 02042d82: Unable to resolve constructor at 02042d82 (DecompileCallback)  
WARN  Decompiling 02042434, pcode error at 0204f732: Unable to resolve constructor at 0204f732 (DecompileCallback)  
WARN  Decompiling 02042434, pcode error at 0204f7e8: Unable to resolve constructor at 0204f7e8 (DecompileCallback)  
WARN  Decompiling 02042434, pcode error at 0204f7e4: Unable to resolve constructor at 0204f7e4 (DecompileCallback)  
WARN  Decompiling 02042434, pcode error at 0204f8fc: Unable to resolve constructor at 0204f8fc (DecompileCallback)  
WARN  Decompiling 02042434, pcode error at 0204f8ba: Unable to resolve constructor at 0204f8ba (DecompileCallback)  
WARN  Decompiling 02042434, pcode error at 0204f89c: Unable to resolve constructor at 0204f89c (DecompileCallback)  
WARN  Decompiling 02042434, pcode error at 0204f7c4: Unable to resolve constructor at 0204f7c4 (DecompileCallback)  
WARN  Decompiling 02042434, pcode error at 0204f7c0: Unable to resolve constructor at 0204f7c0 (DecompileCallback)  
WARN  Decompiling 02042434, pcode error at 0204f7ae: Unable to resolve constructor at 0204f7ae (DecompileCallback)  
WARN  Decompiling 02042434, pcode error at 0204f7ac: Unable to resolve constructor at 0204f7ac (DecompileCallback)  
WARN  Decompiling 02042434, pcode error at 0204f79a: Unable to resolve constructor at 0204f79a (DecompileCallback)  
WARN  Decompiling 02042434, pcode error at 0204f796: Unable to resolve constructor at 0204f796 (DecompileCallback)  
WARN  Decompiling 02042434, pcode error at 0205458c: Unable to resolve constructor at 0205458c (DecompileCallback)  
WARN  Decompiling 02042434, pcode error at 0205e54a: Unable to resolve constructor at 0205e54a (DecompileCallback)  
WARN  Decompiling 02042434, pcode error at 0204e7d4: Unable to resolve constructor at 0204e7d4 (DecompileCallback)  
WARN  Decompiling 02042434, pcode error at 020478fe: Unable to resolve constructor at 020478fe (DecompileCallback)  
WARN  Decompiling 02042434, pcode error at 0204e5e0: Unable to resolve constructor at 0204e5e0 (DecompileCallback)  
WARN  Decompiling 02042434, pcode error at 0205e6cc: Unable to resolve constructor at 0205e6cc (DecompileCallback)  
WARN  Decompiling 02042434, pcode error at 0204f67a: Unable to resolve constructor at 0204f67a (DecompileCallback)  
ERROR Pcode error at 0204e94a: Could not find cached delayslot parser context (SleighInstructionPrototype)  
WARN  Decompiling 02042434, pcode error at 0204e54e: Unable to resolve constructor at 0204e54e (DecompileCallback)  
WARN  Decompiling 02042434, pcode error at 0204eb4e: Unable to resolve constructor at 0204eb4e (DecompileCallback)  
WARN  Decompiling 02042434, pcode error at 0205e632: Unable to resolve constructor at 0205e632 (DecompileCallback)  
WARN  Decompiling 02042434, pcode error at 02042684: Unable to resolve constructor at 02042684 (DecompileCallback)  
WARN  Decompiling 02042434, pcode error at 0204e950: Unable to resolve constructor at 0204e950 (DecompileCallback)  
WARN  Decompiling 02042434, pcode error at 0204beca: Unable to resolve constructor at 0204beca (DecompileCallback)  
WARN  Decompiling 02042434, pcode error at 0204a4f0: Unable to resolve constructor at 0204a4f0 (DecompileCallback)  
WARN  Decompiling 02042434, pcode error at 0204a510: Unable to resolve constructor at 0204a510 (DecompileCallback)  
WARN  Decompiling 02042434, pcode error at 0204a924: Unable to resolve constructor at 0204a924 (DecompileCallback)  
WARN  Decompiling 02042434, pcode error at 0204a736: Unable to resolve constructor at 0204a736 (DecompileCallback)  
WARN  Decompiling 02042434, pcode error at 0204b7c6: Unable to resolve constructor at 0204b7c6 (DecompileCallback)  
WARN  Decompiling 02042434, pcode error at 0204ec52: Unable to resolve constructor at 0204ec52 (DecompileCallback)  
WARN  Decompiling 02042434, pcode error at 02045776: Unable to resolve constructor at 02045776 (DecompileCallback)  
WARN  Decompiling 02042434, pcode error at 02056736: Unable to resolve constructor at 02056736 (DecompileCallback)  
WARN  Decompiling 02042434, pcode error at 0204eb54: Unable to resolve constructor at 0204eb54 (DecompileCallback)  
WARN  Decompiling 02042434, pcode error at 02046750: Unable to resolve constructor at 02046750 (DecompileCallback)  
WARN  Decompiling 02042434, pcode error at 0204a7aa: Unable to resolve constructor at 0204a7aa (DecompileCallback)  
WARN  Decompiling 02042434, pcode error at 0204a8e2: Unable to resolve constructor at 0204a8e2 (DecompileCallback)  
WARN  Decompiling 02042434, pcode error at 0204a8d6: Unable to resolve constructor at 0204a8d6 (DecompileCallback)  
WARN  Decompiling 02042434, pcode error at 0204c556: Unable to resolve constructor at 0204c556 (DecompileCallback)  
WARN  Decompiling 02042434, pcode error at 0204f24e: Unable to resolve constructor at 0204f24e (DecompileCallback)  
WARN  Decompiling 02042434, pcode error at 0204f04c: Unable to resolve constructor at 0204f04c (DecompileCallback)  
WARN  Decompiling 02042434, pcode error at 0204ee56: Unable to resolve constructor at 0204ee56 (DecompileCallback)  
WARN  Decompiling 02042434, pcode error at 0204f256: Unable to resolve constructor at 0204f256 (DecompileCallback)  
WARN  Decompiling 02042434, pcode error at 0204252a: Unable to resolve constructor at 0204252a (DecompileCallback)  
WARN  Decompiling 02042434, pcode error at 0204d4ea: Unable to resolve constructor at 0204d4ea (DecompileCallback)  
WARN  Decompiling 02042434, pcode error at 0205ae80: Unable to resolve constructor at 0205ae80 (DecompileCallback)  
WARN  Decompiling 02042434, pcode error at 0205852a: Unable to resolve constructor at 0205852a (DecompileCallback)  
WARN  Decompiling 02042434, pcode error at 0204e970: Unable to resolve constructor at 0204e970 (DecompileCallback)  
WARN  Decompiling 02042434, pcode error at 0204e77a: Unable to resolve constructor at 0204e77a (DecompileCallback)  
ERROR Pcode error at 0204ea4c: Program does not contain referenced instruction: 0204ea4e (SleighInstructionPrototype)  
WARN  Decompiling 02042434, pcode error at 0204e98c: Unable to resolve constructor at 0204e98c (DecompileCallback)  
WARN  Decompiling 02042434, pcode error at 020424d8: Unable to resolve constructor at 020424d8 (DecompileCallback)  
WARN  Decompiling 02042434, pcode error at 02046d82: Unable to resolve constructor at 02046d82 (DecompileCallback)  
WARN  Decompiling 02042434, pcode error at 0204754a: Unable to resolve constructor at 0204754a (DecompileCallback)  
WARN  Decompiling 02042434, pcode error at 020544d2: Unable to resolve constructor at 020544d2 (DecompileCallback)  
WARN  Decompiling 02042434, pcode error at 02047366: Unable to resolve constructor at 02047366 (DecompileCallback)  
WARN  Decompiling 02042434, pcode error at 020526f2: Unable to resolve constructor at 020526f2 (DecompileCallback)  
WARN  Decompiling 02042434, pcode error at 02047568: Unable to resolve constructor at 02047568 (DecompileCallback)  
WARN  Decompiling 02042434, pcode error at 020546f2: Unable to resolve constructor at 020546f2 (DecompileCallback)  
WARN  Decompiling 02042434, pcode error at 02046b4e: Unable to resolve constructor at 02046b4e (DecompileCallback)  
WARN  Decompiling 02042434, pcode error at 020552f2: Unable to resolve constructor at 020552f2 (DecompileCallback)  
WARN  Decompiling 02042434, pcode error at 02055ef4: Unable to resolve constructor at 02055ef4 (DecompileCallback)  
WARN  Decompiling 02042434, pcode error at 02052b18: Unable to resolve constructor at 02052b18 (DecompileCallback)  
ERROR Pcode error at 02031a2c: Program does not contain referenced instruction: 02031a30 (SleighInstructionPrototype)  
ERROR Pcode error at 0202cafe: Program does not contain referenced instruction: 0202cb00 (SleighInstructionPrototype)  
ERROR Pcode error at 0202cc02: Program does not contain referenced instruction: 0202cc04 (SleighInstructionPrototype)  
ERROR Pcode error at 02034ba0: Program does not contain referenced instruction: 02034ba4 (SleighInstructionPrototype)  
ERROR Pcode error at 02032c10: Program does not contain referenced instruction: 02032c12 (SleighInstructionPrototype)  
ERROR Pcode error at 0204ba64: Could not find cached delayslot parser context (SleighInstructionPrototype)  
ERROR Pcode error at 0203486c: Program does not contain referenced instruction: 0203486e (SleighInstructionPrototype)  
ERROR Pcode error at 0200f10e: Program does not contain referenced instruction: 0200f112 (SleighInstructionPrototype)  
ERROR Pcode error at 02033e36: Program does not contain referenced instruction: 02033e38 (SleighInstructionPrototype)  
ERROR Pcode error at 02032e82: Program does not contain referenced instruction: 02032e86 (SleighInstructionPrototype)  
ERROR Pcode error at 02055f4e: Could not find cached delayslot parser context (SleighInstructionPrototype)  
ERROR Pcode error at 0201fda6: Program does not contain referenced instruction: 0201fdaa (SleighInstructionPrototype)  
ERROR Pcode error at 0204c228: Delay Slot recursion problem for Instruction at 0204c22a (SleighInstructionPrototype)  
ERROR Pcode error at 0204c22a: Delay Slot recursion problem for Instruction at 0204c22c (SleighInstructionPrototype)  
ERROR Pcode error at 0204c22c: Delay Slot recursion problem for Instruction at 0204c22e (SleighInstructionPrototype)  
ERROR Pcode error at 0204c22e: Delay Slot recursion problem for Instruction at 0204c230 (SleighInstructionPrototype)  
ERROR Pcode error at 0204c230: Delay Slot recursion problem for Instruction at 0204c232 (SleighInstructionPrototype)  
ERROR Pcode error at 0204c232: Delay Slot recursion problem for Instruction at 0204c234 (SleighInstructionPrototype)  
ERROR Pcode error at 0204c240: Program does not contain referenced instruction: 0204c244 (SleighInstructionPrototype)  
ERROR Pcode error at 0204c436: Delay Slot recursion problem for Instruction at 0204c438 (SleighInstructionPrototype)  
ERROR Pcode error at 02016258: Program does not contain referenced instruction: 0201625a (SleighInstructionPrototype)  
ERROR Pcode error at 0204b3d4: Could not find cached delayslot parser context (SleighInstructionPrototype)  
ERROR Pcode error at 0200f10e: Program does not contain referenced instruction: 0200f112 (SleighInstructionPrototype)  
ERROR Pcode error at 020141ca: Program does not contain referenced instruction: 020141cc (SleighInstructionPrototype)  
ERROR Pcode error at 02031212: Program does not contain referenced instruction: 02031216 (SleighInstructionPrototype)  
ERROR Pcode error at 02031696: Program does not contain referenced instruction: 0203169a (SleighInstructionPrototype)  
ERROR Pcode error at 020316d8: Program does not contain referenced instruction: 020316da (SleighInstructionPrototype)  
ERROR Pcode error at 0208bb52: Program does not contain referenced instruction: 0208bb56 (SleighInstructionPrototype)  
ERROR Pcode error at 0204b6c2: Could not find cached delayslot parser context (SleighInstructionPrototype)  
ERROR Pcode error at 0203d84c: Program does not contain referenced instruction: 0203d850 (SleighInstructionPrototype)  
ERROR Pcode error at 02057626: Delay Slot recursion problem for Instruction at 02057628 (SleighInstructionPrototype)  
ERROR Pcode error at 02057628: Delay Slot recursion problem for Instruction at 0205762a (SleighInstructionPrototype)  
ERROR Pcode error at 0205762a: Could not find cached delayslot parser context (SleighInstructionPrototype)  
ERROR Pcode error at 0204b456: Program does not contain referenced instruction: 0204b45a (SleighInstructionPrototype)  
ERROR Pcode error at 0204ea4c: Program does not contain referenced instruction: 0204ea4e (SleighInstructionPrototype)  
ERROR Pcode error at 0204e94a: Could not find cached delayslot parser context (SleighInstructionPrototype)  
ERROR Pcode error at 0205548a: Program does not contain referenced instruction: 0205548c (SleighInstructionPrototype)  
ERROR Pcode error at 0204b4f8: Program does not contain referenced instruction: 0204b4fa (SleighInstructionPrototype)  
ERROR Pcode error at 0204b572: Program does not contain referenced instruction: 0204b576 (SleighInstructionPrototype)  
ERROR Pcode error at 02001c6e: Could not find cached delayslot parser context (SleighInstructionPrototype)  
ERROR Pcode error at 02005274: Could not find cached delayslot parser context (SleighInstructionPrototype)  
ERROR Pcode error at 020052ae: Could not find cached delayslot parser context (SleighInstructionPrototype)  
ERROR Pcode error at 02005324: Program does not contain referenced instruction: 02005326 (SleighInstructionPrototype)  
ERROR Pcode error at 020053c0: Could not find cached delayslot parser context (SleighInstructionPrototype)  
ERROR Pcode error at 020054e6: Could not find cached delayslot parser context (SleighInstructionPrototype)  
ERROR Pcode error at 02005480: Could not find cached delayslot parser context (SleighInstructionPrototype)  
ERROR Pcode error at 020054ce: Could not find cached delayslot parser context (SleighInstructionPrototype)  
ERROR Pcode error at 02005a98: Could not find cached delayslot parser context (SleighInstructionPrototype)  
ERROR Pcode error at 02005c66: Could not find cached delayslot parser context (SleighInstructionPrototype)  
ERROR Pcode error at 02005d06: Could not find cached delayslot parser context (SleighInstructionPrototype)  
ERROR Pcode error at 02009ba0: Could not find cached delayslot parser context (SleighInstructionPrototype)  
ERROR Pcode error at 0200c9ae: Program does not contain referenced instruction: 0200c9b2 (SleighInstructionPrototype)  
ERROR Pcode error at 0200c9c0: Program does not contain referenced instruction: 0200c9c2 (SleighInstructionPrototype)  
ERROR Pcode error at 0200d346: Program does not contain referenced instruction: 0200d34a (SleighInstructionPrototype)  
ERROR Pcode error at 0200f2a0: Program does not contain referenced instruction: 0200f2a4 (SleighInstructionPrototype)  
ERROR Pcode error at 02013f10: Program does not contain referenced instruction: 02013f14 (SleighInstructionPrototype)  
ERROR Pcode error at 02013f18: Program does not contain referenced instruction: 02013f1c (SleighInstructionPrototype)  
ERROR Pcode error at 02013f64: Program does not contain referenced instruction: 02013f68 (SleighInstructionPrototype)  
ERROR Pcode error at 02013f74: Program does not contain referenced instruction: 02013f76 (SleighInstructionPrototype)  
ERROR Pcode error at 020140ea: Program does not contain referenced instruction: 020140ec (SleighInstructionPrototype)  
ERROR Pcode error at 02014228: Program does not contain referenced instruction: 0201422a (SleighInstructionPrototype)  
ERROR Pcode error at 02014924: Program does not contain referenced instruction: 02014926 (SleighInstructionPrototype)  
ERROR Pcode error at 02014936: Program does not contain referenced instruction: 02014938 (SleighInstructionPrototype)  
ERROR Pcode error at 020153d2: Program does not contain referenced instruction: 020153d6 (SleighInstructionPrototype)  
ERROR Pcode error at 02016634: Program does not contain referenced instruction: 02016636 (SleighInstructionPrototype)  
ERROR Pcode error at 02019684: Could not find cached delayslot parser context (SleighInstructionPrototype)  
ERROR Pcode error at 02019688: Delay Slot recursion problem for Instruction at 0201968a (SleighInstructionPrototype)  
ERROR Pcode error at 0201968a: Could not find cached delayslot parser context (SleighInstructionPrototype)  
ERROR Pcode error at 0201a204: Program does not contain referenced instruction: 0201a208 (SleighInstructionPrototype)  
ERROR Pcode error at 0201ae9c: Program does not contain referenced instruction: 0201aea0 (SleighInstructionPrototype)  
ERROR Pcode error at 0201d9b6: Program does not contain referenced instruction: 0201d9b8 (SleighInstructionPrototype)  
ERROR Pcode error at 0201d9d8: Program does not contain referenced instruction: 0201d9da (SleighInstructionPrototype)  
ERROR Pcode error at 0201da9e: Program does not contain referenced instruction: 0201daa0 (SleighInstructionPrototype)  
ERROR Pcode error at 0201dbaa: Program does not contain referenced instruction: 0201dbac (SleighInstructionPrototype)  
ERROR Pcode error at 0201dc58: Program does not contain referenced instruction: 0201dc5a (SleighInstructionPrototype)  
ERROR Pcode error at 0201dc7c: Program does not contain referenced instruction: 0201dc7e (SleighInstructionPrototype)  
ERROR Pcode error at 02031a52: Program does not contain referenced instruction: 02031a56 (SleighInstructionPrototype)  
ERROR Pcode error at 02031a78: Program does not contain referenced instruction: 02031a7c (SleighInstructionPrototype)  
ERROR Pcode error at 0204a0b8: Could not find cached delayslot parser context (SleighInstructionPrototype)  
ERROR Pcode error at 0204a12a: Could not find cached delayslot parser context (SleighInstructionPrototype)  
ERROR Pcode error at 0204a15a: Could not find cached delayslot parser context (SleighInstructionPrototype)  
ERROR Pcode error at 0204a2c6: Program does not contain referenced instruction: 0204a2c8 (SleighInstructionPrototype)  
ERROR Pcode error at 0204a45c: Program does not contain referenced instruction: 0204a45e (SleighInstructionPrototype)  
ERROR Pcode error at 0204a478: Program does not contain referenced instruction: 0204a47c (SleighInstructionPrototype)  
ERROR Pcode error at 0204a4a4: Program does not contain referenced instruction: 0204a4a8 (SleighInstructionPrototype)  
ERROR Pcode error at 0204a4c4: Could not find cached delayslot parser context (SleighInstructionPrototype)  
ERROR Pcode error at 0204a59c: Program does not contain referenced instruction: 0204a59e (SleighInstructionPrototype)  
ERROR Pcode error at 0204a69c: Program does not contain referenced instruction: 0204a6a0 (SleighInstructionPrototype)  
ERROR Pcode error at 0204a6d8: Program does not contain referenced instruction: 0204a6da (SleighInstructionPrototype)  
ERROR Pcode error at 0204a6f4: Could not find cached delayslot parser context (SleighInstructionPrototype)  
ERROR Pcode error at 0204a6fa: Could not find cached delayslot parser context (SleighInstructionPrototype)  
ERROR Pcode error at 0204a712: Program does not contain referenced instruction: 0204a714 (SleighInstructionPrototype)  
ERROR Pcode error at 0204a7da: Program does not contain referenced instruction: 0204a7dc (SleighInstructionPrototype)  
ERROR Pcode error at 0204a888: Could not find cached delayslot parser context (SleighInstructionPrototype)  
ERROR Pcode error at 0204a9e0: Program does not contain referenced instruction: 0204a9e2 (SleighInstructionPrototype)  
ERROR Pcode error at 0204ac94: Could not find cached delayslot parser context (SleighInstructionPrototype)  
ERROR Pcode error at 0204ab6a: Program does not contain referenced instruction: 0204ab6e (SleighInstructionPrototype)  
ERROR Pcode error at 0204abb2: Could not find cached delayslot parser context (SleighInstructionPrototype)  
ERROR Pcode error at 0204abba: Program does not contain referenced instruction: 0204abbe (SleighInstructionPrototype)  
ERROR Pcode error at 0204ac78: Program does not contain referenced instruction: 0204ac7a (SleighInstructionPrototype)  
ERROR Pcode error at 0204c9b2: Program does not contain referenced instruction: 0204c9b4 (SleighInstructionPrototype)  
ERROR Pcode error at 0204ad4e: Could not find cached delayslot parser context (SleighInstructionPrototype)  
ERROR Pcode error at 0204ae92: Program does not contain referenced instruction: 0204ae94 (SleighInstructionPrototype)  
ERROR Pcode error at 0204af18: Program does not contain referenced instruction: 0204af1a (SleighInstructionPrototype)  
ERROR Pcode error at 0204af1e: Program does not contain referenced instruction: 0204af20 (SleighInstructionPrototype)  
ERROR Pcode error at 0204af58: Program does not contain referenced instruction: 0204af5a (SleighInstructionPrototype)  
ERROR Pcode error at 0204afc8: Could not find cached delayslot parser context (SleighInstructionPrototype)  
ERROR Pcode error at 0204b20a: Program does not contain referenced instruction: 0204b20c (SleighInstructionPrototype)  
ERROR Pcode error at 0204b27c: Program does not contain referenced instruction: 0204b280 (SleighInstructionPrototype)  
ERROR Pcode error at 0204b320: Delay Slot recursion problem for Instruction at 0204b322 (SleighInstructionPrototype)  
ERROR Pcode error at 0204b322: Program does not contain referenced instruction: 0204b324 (SleighInstructionPrototype)  
ERROR Pcode error at 0204b374: Could not find cached delayslot parser context (SleighInstructionPrototype)  
ERROR Pcode error at 0204b4da: Program does not contain referenced instruction: 0204b4de (SleighInstructionPrototype)  
ERROR Pcode error at 0204b4e0: Program does not contain referenced instruction: 0204b4e2 (SleighInstructionPrototype)  
ERROR Pcode error at 0204b51c: Program does not contain referenced instruction: 0204b520 (SleighInstructionPrototype)  
ERROR Pcode error at 0204b5f6: Program does not contain referenced instruction: 0204b5f8 (SleighInstructionPrototype)  
ERROR Pcode error at 0204b732: Program does not contain referenced instruction: 0204b736 (SleighInstructionPrototype)  
ERROR Pcode error at 0204b77c: Program does not contain referenced instruction: 0204b77e (SleighInstructionPrototype)  
ERROR Pcode error at 0204b846: Could not find cached delayslot parser context (SleighInstructionPrototype)  
ERROR Pcode error at 0204b9e0: Program does not contain referenced instruction: 0204b9e2 (SleighInstructionPrototype)  
ERROR Pcode error at 0204baa8: Could not find cached delayslot parser context (SleighInstructionPrototype)  
ERROR Pcode error at 0204bab0: Could not find cached delayslot parser context (SleighInstructionPrototype)  
ERROR Pcode error at 0204bab8: Could not find cached delayslot parser context (SleighInstructionPrototype)  
ERROR Pcode error at 0204beb0: Could not find cached delayslot parser context (SleighInstructionPrototype)  
ERROR Pcode error at 0204bf38: Could not find cached delayslot parser context (SleighInstructionPrototype)  
ERROR Pcode error at 0204c0c2: Program does not contain referenced instruction: 0204c0c6 (SleighInstructionPrototype)  
ERROR Pcode error at 0204c14a: Program does not contain referenced instruction: 0204c14e (SleighInstructionPrototype)  
ERROR Pcode error at 0204c158: Program does not contain referenced instruction: 0204c15a (SleighInstructionPrototype)  
ERROR Pcode error at 0204c18a: Program does not contain referenced instruction: 0204c18e (SleighInstructionPrototype)  
ERROR Pcode error at 0204c194: Program does not contain referenced instruction: 0204c196 (SleighInstructionPrototype)  
ERROR Pcode error at 0204c198: Program does not contain referenced instruction: 0204c19a (SleighInstructionPrototype)  
ERROR Pcode error at 0204c212: Program does not contain referenced instruction: 0204c216 (SleighInstructionPrototype)  
ERROR Pcode error at 0204c25e: Program does not contain referenced instruction: 0204c262 (SleighInstructionPrototype)  
ERROR Pcode error at 0204c2a4: Program does not contain referenced instruction: 0204c2a6 (SleighInstructionPrototype)  
ERROR Pcode error at 0204c36a: Program does not contain referenced instruction: 0204c36e (SleighInstructionPrototype)  
ERROR Pcode error at 0204c5ae: Program does not contain referenced instruction: 0204c5b0 (SleighInstructionPrototype)  
ERROR Pcode error at 0204c650: Could not find cached delayslot parser context (SleighInstructionPrototype)  
ERROR Pcode error at 0204c668: Could not find cached delayslot parser context (SleighInstructionPrototype)  
ERROR Pcode error at 0204c76e: Program does not contain referenced instruction: 0204c770 (SleighInstructionPrototype)  
ERROR Pcode error at 0204c81c: Program does not contain referenced instruction: 0204c81e (SleighInstructionPrototype)  
ERROR Pcode error at 0204c836: Program does not contain referenced instruction: 0204c838 (SleighInstructionPrototype)  
ERROR Pcode error at 0204ca30: Could not find cached delayslot parser context (SleighInstructionPrototype)  
ERROR Pcode error at 0204ca5a: Program does not contain referenced instruction: 0204ca5c (SleighInstructionPrototype)  
ERROR Pcode error at 0204cb26: Could not find cached delayslot parser context (SleighInstructionPrototype)  
ERROR Pcode error at 0204cb60: Could not find cached delayslot parser context (SleighInstructionPrototype)  
ERROR Pcode error at 0204cbf2: Program does not contain referenced instruction: 0204cbf4 (SleighInstructionPrototype)  
ERROR Pcode error at 0204cd1a: Program does not contain referenced instruction: 0204cd1e (SleighInstructionPrototype)  
ERROR Pcode error at 0204cdec: Could not find cached delayslot parser context (SleighInstructionPrototype)  
ERROR Pcode error at 0204ce26: Could not find cached delayslot parser context (SleighInstructionPrototype)  
ERROR Pcode error at 0204cee4: Program does not contain referenced instruction: 0204cee6 (SleighInstructionPrototype)  
ERROR Pcode error at 0204d064: Program does not contain referenced instruction: 0204d066 (SleighInstructionPrototype)  
ERROR Pcode error at 0204d10e: Could not find cached delayslot parser context (SleighInstructionPrototype)  
ERROR Pcode error at 0204d3aa: Program does not contain referenced instruction: 0204d3ae (SleighInstructionPrototype)  
ERROR Pcode error at 0204d426: Could not find cached delayslot parser context (SleighInstructionPrototype)  
ERROR Pcode error at 0204d4ec: Program does not contain referenced instruction: 0204d4ee (SleighInstructionPrototype)  
ERROR Pcode error at 0204d53c: Could not find cached delayslot parser context (SleighInstructionPrototype)  
ERROR Pcode error at 0204d5d8: Program does not contain referenced instruction: 0204d5da (SleighInstructionPrototype)  
ERROR Pcode error at 0204d624: Program does not contain referenced instruction: 0204d626 (SleighInstructionPrototype)  
ERROR Pcode error at 0204d712: Program does not contain referenced instruction: 0204d716 (SleighInstructionPrototype)  
ERROR Pcode error at 0204d972: Program does not contain referenced instruction: 0204d974 (SleighInstructionPrototype)  
ERROR Pcode error at 0204daae: Program does not contain referenced instruction: 0204dab0 (SleighInstructionPrototype)  
ERROR Pcode error at 0204db16: Program does not contain referenced instruction: 0204db1a (SleighInstructionPrototype)  
ERROR Pcode error at 0204dc78: Program does not contain referenced instruction: 0204dc7c (SleighInstructionPrototype)  
ERROR Pcode error at 0204dc90: Could not find cached delayslot parser context (SleighInstructionPrototype)  
ERROR Pcode error at 0204dd28: Could not find cached delayslot parser context (SleighInstructionPrototype)  
ERROR Pcode error at 0204dd88: Program does not contain referenced instruction: 0204dd8a (SleighInstructionPrototype)  
ERROR Pcode error at 0204dd94: Could not find cached delayslot parser context (SleighInstructionPrototype)  
ERROR Pcode error at 0204ddd4: Could not find cached delayslot parser context (SleighInstructionPrototype)  
ERROR Pcode error at 0204df8e: Program does not contain referenced instruction: 0204df90 (SleighInstructionPrototype)  
ERROR Pcode error at 0204dec6: Could not find cached delayslot parser context (SleighInstructionPrototype)  
ERROR Pcode error at 0204dee8: Could not find cached delayslot parser context (SleighInstructionPrototype)  
ERROR Pcode error at 0204df14: Program does not contain referenced instruction: 0204df16 (SleighInstructionPrototype)  
ERROR Pcode error at 0204df2e: Program does not contain referenced instruction: 0204df30 (SleighInstructionPrototype)  
ERROR Pcode error at 0204df48: Program does not contain referenced instruction: 0204df4a (SleighInstructionPrototype)  
ERROR Pcode error at 0204dfb8: Program does not contain referenced instruction: 0204dfbc (SleighInstructionPrototype)  
ERROR Pcode error at 0204e106: Program does not contain referenced instruction: 0204e108 (SleighInstructionPrototype)  
ERROR Pcode error at 0204e110: Delay Slot recursion problem for Instruction at 0204e112 (SleighInstructionPrototype)  
ERROR Pcode error at 0204e130: Program does not contain referenced instruction: 0204e134 (SleighInstructionPrototype)  
ERROR Pcode error at 0204e1f6: Could not find cached delayslot parser context (SleighInstructionPrototype)  
ERROR Pcode error at 0204e21a: Program does not contain referenced instruction: 0204e21e (SleighInstructionPrototype)  
ERROR Pcode error at 0204e35a: Program does not contain referenced instruction: 0204e35c (SleighInstructionPrototype)  
ERROR Pcode error at 0204e41a: Program does not contain referenced instruction: 0204e41c (SleighInstructionPrototype)  
ERROR Pcode error at 0204e466: Could not find cached delayslot parser context (SleighInstructionPrototype)  
ERROR Pcode error at 0204e50a: Program does not contain referenced instruction: 0204e50c (SleighInstructionPrototype)  
ERROR Pcode error at 0204e512: Could not find cached delayslot parser context (SleighInstructionPrototype)  
ERROR Pcode error at 0204e544: Program does not contain referenced instruction: 0204e546 (SleighInstructionPrototype)  
ERROR Pcode error at 0204e7b8: Program does not contain referenced instruction: 0204e7bc (SleighInstructionPrototype)  
ERROR Pcode error at 0204ea06: Program does not contain referenced instruction: 0204ea0a (SleighInstructionPrototype)  
ERROR Pcode error at 0204e904: Program does not contain referenced instruction: 0204e906 (SleighInstructionPrototype)  
ERROR Pcode error at 0204ea68: Program does not contain referenced instruction: 0204ea6a (SleighInstructionPrototype)  
ERROR Pcode error at 0204ea80: Program does not contain referenced instruction: 0204ea84 (SleighInstructionPrototype)  
ERROR Pcode error at 0204edaa: Program does not contain referenced instruction: 0204edac (SleighInstructionPrototype)  
ERROR Pcode error at 0204ee8a: Could not find cached delayslot parser context (SleighInstructionPrototype)  
ERROR Pcode error at 0204ee92: Program does not contain referenced instruction: 0204ee94 (SleighInstructionPrototype)  
ERROR Pcode error at 0204ef70: Program does not contain referenced instruction: 0204ef74 (SleighInstructionPrototype)  
ERROR Pcode error at 0204ef7e: Could not find cached delayslot parser context (SleighInstructionPrototype)  
ERROR Pcode error at 0204f284: Could not find cached delayslot parser context (SleighInstructionPrototype)  
ERROR Pcode error at 02051002: Program does not contain referenced instruction: 02051004 (SleighInstructionPrototype)  
ERROR Pcode error at 0204f604: Could not find cached delayslot parser context (SleighInstructionPrototype)  
ERROR Pcode error at 02054322: Program does not contain referenced instruction: 02054324 (SleighInstructionPrototype)  
ERROR Pcode error at 0204f5a6: Could not find cached delayslot parser context (SleighInstructionPrototype)  
ERROR Pcode error at 0204f5de: Could not find cached delayslot parser context (SleighInstructionPrototype)  
ERROR Pcode error at 0204f76e: Could not find cached delayslot parser context (SleighInstructionPrototype)  
ERROR Pcode error at 0204fb48: Program does not contain referenced instruction: 0204fb4a (SleighInstructionPrototype)  
ERROR Pcode error at 0204fb58: Program does not contain referenced instruction: 0204fb5a (SleighInstructionPrototype)  
ERROR Pcode error at 0204fb80: Program does not contain referenced instruction: 0204fb82 (SleighInstructionPrototype)  
ERROR Pcode error at 0204fb88: Program does not contain referenced instruction: 0204fb8a (SleighInstructionPrototype)  
ERROR Pcode error at 0204fbb0: Program does not contain referenced instruction: 0204fbb2 (SleighInstructionPrototype)  
ERROR Pcode error at 0204fbe2: Program does not contain referenced instruction: 0204fbe4 (SleighInstructionPrototype)  
ERROR Pcode error at 0204fc02: Program does not contain referenced instruction: 0204fc04 (SleighInstructionPrototype)  
ERROR Pcode error at 0204fc32: Program does not contain referenced instruction: 0204fc34 (SleighInstructionPrototype)  
ERROR Pcode error at 0204fc3c: Program does not contain referenced instruction: 0204fc3e (SleighInstructionPrototype)  
ERROR Pcode error at 0204fc78: Program does not contain referenced instruction: 0204fc7a (SleighInstructionPrototype)  
ERROR Pcode error at 0204fc94: Program does not contain referenced instruction: 0204fc96 (SleighInstructionPrototype)  
ERROR Pcode error at 0204fcae: Program does not contain referenced instruction: 0204fcb0 (SleighInstructionPrototype)  
ERROR Pcode error at 0204fcd8: Program does not contain referenced instruction: 0204fcda (SleighInstructionPrototype)  
ERROR Pcode error at 0204fcde: Program does not contain referenced instruction: 0204fce0 (SleighInstructionPrototype)  
ERROR Pcode error at 0204fd04: Program does not contain referenced instruction: 0204fd06 (SleighInstructionPrototype)  
ERROR Pcode error at 0204fd54: Program does not contain referenced instruction: 0204fd58 (SleighInstructionPrototype)  
ERROR Pcode error at 0204fd68: Program does not contain referenced instruction: 0204fd6a (SleighInstructionPrototype)  
ERROR Pcode error at 0204fd72: Program does not contain referenced instruction: 0204fd76 (SleighInstructionPrototype)  
ERROR Pcode error at 0204fe34: Program does not contain referenced instruction: 0204fe36 (SleighInstructionPrototype)  
ERROR Pcode error at 0204fe9a: Program does not contain referenced instruction: 0204fe9e (SleighInstructionPrototype)  
ERROR Pcode error at 0204fedc: Program does not contain referenced instruction: 0204fede (SleighInstructionPrototype)  
ERROR Pcode error at 0205001c: Could not find cached delayslot parser context (SleighInstructionPrototype)  
ERROR Pcode error at 02050076: Program does not contain referenced instruction: 02050078 (SleighInstructionPrototype)  
ERROR Pcode error at 020500b6: Program does not contain referenced instruction: 020500b8 (SleighInstructionPrototype)  
ERROR Pcode error at 020501c4: Program does not contain referenced instruction: 020501c6 (SleighInstructionPrototype)  
ERROR Pcode error at 0205022e: Delay Slot recursion problem for Instruction at 02050232 (SleighInstructionPrototype)  
ERROR Pcode error at 020502a0: Program does not contain referenced instruction: 020502a2 (SleighInstructionPrototype)  
ERROR Pcode error at 02050406: Program does not contain referenced instruction: 02050408 (SleighInstructionPrototype)  
ERROR Pcode error at 020505c4: Program does not contain referenced instruction: 020505c6 (SleighInstructionPrototype)  
ERROR Pcode error at 0205069c: Program does not contain referenced instruction: 0205069e (SleighInstructionPrototype)  
ERROR Pcode error at 0205070e: Program does not contain referenced instruction: 02050710 (SleighInstructionPrototype)  
ERROR Pcode error at 02050806: Program does not contain referenced instruction: 02050808 (SleighInstructionPrototype)  
ERROR Pcode error at 02050a10: Program does not contain referenced instruction: 02050a14 (SleighInstructionPrototype)  
ERROR Pcode error at 02050ba6: Program does not contain referenced instruction: 02050baa (SleighInstructionPrototype)  
ERROR Pcode error at 02050bb2: Program does not contain referenced instruction: 02050bb4 (SleighInstructionPrototype)  
ERROR Pcode error at 02050c92: Program does not contain referenced instruction: 02050c94 (SleighInstructionPrototype)  
ERROR Pcode error at 02050cac: Program does not contain referenced instruction: 02050cae (SleighInstructionPrototype)  
ERROR Pcode error at 02050da8: Program does not contain referenced instruction: 02050daa (SleighInstructionPrototype)  
ERROR Pcode error at 0205101e: Program does not contain referenced instruction: 02051022 (SleighInstructionPrototype)  
ERROR Pcode error at 02051246: Program does not contain referenced instruction: 02051248 (SleighInstructionPrototype)  
ERROR Pcode error at 0205125c: Program does not contain referenced instruction: 0205125e (SleighInstructionPrototype)  
ERROR Pcode error at 020512be: Program does not contain referenced instruction: 020512c0 (SleighInstructionPrototype)  
ERROR Pcode error at 02051310: Could not find cached delayslot parser context (SleighInstructionPrototype)  
ERROR Pcode error at 02051392: Program does not contain referenced instruction: 02051394 (SleighInstructionPrototype)  
ERROR Pcode error at 020513b6: Program does not contain referenced instruction: 020513ba (SleighInstructionPrototype)  
ERROR Pcode error at 020513c4: Could not find cached delayslot parser context (SleighInstructionPrototype)  
ERROR Pcode error at 0205143c: Program does not contain referenced instruction: 0205143e (SleighInstructionPrototype)  
ERROR Pcode error at 020515b2: Program does not contain referenced instruction: 020515b4 (SleighInstructionPrototype)  
ERROR Pcode error at 020515c8: Could not find cached delayslot parser context (SleighInstructionPrototype)  
ERROR Pcode error at 02051758: Program does not contain referenced instruction: 0205175a (SleighInstructionPrototype)  
ERROR Pcode error at 02051758: Program does not contain referenced instruction: 0205175a (SleighInstructionPrototype)  
ERROR Pcode error at 020517c8: Program does not contain referenced instruction: 020517ca (SleighInstructionPrototype)  
ERROR Pcode error at 020517e4: Could not find cached delayslot parser context (SleighInstructionPrototype)  
ERROR Pcode error at 02051852: Program does not contain referenced instruction: 02051854 (SleighInstructionPrototype)  
ERROR Pcode error at 0205186e: Could not find cached delayslot parser context (SleighInstructionPrototype)  
ERROR Pcode error at 020518e2: Program does not contain referenced instruction: 020518e4 (SleighInstructionPrototype)  
ERROR Pcode error at 02051934: Could not find cached delayslot parser context (SleighInstructionPrototype)  
ERROR Pcode error at 02051970: Program does not contain referenced instruction: 02051972 (SleighInstructionPrototype)  
ERROR Pcode error at 02051b44: Program does not contain referenced instruction: 02051b46 (SleighInstructionPrototype)  
ERROR Pcode error at 02051bc2: Program does not contain referenced instruction: 02051bc4 (SleighInstructionPrototype)  
ERROR Pcode error at 02051bde: Could not find cached delayslot parser context (SleighInstructionPrototype)  
ERROR Pcode error at 02051c20: Program does not contain referenced instruction: 02051c22 (SleighInstructionPrototype)  
ERROR Pcode error at 02051cdc: Program does not contain referenced instruction: 02051cde (SleighInstructionPrototype)  
ERROR Pcode error at 02051d9a: Program does not contain referenced instruction: 02051d9c (SleighInstructionPrototype)  
ERROR Pcode error at 02051dbc: Could not find cached delayslot parser context (SleighInstructionPrototype)  
ERROR Pcode error at 02051e34: Program does not contain referenced instruction: 02051e38 (SleighInstructionPrototype)  
ERROR Pcode error at 02051e88: Program does not contain referenced instruction: 02051e8a (SleighInstructionPrototype)  
ERROR Pcode error at 02051eae: Program does not contain referenced instruction: 02051eb0 (SleighInstructionPrototype)  
ERROR Pcode error at 02051f10: Could not find cached delayslot parser context (SleighInstructionPrototype)  
ERROR Pcode error at 02051f9c: Program does not contain referenced instruction: 02051f9e (SleighInstructionPrototype)  
ERROR Pcode error at 02051fca: Could not find cached delayslot parser context (SleighInstructionPrototype)  
ERROR Pcode error at 020521a4: Program does not contain referenced instruction: 020521a6 (SleighInstructionPrototype)  
ERROR Pcode error at 02052216: Program does not contain referenced instruction: 02052218 (SleighInstructionPrototype)  
ERROR Pcode error at 02052220: Program does not contain referenced instruction: 02052224 (SleighInstructionPrototype)  
ERROR Pcode error at 020526e2: Could not find cached delayslot parser context (SleighInstructionPrototype)  
ERROR Pcode error at 0205250e: Could not find cached delayslot parser context (SleighInstructionPrototype)  
ERROR Pcode error at 02052578: Program does not contain referenced instruction: 0205257a (SleighInstructionPrototype)  
ERROR Pcode error at 0205258a: Program does not contain referenced instruction: 0205258c (SleighInstructionPrototype)  
ERROR Pcode error at 02052590: Could not find cached delayslot parser context (SleighInstructionPrototype)  
ERROR Pcode error at 02052628: Program does not contain referenced instruction: 0205262a (SleighInstructionPrototype)  
ERROR Pcode error at 02052632: Program does not contain referenced instruction: 02052636 (SleighInstructionPrototype)  
ERROR Pcode error at 02052682: Program does not contain referenced instruction: 02052684 (SleighInstructionPrototype)  
ERROR Pcode error at 02052794: Could not find cached delayslot parser context (SleighInstructionPrototype)  
ERROR Pcode error at 020529a4: Program does not contain referenced instruction: 020529a6 (SleighInstructionPrototype)  
ERROR Pcode error at 020529a0: Could not find cached delayslot parser context (SleighInstructionPrototype)  
ERROR Pcode error at 02052ab6: Could not find cached delayslot parser context (SleighInstructionPrototype)  
ERROR Pcode error at 02052b58: Could not find cached delayslot parser context (SleighInstructionPrototype)  
ERROR Pcode error at 02052b60: Program does not contain referenced instruction: 02052b62 (SleighInstructionPrototype)  
ERROR Pcode error at 02052ef8: Program does not contain referenced instruction: 02052efa (SleighInstructionPrototype)  
ERROR Pcode error at 02052fc4: Program does not contain referenced instruction: 02052fc6 (SleighInstructionPrototype)  
ERROR Pcode error at 0205302c: Could not find cached delayslot parser context (SleighInstructionPrototype)  
ERROR Pcode error at 020530b0: Could not find cached delayslot parser context (SleighInstructionPrototype)  
ERROR Pcode error at 02053100: Program does not contain referenced instruction: 02053102 (SleighInstructionPrototype)  
ERROR Pcode error at 02053192: Program does not contain referenced instruction: 02053194 (SleighInstructionPrototype)  
ERROR Pcode error at 020531b6: Program does not contain referenced instruction: 020531b8 (SleighInstructionPrototype)  
ERROR Pcode error at 02053316: Could not find cached delayslot parser context (SleighInstructionPrototype)  
ERROR Pcode error at 0205338c: Program does not contain referenced instruction: 0205338e (SleighInstructionPrototype)  
ERROR Pcode error at 02053418: Program does not contain referenced instruction: 0205341a (SleighInstructionPrototype)  
ERROR Pcode error at 020535b4: Program does not contain referenced instruction: 020535b6 (SleighInstructionPrototype)  
ERROR Pcode error at 020535be: Could not find cached delayslot parser context (SleighInstructionPrototype)  
ERROR Pcode error at 020536d6: Program does not contain referenced instruction: 020536d8 (SleighInstructionPrototype)  
ERROR Pcode error at 020536a0: Program does not contain referenced instruction: 020536a4 (SleighInstructionPrototype)  
ERROR Pcode error at 020537aa: Program does not contain referenced instruction: 020537ac (SleighInstructionPrototype)  
ERROR Pcode error at 0205381e: Program does not contain referenced instruction: 02053820 (SleighInstructionPrototype)  
ERROR Pcode error at 020538a6: Program does not contain referenced instruction: 020538a8 (SleighInstructionPrototype)  
ERROR Pcode error at 020538bc: Could not find cached delayslot parser context (SleighInstructionPrototype)  
ERROR Pcode error at 02053c78: Program does not contain referenced instruction: 02053c7c (SleighInstructionPrototype)  
ERROR Pcode error at 02053c80: Program does not contain referenced instruction: 02053c82 (SleighInstructionPrototype)  
ERROR Pcode error at 02053d2e: Program does not contain referenced instruction: 02053d32 (SleighInstructionPrototype)  
ERROR Pcode error at 02056d94: Program does not contain referenced instruction: 02056d96 (SleighInstructionPrototype)  
ERROR Pcode error at 02053de2: Program does not contain referenced instruction: 02053de4 (SleighInstructionPrototype)  
ERROR Pcode error at 02053e9c: Program does not contain referenced instruction: 02053ea0 (SleighInstructionPrototype)  
ERROR Pcode error at 02053f70: Program does not contain referenced instruction: 02053f74 (SleighInstructionPrototype)  
ERROR Pcode error at 0205406e: Program does not contain referenced instruction: 02054070 (SleighInstructionPrototype)  
ERROR Pcode error at 0205408a: Program does not contain referenced instruction: 0205408c (SleighInstructionPrototype)  
ERROR Pcode error at 02054126: Program does not contain referenced instruction: 02054128 (SleighInstructionPrototype)  
ERROR Pcode error at 02054228: Could not find cached delayslot parser context (SleighInstructionPrototype)  
ERROR Pcode error at 0205427a: Program does not contain referenced instruction: 0205427e (SleighInstructionPrototype)  
ERROR Pcode error at 02054286: Program does not contain referenced instruction: 02054288 (SleighInstructionPrototype)  
ERROR Pcode error at 02054350: Program does not contain referenced instruction: 02054352 (SleighInstructionPrototype)  
ERROR Pcode error at 020543d8: Could not find cached delayslot parser context (SleighInstructionPrototype)  
ERROR Pcode error at 020543f2: Program does not contain referenced instruction: 020543f4 (SleighInstructionPrototype)  
ERROR Pcode error at 020544c0: Program does not contain referenced instruction: 020544c4 (SleighInstructionPrototype)  
ERROR Pcode error at 020544c8: Could not find cached delayslot parser context (SleighInstructionPrototype)  
ERROR Pcode error at 0205450c: Could not find cached delayslot parser context (SleighInstructionPrototype)  
ERROR Pcode error at 0205c6c0: Program does not contain referenced instruction: 0205c6c4 (SleighInstructionPrototype)  
ERROR Pcode error at 020545f6: Program does not contain referenced instruction: 020545fa (SleighInstructionPrototype)  
ERROR Pcode error at 02054638: Program does not contain referenced instruction: 0205463a (SleighInstructionPrototype)  
ERROR Pcode error at 020553de: Program does not contain referenced instruction: 020553e0 (SleighInstructionPrototype)  
ERROR Pcode error at 0205486e: Program does not contain referenced instruction: 02054872 (SleighInstructionPrototype)  
ERROR Pcode error at 0205487c: Could not find cached delayslot parser context (SleighInstructionPrototype)  
ERROR Pcode error at 02054a9c: Program does not contain referenced instruction: 02054a9e (SleighInstructionPrototype)  
ERROR Pcode error at 02054b5a: Could not find cached delayslot parser context (SleighInstructionPrototype)  
ERROR Pcode error at 02054bac: Could not find cached delayslot parser context (SleighInstructionPrototype)  
ERROR Pcode error at 02054f9a: Could not find cached delayslot parser context (SleighInstructionPrototype)  
ERROR Pcode error at 02055022: Could not find cached delayslot parser context (SleighInstructionPrototype)  
ERROR Pcode error at 0205518c: Program does not contain referenced instruction: 0205518e (SleighInstructionPrototype)  
ERROR Pcode error at 0205519e: Program does not contain referenced instruction: 020551a0 (SleighInstructionPrototype)  
ERROR Pcode error at 020551a2: Program does not contain referenced instruction: 020551a4 (SleighInstructionPrototype)  
ERROR Pcode error at 020551b0: Program does not contain referenced instruction: 020551b2 (SleighInstructionPrototype)  
ERROR Pcode error at 020551ba: Program does not contain referenced instruction: 020551bc (SleighInstructionPrototype)  
ERROR Pcode error at 020553ba: Delay Slot recursion problem for Instruction at 020553bc (SleighInstructionPrototype)  
ERROR Pcode error at 020551f0: Program does not contain referenced instruction: 020551f4 (SleighInstructionPrototype)  
ERROR Pcode error at 020551f8: Program does not contain referenced instruction: 020551fa (SleighInstructionPrototype)  
ERROR Pcode error at 02055214: Program does not contain referenced instruction: 02055218 (SleighInstructionPrototype)  
ERROR Pcode error at 0205521e: Program does not contain referenced instruction: 02055220 (SleighInstructionPrototype)  
ERROR Pcode error at 0205522e: Program does not contain referenced instruction: 02055230 (SleighInstructionPrototype)  
ERROR Pcode error at 0205523c: Program does not contain referenced instruction: 0205523e (SleighInstructionPrototype)  
ERROR Pcode error at 02055240: Program does not contain referenced instruction: 02055242 (SleighInstructionPrototype)  
ERROR Pcode error at 02055244: Program does not contain referenced instruction: 02055246 (SleighInstructionPrototype)  
ERROR Pcode error at 0205524c: Program does not contain referenced instruction: 0205524e (SleighInstructionPrototype)  
ERROR Pcode error at 02055256: Program does not contain referenced instruction: 02055258 (SleighInstructionPrototype)  
ERROR Pcode error at 02055262: Program does not contain referenced instruction: 02055264 (SleighInstructionPrototype)  
ERROR Pcode error at 0205529c: Program does not contain referenced instruction: 0205529e (SleighInstructionPrototype)  
ERROR Pcode error at 020552ec: Program does not contain referenced instruction: 020552f0 (SleighInstructionPrototype)  
ERROR Pcode error at 020552f8: Program does not contain referenced instruction: 020552fa (SleighInstructionPrototype)  
ERROR Pcode error at 0205531a: Program does not contain referenced instruction: 0205531c (SleighInstructionPrototype)  
ERROR Pcode error at 02055324: Program does not contain referenced instruction: 02055326 (SleighInstructionPrototype)  
ERROR Pcode error at 02055336: Program does not contain referenced instruction: 02055338 (SleighInstructionPrototype)  
ERROR Pcode error at 02055398: Program does not contain referenced instruction: 0205539a (SleighInstructionPrototype)  
ERROR Pcode error at 020553a4: Program does not contain referenced instruction: 020553a6 (SleighInstructionPrototype)  
ERROR Pcode error at 020553d0: Program does not contain referenced instruction: 020553d2 (SleighInstructionPrototype)  
ERROR Pcode error at 02055422: Program does not contain referenced instruction: 02055424 (SleighInstructionPrototype)  
ERROR Pcode error at 0205543e: Program does not contain referenced instruction: 02055440 (SleighInstructionPrototype)  
ERROR Pcode error at 02055444: Program does not contain referenced instruction: 02055446 (SleighInstructionPrototype)  
ERROR Pcode error at 0205545a: Could not find cached delayslot parser context (SleighInstructionPrototype)  
ERROR Pcode error at 02055492: Delay Slot recursion problem for Instruction at 02055494 (SleighInstructionPrototype)  
ERROR Pcode error at 020554e4: Program does not contain referenced instruction: 020554e8 (SleighInstructionPrototype)  
ERROR Pcode error at 020554ea: Could not find cached delayslot parser context (SleighInstructionPrototype)  
ERROR Pcode error at 0205558c: Program does not contain referenced instruction: 0205558e (SleighInstructionPrototype)  
ERROR Pcode error at 020555ae: Delay Slot recursion problem for Instruction at 020555b0 (SleighInstructionPrototype)  
ERROR Pcode error at 020555c2: Could not find cached delayslot parser context (SleighInstructionPrototype)  
ERROR Pcode error at 020555dc: Could not find cached delayslot parser context (SleighInstructionPrototype)  
ERROR Pcode error at 020555ea: Delay Slot recursion problem for Instruction at 020555ec (SleighInstructionPrototype)  
ERROR Pcode error at 02055614: Delay Slot recursion problem for Instruction at 02055616 (SleighInstructionPrototype)  
ERROR Pcode error at 02055616: Delay Slot recursion problem for Instruction at 02055618 (SleighInstructionPrototype)  
ERROR Pcode error at 02055618: Could not find cached delayslot parser context (SleighInstructionPrototype)  
ERROR Pcode error at 02055600: Program does not contain referenced instruction: 02055602 (SleighInstructionPrototype)  
ERROR Pcode error at 0205560e: Delay Slot recursion problem for Instruction at 02055610 (SleighInstructionPrototype)  
ERROR Pcode error at 02055610: Delay Slot recursion problem for Instruction at 02055612 (SleighInstructionPrototype)  
ERROR Pcode error at 02055612: Delay Slot recursion problem for Instruction at 02055614 (SleighInstructionPrototype)  
ERROR Pcode error at 0205567e: Could not find cached delayslot parser context (SleighInstructionPrototype)  
ERROR Pcode error at 02055684: Program does not contain referenced instruction: 02055686 (SleighInstructionPrototype)  
ERROR Pcode error at 020556aa: Could not find cached delayslot parser context (SleighInstructionPrototype)  
ERROR Pcode error at 020556b0: Program does not contain referenced instruction: 020556b2 (SleighInstructionPrototype)  
ERROR Pcode error at 020556ec: Program does not contain referenced instruction: 020556ee (SleighInstructionPrototype)  
ERROR Pcode error at 020556f4: Delay Slot recursion problem for Instruction at 020556f6 (SleighInstructionPrototype)  
ERROR Pcode error at 020556f6: Program does not contain referenced instruction: 020556f8 (SleighInstructionPrototype)  
ERROR Pcode error at 020556fc: Program does not contain referenced instruction: 020556fe (SleighInstructionPrototype)  
ERROR Pcode error at 02055748: Program does not contain referenced instruction: 0205574c (SleighInstructionPrototype)  
ERROR Pcode error at 02055752: Program does not contain referenced instruction: 02055754 (SleighInstructionPrototype)  
ERROR Pcode error at 0205576c: Program does not contain referenced instruction: 0205576e (SleighInstructionPrototype)  
ERROR Pcode error at 0205579c: Program does not contain referenced instruction: 0205579e (SleighInstructionPrototype)  
ERROR Pcode error at 02055788: Delay Slot recursion problem for Instruction at 0205578a (SleighInstructionPrototype)  
ERROR Pcode error at 020557ce: Could not find cached delayslot parser context (SleighInstructionPrototype)  
ERROR Pcode error at 020557d8: Program does not contain referenced instruction: 020557da (SleighInstructionPrototype)  
ERROR Pcode error at 020557fc: Delay Slot recursion problem for Instruction at 020557fe (SleighInstructionPrototype)  
ERROR Pcode error at 02055806: Delay Slot recursion problem for Instruction at 02055808 (SleighInstructionPrototype)  
ERROR Pcode error at 02055808: Program does not contain referenced instruction: 0205580a (SleighInstructionPrototype)  
ERROR Pcode error at 02055818: Program does not contain referenced instruction: 0205581c (SleighInstructionPrototype)  
ERROR Pcode error at 02055830: Delay Slot recursion problem for Instruction at 02055832 (SleighInstructionPrototype)  
ERROR Pcode error at 02055832: Program does not contain referenced instruction: 02055834 (SleighInstructionPrototype)  
ERROR Pcode error at 02055836: Program does not contain referenced instruction: 02055838 (SleighInstructionPrototype)  
ERROR Pcode error at 020558b0: Program does not contain referenced instruction: 020558b2 (SleighInstructionPrototype)  
ERROR Pcode error at 020558b8: Could not find cached delayslot parser context (SleighInstructionPrototype)  
ERROR Pcode error at 020558c2: Delay Slot recursion problem for Instruction at 020558c4 (SleighInstructionPrototype)  
ERROR Pcode error at 020558c4: Program does not contain referenced instruction: 020558c6 (SleighInstructionPrototype)  
ERROR Pcode error at 020558d2: Program does not contain referenced instruction: 020558d4 (SleighInstructionPrototype)  
ERROR Pcode error at 02055a6a: Could not find cached delayslot parser context (SleighInstructionPrototype)  
ERROR Pcode error at 020558ea: Could not find cached delayslot parser context (SleighInstructionPrototype)  
ERROR Pcode error at 0205592a: Program does not contain referenced instruction: 0205592c (SleighInstructionPrototype)  
ERROR Pcode error at 02055934: Delay Slot recursion problem for Instruction at 02055936 (SleighInstructionPrototype)  
ERROR Pcode error at 02055950: Program does not contain referenced instruction: 02055954 (SleighInstructionPrototype)  
ERROR Pcode error at 0205595e: Program does not contain referenced instruction: 02055962 (SleighInstructionPrototype)  
ERROR Pcode error at 0205647a: Program does not contain referenced instruction: 0205647c (SleighInstructionPrototype)  
ERROR Pcode error at 02055e90: Could not find cached delayslot parser context (SleighInstructionPrototype)  
ERROR Pcode error at 02057782: Could not find cached delayslot parser context (SleighInstructionPrototype)  
ERROR Pcode error at 02055b80: Could not find cached delayslot parser context (SleighInstructionPrototype)  
ERROR Pcode error at 02056ba2: Could not find cached delayslot parser context (SleighInstructionPrototype)  
ERROR Pcode error at 02055fb0: Program does not contain referenced instruction: 02055fb2 (SleighInstructionPrototype)  
ERROR Pcode error at 02055dd4: Program does not contain referenced instruction: 02055dd6 (SleighInstructionPrototype)  
ERROR Pcode error at 02055e10: Program does not contain referenced instruction: 02055e12 (SleighInstructionPrototype)  
ERROR Pcode error at 02055e1a: Program does not contain referenced instruction: 02055e1c (SleighInstructionPrototype)  
ERROR Pcode error at 020560a2: Could not find cached delayslot parser context (SleighInstructionPrototype)  
ERROR Pcode error at 020562b8: Program does not contain referenced instruction: 020562ba (SleighInstructionPrototype)  
ERROR Pcode error at 020564b0: Could not find cached delayslot parser context (SleighInstructionPrototype)  
ERROR Pcode error at 020564b0: Could not find cached delayslot parser context (SleighInstructionPrototype)  
ERROR Pcode error at 02056ca4: Program does not contain referenced instruction: 02056ca6 (SleighInstructionPrototype)  
ERROR Pcode error at 02056cf4: Program does not contain referenced instruction: 02056cf6 (SleighInstructionPrototype)  
ERROR Pcode error at 02056d5c: Program does not contain referenced instruction: 02056d5e (SleighInstructionPrototype)  
INFO  Applied data type archive: generic_clib (ApplyDataArchiveAnalyzer)  
ERROR Pcode error at 02031a2c: Program does not contain referenced instruction: 02031a30 (SleighInstructionPrototype)  
ERROR Pcode error at 0202cafe: Program does not contain referenced instruction: 0202cb00 (SleighInstructionPrototype)  
ERROR Pcode error at 0202cc02: Program does not contain referenced instruction: 0202cc04 (SleighInstructionPrototype)  
ERROR Pcode error at 02034ba0: Program does not contain referenced instruction: 02034ba4 (SleighInstructionPrototype)  
ERROR Pcode error at 02032c10: Program does not contain referenced instruction: 02032c12 (SleighInstructionPrototype)  
ERROR Pcode error at 0204ba64: Could not find cached delayslot parser context (SleighInstructionPrototype)  
ERROR Pcode error at 0203486c: Program does not contain referenced instruction: 0203486e (SleighInstructionPrototype)  
ERROR Pcode error at 02033e36: Program does not contain referenced instruction: 02033e38 (SleighInstructionPrototype)  
ERROR Pcode error at 02032e82: Program does not contain referenced instruction: 02032e86 (SleighInstructionPrototype)  
ERROR Pcode error at 02055f4e: Could not find cached delayslot parser context (SleighInstructionPrototype)  
ERROR Pcode error at 0201fda6: Program does not contain referenced instruction: 0201fdaa (SleighInstructionPrototype)  
ERROR Pcode error at 0204c228: Delay Slot recursion problem for Instruction at 0204c22a (SleighInstructionPrototype)  
ERROR Pcode error at 0204c22a: Delay Slot recursion problem for Instruction at 0204c22c (SleighInstructionPrototype)  
ERROR Pcode error at 0204c22c: Delay Slot recursion problem for Instruction at 0204c22e (SleighInstructionPrototype)  
ERROR Pcode error at 0204c22e: Delay Slot recursion problem for Instruction at 0204c230 (SleighInstructionPrototype)  
ERROR Pcode error at 0204c230: Delay Slot recursion problem for Instruction at 0204c232 (SleighInstructionPrototype)  
ERROR Pcode error at 0204c232: Delay Slot recursion problem for Instruction at 0204c234 (SleighInstructionPrototype)  
ERROR Pcode error at 0204c240: Program does not contain referenced instruction: 0204c244 (SleighInstructionPrototype)  
ERROR Pcode error at 0204c436: Delay Slot recursion problem for Instruction at 0204c438 (SleighInstructionPrototype)  
ERROR Pcode error at 02016258: Program does not contain referenced instruction: 0201625a (SleighInstructionPrototype)  
ERROR Pcode error at 0204b3d4: Could not find cached delayslot parser context (SleighInstructionPrototype)  
ERROR Pcode error at 020141ca: Program does not contain referenced instruction: 020141cc (SleighInstructionPrototype)  
ERROR Pcode error at 02031696: Program does not contain referenced instruction: 0203169a (SleighInstructionPrototype)  
ERROR Pcode error at 020316d8: Program does not contain referenced instruction: 020316da (SleighInstructionPrototype)  
ERROR Pcode error at 0204b6c2: Could not find cached delayslot parser context (SleighInstructionPrototype)  
ERROR Pcode error at 0203d84c: Program does not contain referenced instruction: 0203d850 (SleighInstructionPrototype)  
ERROR Pcode error at 02057626: Delay Slot recursion problem for Instruction at 02057628 (SleighInstructionPrototype)  
ERROR Pcode error at 02057628: Delay Slot recursion problem for Instruction at 0205762a (SleighInstructionPrototype)  
ERROR Pcode error at 0205762a: Could not find cached delayslot parser context (SleighInstructionPrototype)  
ERROR Pcode error at 0204b456: Program does not contain referenced instruction: 0204b45a (SleighInstructionPrototype)  
ERROR Pcode error at 0205548a: Program does not contain referenced instruction: 0205548c (SleighInstructionPrototype)  
ERROR Pcode error at 0204ea4c: Program does not contain referenced instruction: 0204ea4e (SleighInstructionPrototype)  
ERROR Pcode error at 0204e94a: Could not find cached delayslot parser context (SleighInstructionPrototype)  
ERROR Pcode error at 0204b4f8: Program does not contain referenced instruction: 0204b4fa (SleighInstructionPrototype)  
ERROR Pcode error at 0204b572: Program does not contain referenced instruction: 0204b576 (SleighInstructionPrototype)  
INFO  -----------------------------------------------------
    ASCII Strings                              0.019 secs
    Apply Data Archives                        0.014 secs
    Basic Constant Reference Analyzer          1.534 secs
    Call Convention ID                         0.007 secs
    Call-Fixup Installer                       0.005 secs
    Create Address Tables                      0.025 secs
    Create Address Tables - One Time           0.006 secs
    Create Function                            0.036 secs
    Data Reference                             0.043 secs
    Decompiler Switch Analysis                 6.133 secs
    Demangler GNU                              0.003 secs
    Disassemble Entry Points                   0.013 secs
    Embedded Media                             0.004 secs
    External Entry References                  0.000 secs
    Function ID                                0.000 secs
    Non-Returning Functions - Discovered       1.294 secs
    Reference                                  0.068 secs
    Shared Return Calls                        0.120 secs
    Stack                                      0.542 secs
    Subroutine References                      0.064 secs
    Subroutine References - One Time           0.001 secs
-----------------------------------------------------
     Total Time   9 secs
-----------------------------------------------------
 (AutoAnalysisManager)  
INFO  V15DecoderAnalysis.java> EVIDENCE_SCALAR phase=exhaustive at=02000758 value=02057435 text=mov r2,#0x2057435 function=- (GhidraScript)  
INFO  V15DecoderAnalysis.java> EVIDENCE_PCODE_CONST phase=exhaustive at=02000758 value=02057435 op=COPY text=mov r2,#0x2057435 function=- (GhidraScript)  
INFO  V15DecoderAnalysis.java> EVIDENCE_REF phase=exhaustive from=02000766 text=lb.z r7,[r5 ++= 1] to=02057aae type=READ function=- (GhidraScript)  
INFO  V15DecoderAnalysis.java> EVIDENCE_REF phase=exhaustive from=02000766 text=lb.z r7,[r5 ++= 1] to=02057aaf type=READ function=- (GhidraScript)  
INFO  V15DecoderAnalysis.java> EVIDENCE_REF phase=exhaustive from=0200077e text=lb.z r1,[r2 ++= 1] to=02057435 type=READ function=- (GhidraScript)  
INFO  V15DecoderAnalysis.java> EVIDENCE_REF phase=exhaustive from=0200077e text=lb.z r1,[r2 ++= 1] to=02057436 type=READ function=- (GhidraScript)  
INFO  V15DecoderAnalysis.java> EVIDENCE_REF phase=exhaustive from=0200082a text=mov r0,#0x205785b to=0205785b type=PARAM function=FUN_02000812@02000812 (GhidraScript)  
INFO  V15DecoderAnalysis.java> EVIDENCE_SCALAR phase=exhaustive at=0200082a value=0205785b text=mov r0,#0x205785b function=FUN_02000812@02000812 (GhidraScript)  
INFO  V15DecoderAnalysis.java> EVIDENCE_PCODE_CONST phase=exhaustive at=0200082a value=0205785b op=COPY text=mov r0,#0x205785b function=FUN_02000812@02000812 (GhidraScript)  
INFO  V15DecoderAnalysis.java> EVIDENCE_SCALAR phase=exhaustive at=0200086e value=02057250 text=mov r1,#0x2057250 function=FUN_02000852@02000852 (GhidraScript)  
INFO  V15DecoderAnalysis.java> EVIDENCE_PCODE_CONST phase=exhaustive at=0200086e value=02057250 op=COPY text=mov r1,#0x2057250 function=FUN_02000852@02000852 (GhidraScript)  
INFO  V15DecoderAnalysis.java> EVIDENCE_REF phase=exhaustive from=020008f0 text=mov r0,#0x205785b to=0205785b type=PARAM function=FUN_02000886@02000886 (GhidraScript)  
INFO  V15DecoderAnalysis.java> EVIDENCE_SCALAR phase=exhaustive at=020008f0 value=0205785b text=mov r0,#0x205785b function=FUN_02000886@02000886 (GhidraScript)  
INFO  V15DecoderAnalysis.java> EVIDENCE_PCODE_CONST phase=exhaustive at=020008f0 value=0205785b op=COPY text=mov r0,#0x205785b function=FUN_02000886@02000886 (GhidraScript)  
INFO  V15DecoderAnalysis.java> EVIDENCE_SCALAR phase=exhaustive at=02000b52 value=02057250 text=mov r9,#0x2057250 function=FUN_02000b1c@02000b1c (GhidraScript)  
INFO  V15DecoderAnalysis.java> EVIDENCE_PCODE_CONST phase=exhaustive at=02000b52 value=02057250 op=COPY text=mov r9,#0x2057250 function=FUN_02000b1c@02000b1c (GhidraScript)  
INFO  V15DecoderAnalysis.java> EVIDENCE_REF phase=exhaustive from=02000b72 text=lb.z r2,[r2 + r3] to=02057bd0 type=DATA function=FUN_02000b1c@02000b1c (GhidraScript)  
INFO  V15DecoderAnalysis.java> EVIDENCE_REF phase=exhaustive from=02000c16 text=lb.z r2,[r2 + r4] to=02057bd0 type=DATA function=FUN_02000b1c@02000b1c (GhidraScript)  
INFO  V15DecoderAnalysis.java> EVIDENCE_REF phase=exhaustive from=02000c8e text=lb.z r7,[r2 + r4] to=02057af0 type=DATA function=FUN_02000b1c@02000b1c (GhidraScript)  
INFO  V15DecoderAnalysis.java> EVIDENCE_SCALAR phase=exhaustive at=02000e3c value=02057250 text=mov r1,#0x2057250 function=- (GhidraScript)  
INFO  V15DecoderAnalysis.java> EVIDENCE_PCODE_CONST phase=exhaustive at=02000e3c value=02057250 op=COPY text=mov r1,#0x2057250 function=- (GhidraScript)  
INFO  V15DecoderAnalysis.java> EVIDENCE_REF phase=exhaustive from=02000e48 text=lb.z r13,[r1 + r2] to=02057bd0 type=DATA function=- (GhidraScript)  
INFO  V15DecoderAnalysis.java> EVIDENCE_SCALAR phase=exhaustive at=02000f9e value=02057250 text=mov r8,#0x2057250 function=- (GhidraScript)  
INFO  V15DecoderAnalysis.java> EVIDENCE_PCODE_CONST phase=exhaustive at=02000f9e value=02057250 op=COPY text=mov r8,#0x2057250 function=- (GhidraScript)  
INFO  V15DecoderAnalysis.java> EVIDENCE_REF phase=exhaustive from=0200100c text=add r1,r8,#0x86e to=02057abe type=PARAM function=- (GhidraScript)  
INFO  V15DecoderAnalysis.java> EVIDENCE_SCALAR phase=exhaustive at=02001098 value=02057250 text=mov r1,#0x2057250 function=FUN_02001050@02001050 (GhidraScript)  
INFO  V15DecoderAnalysis.java> EVIDENCE_PCODE_CONST phase=exhaustive at=02001098 value=02057250 op=COPY text=mov r1,#0x2057250 function=FUN_02001050@02001050 (GhidraScript)  
INFO  V15DecoderAnalysis.java> EVIDENCE_REF phase=exhaustive from=020010a4 text=lb.z r6,[r0 + r1] to=02057af0 type=DATA function=FUN_02001050@02001050 (GhidraScript)  
INFO  V15DecoderAnalysis.java> EVIDENCE_SCALAR phase=exhaustive at=02001112 value=02057250 text=mov r2,#0x2057250 function=FUN_02001050@02001050 (GhidraScript)  
INFO  V15DecoderAnalysis.java> EVIDENCE_PCODE_CONST phase=exhaustive at=02001112 value=02057250 op=COPY text=mov r2,#0x2057250 function=FUN_02001050@02001050 (GhidraScript)  
INFO  V15DecoderAnalysis.java> EVIDENCE_REF phase=exhaustive from=0200111e text=lb.z r6,[r1 + r2] to=02057bd0 type=DATA function=FUN_02001050@02001050 (GhidraScript)  
INFO  V15DecoderAnalysis.java> EVIDENCE_SCALAR phase=exhaustive at=020011c8 value=02057250 text=mov r0,#0x2057250 function=FUN_02001050@02001050 (GhidraScript)  
INFO  V15DecoderAnalysis.java> EVIDENCE_PCODE_CONST phase=exhaustive at=020011c8 value=02057250 op=COPY text=mov r0,#0x2057250 function=FUN_02001050@02001050 (GhidraScript)  
INFO  V15DecoderAnalysis.java> EVIDENCE_REF phase=exhaustive from=020011ce text=add r0,r0,#0x60b to=0205785b type=PARAM function=FUN_02001050@02001050 (GhidraScript)  
INFO  V15DecoderAnalysis.java> EVIDENCE_SCALAR phase=exhaustive at=0200122a value=02057250 text=mov r2,#0x2057250 function=FUN_02001050@02001050 (GhidraScript)  
INFO  V15DecoderAnalysis.java> EVIDENCE_PCODE_CONST phase=exhaustive at=0200122a value=02057250 op=COPY text=mov r2,#0x2057250 function=FUN_02001050@02001050 (GhidraScript)  
INFO  V15DecoderAnalysis.java> EVIDENCE_REF phase=exhaustive from=02001236 text=lb.z r15,[r1 + r2] to=02057bd0 type=READ function=FUN_02001050@02001050 (GhidraScript)  
INFO  V15DecoderAnalysis.java> EVIDENCE_SCALAR phase=exhaustive at=020012b2 value=02057250 text=mov r0,#0x2057250 function=FUN_02001050@02001050 (GhidraScript)  
INFO  V15DecoderAnalysis.java> EVIDENCE_PCODE_CONST phase=exhaustive at=020012b2 value=02057250 op=COPY text=mov r0,#0x2057250 function=FUN_02001050@02001050 (GhidraScript)  
INFO  V15DecoderAnalysis.java> EVIDENCE_REF phase=exhaustive from=020012b8 text=add r0,r0,#0x60b to=0205785b type=PARAM function=FUN_02001050@02001050 (GhidraScript)  
INFO  V15DecoderAnalysis.java> EVIDENCE_SCALAR phase=exhaustive at=0200136e value=02057250 text=mov r0,#0x2057250 function=FUN_02001050@02001050 (GhidraScript)  
INFO  V15DecoderAnalysis.java> EVIDENCE_PCODE_CONST phase=exhaustive at=0200136e value=02057250 op=COPY text=mov r0,#0x2057250 function=FUN_02001050@02001050 (GhidraScript)  
INFO  V15DecoderAnalysis.java> EVIDENCE_REF phase=exhaustive from=02001374 text=add r0,r0,#0x60b to=0205785b type=PARAM function=FUN_02001050@02001050 (GhidraScript)  
INFO  V15DecoderAnalysis.java> EVIDENCE_SCALAR phase=exhaustive at=02001416 value=0205785b text=mov r10,#0x205785b function=- (GhidraScript)  
INFO  V15DecoderAnalysis.java> EVIDENCE_PCODE_CONST phase=exhaustive at=02001416 value=0205785b op=COPY text=mov r10,#0x205785b function=- (GhidraScript)  
INFO  V15DecoderAnalysis.java> EVIDENCE_REF phase=exhaustive from=0200145c text=mov r0,r10 to=0205785b type=PARAM function=- (GhidraScript)  
INFO  V15DecoderAnalysis.java> EVIDENCE_SCALAR phase=exhaustive at=020016e2 value=02057250 text=mov r3,#0x2057250 function=- (GhidraScript)  
INFO  V15DecoderAnalysis.java> EVIDENCE_PCODE_CONST phase=exhaustive at=020016e2 value=02057250 op=COPY text=mov r3,#0x2057250 function=- (GhidraScript)  
INFO  V15DecoderAnalysis.java> EVIDENCE_REF phase=exhaustive from=020016ee text=lb.z r2,[r2 + r3] to=02057cf8 type=DATA function=- (GhidraScript)  
INFO  V15DecoderAnalysis.java> EVIDENCE_SCALAR phase=exhaustive at=0200174e value=02057250 text=mov r2,#0x2057250 function=FUN_0200173e@0200173e (GhidraScript)  
INFO  V15DecoderAnalysis.java> EVIDENCE_PCODE_CONST phase=exhaustive at=0200174e value=02057250 op=COPY text=mov r2,#0x2057250 function=FUN_0200173e@0200173e (GhidraScript)  
INFO  V15DecoderAnalysis.java> EVIDENCE_SCALAR phase=exhaustive at=020019f2 value=02057250 text=mov r0,#0x2057250 function=- (GhidraScript)  
INFO  V15DecoderAnalysis.java> EVIDENCE_PCODE_CONST phase=exhaustive at=020019f2 value=02057250 op=COPY text=mov r0,#0x2057250 function=- (GhidraScript)  
ERROR Pcode error at 02001c6e: Could not find cached delayslot parser context (SleighInstructionPrototype)  
INFO  V15DecoderAnalysis.java> EVIDENCE_SCALAR phase=exhaustive at=02001d24 value=02057250 text=mov r2,#0x2057250 function=- (GhidraScript)  
INFO  V15DecoderAnalysis.java> EVIDENCE_PCODE_CONST phase=exhaustive at=02001d24 value=02057250 op=COPY text=mov r2,#0x2057250 function=- (GhidraScript)  
INFO  V15DecoderAnalysis.java> EVIDENCE_SCALAR phase=exhaustive at=02001dfe value=02057288 text=mov r5,#0x2057288 function=FUN_02001dfa@02001dfa (GhidraScript)  
INFO  V15DecoderAnalysis.java> EVIDENCE_PCODE_CONST phase=exhaustive at=02001dfe value=02057288 op=COPY text=mov r5,#0x2057288 function=FUN_02001dfa@02001dfa (GhidraScript)  
INFO  V15DecoderAnalysis.java> EVIDENCE_REF phase=exhaustive from=02001e04 text=add r1,r5,#0x76 to=020572fe type=PARAM function=FUN_02001dfa@02001dfa (GhidraScript)  
INFO  V15DecoderAnalysis.java> EVIDENCE_REF phase=exhaustive from=02001e16 text=add r1,r5,#0x213 to=0205749b type=PARAM function=FUN_02001dfa@02001dfa (GhidraScript)  
INFO  V15DecoderAnalysis.java> EVIDENCE_REF phase=exhaustive from=02001e24 text=add r1,r5,#0x62 to=020572ea type=PARAM function=FUN_02001dfa@02001dfa (GhidraScript)  
INFO  V15DecoderAnalysis.java> EVIDENCE_REF phase=exhaustive from=02001e32 text=add r1,r5,#0x14e to=020573d6 type=PARAM function=FUN_02001dfa@02001dfa (GhidraScript)  
INFO  V15DecoderAnalysis.java> EVIDENCE_REF phase=exhaustive from=02001e4a text=add r1,r5,#0x274 to=020574fc type=PARAM function=FUN_02001dfa@02001dfa (GhidraScript)  
INFO  V15DecoderAnalysis.java> EVIDENCE_REF phase=exhaustive from=02001e58 text=add r1,r5,#0x66 to=020572ee type=PARAM function=FUN_02001dfa@02001dfa (GhidraScript)  
INFO  V15DecoderAnalysis.java> EVIDENCE_REF phase=exhaustive from=02001e66 text=add r1,r5,#0x6a to=020572f2 type=PARAM function=FUN_02001dfa@02001dfa (GhidraScript)  
INFO  V15DecoderAnalysis.java> EVIDENCE_REF phase=exhaustive from=02001e74 text=add r1,r5,#0x122 to=020573aa type=PARAM function=FUN_02001dfa@02001dfa (GhidraScript)  
INFO  V15DecoderAnalysis.java> EVIDENCE_REF phase=exhaustive from=02001e82 text=add r1,r5,#0xca to=02057352 type=PARAM function=FUN_02001dfa@02001dfa (GhidraScript)  
INFO  V15DecoderAnalysis.java> EVIDENCE_SCALAR phase=exhaustive at=02002028 value=02057250 text=mov r10,#0x2057250 function=- (GhidraScript)  
INFO  V15DecoderAnalysis.java> EVIDENCE_PCODE_CONST phase=exhaustive at=02002028 value=02057250 op=COPY text=mov r10,#0x2057250 function=- (GhidraScript)  
INFO  V15DecoderAnalysis.java> EVIDENCE_REF phase=exhaustive from=0200204a text=lb.z r3,[r3 + 0xa06] to=02057c56 type=DATA function=- (GhidraScript)  
INFO  V15DecoderAnalysis.java> EVIDENCE_REF phase=exhaustive from=02002054 text=lb.z r4,[r4 + 0xa0a] to=02057c5a type=DATA function=- (GhidraScript)  
INFO  V15DecoderAnalysis.java> EVIDENCE_SCALAR phase=exhaustive at=02002604 value=02057352 text=mov r12,#0x2057352 function=FUN_020025ea@020025ea (GhidraScript)  
INFO  V15DecoderAnalysis.java> EVIDENCE_PCODE_CONST phase=exhaustive at=02002604 value=02057352 op=COPY text=mov r12,#0x2057352 function=FUN_020025ea@020025ea (GhidraScript)  
INFO  V15DecoderAnalysis.java> EVIDENCE_REF phase=exhaustive from=02002626 text=mov r0,r12 to=02057352 type=PARAM function=FUN_020025ea@020025ea (GhidraScript)  
INFO  V15DecoderAnalysis.java> EVIDENCE_SCALAR phase=exhaustive at=020027ae value=020576fd text=mov r0,#0x20576fd function=FUN_02002686@02002686 (GhidraScript)  
INFO  V15DecoderAnalysis.java> EVIDENCE_PCODE_CONST phase=exhaustive at=020027ae value=020576fd op=COPY text=mov r0,#0x20576fd function=FUN_02002686@02002686 (GhidraScript)  
INFO  V15DecoderAnalysis.java> EVIDENCE_REF phase=exhaustive from=020027b4 text=sw r0,[r1 + 0x0] to=020576fd type=DATA function=FUN_02002686@02002686 (GhidraScript)  
INFO  V15DecoderAnalysis.java> EVIDENCE_SCALAR phase=exhaustive at=02003400 value=020573ae text=mov r4,#0x20573ae function=FUN_020033e4@020033e4 (GhidraScript)  
INFO  V15DecoderAnalysis.java> EVIDENCE_PCODE_CONST phase=exhaustive at=02003400 value=020573ae op=COPY text=mov r4,#0x20573ae function=FUN_020033e4@020033e4 (GhidraScript)  
INFO  V15DecoderAnalysis.java> EVIDENCE_SCALAR phase=exhaustive at=020035d6 value=02057250 text=mov r5,#0x2057250 function=FUN_020035c2@020035c2 (GhidraScript)  
INFO  V15DecoderAnalysis.java> EVIDENCE_PCODE_CONST phase=exhaustive at=020035d6 value=02057250 op=COPY text=mov r5,#0x2057250 function=FUN_020035c2@020035c2 (GhidraScript)  
INFO  V15DecoderAnalysis.java> EVIDENCE_REF phase=exhaustive from=020035e0 text=add r1,r5,#0x27c to=020574cc type=PARAM function=FUN_020035c2@020035c2 (GhidraScript)  
INFO  V15DecoderAnalysis.java> EVIDENCE_REF phase=exhaustive from=02003798 text=mov r0,#0x20576fd to=020576fd type=PARAM function=FUN_02003670@02003670 (GhidraScript)  
INFO  V15DecoderAnalysis.java> EVIDENCE_SCALAR phase=exhaustive at=02003798 value=020576fd text=mov r0,#0x20576fd function=FUN_02003670@02003670 (GhidraScript)  
INFO  V15DecoderAnalysis.java> EVIDENCE_PCODE_CONST phase=exhaustive at=02003798 value=020576fd op=COPY text=mov r0,#0x20576fd function=FUN_02003670@02003670 (GhidraScript)  
INFO  V15DecoderAnalysis.java> EVIDENCE_SCALAR phase=exhaustive at=02004a60 value=02057954 text=mov r0,#0x2057954 function=FUN_02004a54@02004a54 (GhidraScript)  
INFO  V15DecoderAnalysis.java> EVIDENCE_PCODE_CONST phase=exhaustive at=02004a60 value=02057954 op=COPY text=mov r0,#0x2057954 function=FUN_02004a54@02004a54 (GhidraScript)  
INFO  V15DecoderAnalysis.java> EVIDENCE_REF phase=exhaustive from=02004a66 text=add r3,r0,#0xc to=02057960 type=PARAM function=FUN_02004a54@02004a54 (GhidraScript)  
INFO  V15DecoderAnalysis.java> EVIDENCE_SCALAR phase=exhaustive at=02004ce4 value=020572ee text=mov r4,#0x20572ee function=FUN_02004cc4@02004cc4 (GhidraScript)  
INFO  V15DecoderAnalysis.java> EVIDENCE_PCODE_CONST phase=exhaustive at=02004ce4 value=020572ee op=COPY text=mov r4,#0x20572ee function=FUN_02004cc4@02004cc4 (GhidraScript)  
INFO  V15DecoderAnalysis.java> EVIDENCE_REF phase=exhaustive from=02004d54 text=mov r0,r4 to=020572ee type=PARAM function=FUN_02004cc4@02004cc4 (GhidraScript)  
INFO  V15DecoderAnalysis.java> EVIDENCE_SCALAR phase=exhaustive at=02004f52 value=020572ae text=mov r4,#0x20572ae function=FUN_02004f06@02004f06 (GhidraScript)  
INFO  V15DecoderAnalysis.java> EVIDENCE_PCODE_CONST phase=exhaustive at=02004f52 value=020572ae op=COPY text=mov r4,#0x20572ae function=FUN_02004f06@02004f06 (GhidraScript)  
INFO  V15DecoderAnalysis.java> EVIDENCE_REF phase=exhaustive from=02004f60 text=sw r0,[r6+r1<<2] to=02057b50 type=DATA function=FUN_02004f06@02004f06 (GhidraScript)  
INFO  V15DecoderAnalysis.java> EVIDENCE_REF phase=exhaustive from=02004f68 text=mov r1,r4 to=020572ae type=PARAM function=FUN_02004f06@02004f06 (GhidraScript)  
INFO  V15DecoderAnalysis.java> EVIDENCE_REF phase=exhaustive from=02004f9a text=add r1,r4,#0x30c to=020575ba type=PARAM function=FUN_02004f06@02004f06 (GhidraScript)  
INFO  V15DecoderAnalysis.java> EVIDENCE_REF phase=exhaustive from=02004ff4 text=lh.z r3,[r2 ++= 2] to=0205772e type=READ function=FUN_02004f06@02004f06 (GhidraScript)  
INFO  V15DecoderAnalysis.java> EVIDENCE_REF phase=exhaustive from=02004ff4 text=lh.z r3,[r2 ++= 2] to=02057730 type=READ function=FUN_02004f06@02004f06 (GhidraScript)  
INFO  V15DecoderAnalysis.java> EVIDENCE_REF phase=exhaustive from=02005010 text=lh.z r5,[r3 ++= 2] to=02057738 type=READ function=FUN_02004f06@02004f06 (GhidraScript)  
INFO  V15DecoderAnalysis.java> EVIDENCE_REF phase=exhaustive from=02005010 text=lh.z r5,[r3 ++= 2] to=0205773a type=READ function=FUN_02004f06@02004f06 (GhidraScript)  
INFO  V15DecoderAnalysis.java> EVIDENCE_REF phase=exhaustive from=02005010 text=lh.z r5,[r3 ++= 2] to=0205773c type=PARAM function=FUN_02004f06@02004f06 (GhidraScript)  
INFO  V15DecoderAnalysis.java> EVIDENCE_REF phase=exhaustive from=02005026 text=lh.z r2,[r1 ++= 2] to=02057742 type=READ function=FUN_02004f06@02004f06 (GhidraScript)  
INFO  V15DecoderAnalysis.java> EVIDENCE_REF phase=exhaustive from=02005026 text=lh.z r2,[r1 ++= 2] to=02057744 type=READ function=FUN_02004f06@02004f06 (GhidraScript)  
ERROR Pcode error at 02005274: Could not find cached delayslot parser context (SleighInstructionPrototype)  
INFO  V15DecoderAnalysis.java> EVIDENCE_SCALAR phase=exhaustive at=02005296 value=02057250 text=mov r1,#0x2057250 function=- (GhidraScript)  
INFO  V15DecoderAnalysis.java> EVIDENCE_PCODE_CONST phase=exhaustive at=02005296 value=02057250 op=COPY text=mov r1,#0x2057250 function=- (GhidraScript)  
ERROR Pcode error at 020052ae: Could not find cached delayslot parser context (SleighInstructionPrototype)  
ERROR Pcode error at 02005324: Program does not contain referenced instruction: 02005326 (SleighInstructionPrototype)  
ERROR Pcode error at 020053c0: Could not find cached delayslot parser context (SleighInstructionPrototype)  
ERROR Pcode error at 02005480: Could not find cached delayslot parser context (SleighInstructionPrototype)  
ERROR Pcode error at 020054ce: Could not find cached delayslot parser context (SleighInstructionPrototype)  
ERROR Pcode error at 020054e6: Could not find cached delayslot parser context (SleighInstructionPrototype)  
ERROR Pcode error at 02005a98: Could not find cached delayslot parser context (SleighInstructionPrototype)  
INFO  V15DecoderAnalysis.java> EVIDENCE_SCALAR phase=exhaustive at=02005bfe value=02057250 text=mov r0,#0x2057250 function=- (GhidraScript)  
INFO  V15DecoderAnalysis.java> EVIDENCE_PCODE_CONST phase=exhaustive at=02005bfe value=02057250 op=COPY text=mov r0,#0x2057250 function=- (GhidraScript)  
ERROR Pcode error at 02005c66: Could not find cached delayslot parser context (SleighInstructionPrototype)  
INFO  V15DecoderAnalysis.java> EVIDENCE_SCALAR phase=exhaustive at=02005cd0 value=02057250 text=mov r1,#0x2057250 function=- (GhidraScript)  
INFO  V15DecoderAnalysis.java> EVIDENCE_PCODE_CONST phase=exhaustive at=02005cd0 value=02057250 op=COPY text=mov r1,#0x2057250 function=- (GhidraScript)  
ERROR Pcode error at 02005d06: Could not find cached delayslot parser context (SleighInstructionPrototype)  
INFO  V15DecoderAnalysis.java> EVIDENCE_SCALAR phase=exhaustive at=02005d2c value=02057250 text=mov r5,#0x2057250 function=- (GhidraScript)  
INFO  V15DecoderAnalysis.java> EVIDENCE_PCODE_CONST phase=exhaustive at=02005d2c value=02057250 op=COPY text=mov r5,#0x2057250 function=- (GhidraScript)  
INFO  V15DecoderAnalysis.java> EVIDENCE_SCALAR phase=exhaustive at=02005db2 value=02057250 text=mov r4,#0x2057250 function=- (GhidraScript)  
INFO  V15DecoderAnalysis.java> EVIDENCE_PCODE_CONST phase=exhaustive at=02005db2 value=02057250 op=COPY text=mov r4,#0x2057250 function=- (GhidraScript)  
INFO  V15DecoderAnalysis.java> EVIDENCE_SCALAR phase=exhaustive at=02005eca value=02057250 text=mov r0,#0x2057250 function=- (GhidraScript)  
INFO  V15DecoderAnalysis.java> EVIDENCE_PCODE_CONST phase=exhaustive at=02005eca value=02057250 op=COPY text=mov r0,#0x2057250 function=- (GhidraScript)  
INFO  V15DecoderAnalysis.java> EVIDENCE_REF phase=exhaustive from=02005ed2 text=add r0,r1,#0xa59 to=02057ca9 type=PARAM function=- (GhidraScript)  
INFO  V15DecoderAnalysis.java> EVIDENCE_REF phase=exhaustive from=02005ed6 text=add r1,#0x5e to=020572ae type=PARAM function=- (GhidraScript)  
INFO  V15DecoderAnalysis.java> EVIDENCE_SCALAR phase=exhaustive at=02006088 value=02057250 text=mov r12,#0x2057250 function=FUN_02005fac@02005fac (GhidraScript)  
INFO  V15DecoderAnalysis.java> EVIDENCE_PCODE_CONST phase=exhaustive at=02006088 value=02057250 op=COPY text=mov r12,#0x2057250 function=FUN_02005fac@02005fac (GhidraScript)  
INFO  V15DecoderAnalysis.java> EVIDENCE_SCALAR phase=exhaustive at=020067b4 value=02057250 text=mov r11,#0x2057250 function=- (GhidraScript)  
INFO  V15DecoderAnalysis.java> EVIDENCE_PCODE_CONST phase=exhaustive at=020067b4 value=02057250 op=COPY text=mov r11,#0x2057250 function=- (GhidraScript)  
INFO  V15DecoderAnalysis.java> EVIDENCE_REF phase=exhaustive from=020067ba text=add r2,r11,#0x49b to=020576eb type=PARAM function=- (GhidraScript)  
INFO  V15DecoderAnalysis.java> EVIDENCE_REF phase=exhaustive from=020067d6 text=mov r2,r8 to=020577a6 type=PARAM function=- (GhidraScript)  
INFO  V15DecoderAnalysis.java> EVIDENCE_REF phase=exhaustive from=0200686a text=add r0,r11,#0xae to=020572fe type=PARAM function=- (GhidraScript)  
INFO  V15DecoderAnalysis.java> EVIDENCE_REF phase=exhaustive from=02006d26 text=call r0 to=02057396 type=COMPUTED_CALL function=- (GhidraScript)  
INFO  V15DecoderAnalysis.java> EVIDENCE_SCALAR phase=exhaustive at=0200749e value=02057664 text=mov r7,#0x2057664 function=- (GhidraScript)  
INFO  V15DecoderAnalysis.java> EVIDENCE_PCODE_CONST phase=exhaustive at=0200749e value=02057664 op=COPY text=mov r7,#0x2057664 function=- (GhidraScript)  
INFO  V15DecoderAnalysis.java> EVIDENCE_REF phase=exhaustive from=020074ac text=lb.z r3,[r2 ++= 1] to=02057664 type=READ function=- (GhidraScript)  
INFO  V15DecoderAnalysis.java> EVIDENCE_REF phase=exhaustive from=020074ac text=lb.z r3,[r2 ++= 1] to=02057665 type=READ function=- (GhidraScript)  
INFO  V15DecoderAnalysis.java> EVIDENCE_REF phase=exhaustive from=020074ba text=lb.z r3,[r2 ++= 1] to=0205766d type=READ function=- (GhidraScript)  
INFO  V15DecoderAnalysis.java> EVIDENCE_REF phase=exhaustive from=020074ce text=lb.z r3,[r2 ++= 1] to=02057ace type=READ function=- (GhidraScript)  
INFO  V15DecoderAnalysis.java> EVIDENCE_REF phase=exhaustive from=020074ce text=lb.z r3,[r2 ++= 1] to=02057acf type=READ function=- (GhidraScript)  
INFO  V15DecoderAnalysis.java> EVIDENCE_REF phase=exhaustive from=020074e0 text=add r1,r7,#0xd30 to=02058394 type=PARAM function=- (GhidraScript)  
INFO  V15DecoderAnalysis.java> EVIDENCE_REF phase=exhaustive from=020074f0 text=add r1,r7,#0xd5d to=020583c1 type=PARAM function=- (GhidraScript)  
INFO  V15DecoderAnalysis.java> EVIDENCE_REF phase=exhaustive from=02007506 text=lb.z r2,[r1 ++= 1] to=020580e6 type=READ function=- (GhidraScript)  
INFO  V15DecoderAnalysis.java> EVIDENCE_REF phase=exhaustive from=02007506 text=lb.z r2,[r1 ++= 1] to=020580e7 type=READ function=- (GhidraScript)  
INFO  V15DecoderAnalysis.java> EVIDENCE_SCALAR phase=exhaustive at=0200763a value=0205761c text=mov r4,#0x205761c function=FUN_02007618@02007618 (GhidraScript)  
INFO  V15DecoderAnalysis.java> EVIDENCE_PCODE_CONST phase=exhaustive at=0200763a value=0205761c op=COPY text=mov r4,#0x205761c function=FUN_02007618@02007618 (GhidraScript)  
INFO  V15DecoderAnalysis.java> EVIDENCE_SCALAR phase=exhaustive at=020078bc value=0205761c text=mov r4,#0x205761c function=FUN_0200789a@0200789a (GhidraScript)  
INFO  V15DecoderAnalysis.java> EVIDENCE_PCODE_CONST phase=exhaustive at=020078bc value=0205761c op=COPY text=mov r4,#0x205761c function=FUN_0200789a@0200789a (GhidraScript)  
INFO  V15DecoderAnalysis.java> EVIDENCE_REF phase=exhaustive from=02007c34 text=mov r0,#0x205785b to=0205785b type=PARAM function=- (GhidraScript)  
INFO  V15DecoderAnalysis.java> EVIDENCE_SCALAR phase=exhaustive at=02007c34 value=0205785b text=mov r0,#0x205785b function=- (GhidraScript)  
INFO  V15DecoderAnalysis.java> EVIDENCE_PCODE_CONST phase=exhaustive at=02007c34 value=0205785b op=COPY text=mov r0,#0x205785b function=- (GhidraScript)  
INFO  V15DecoderAnalysis.java> EVIDENCE_REF phase=exhaustive from=02008136 text=mov r0,#0x205785b to=0205785b type=PARAM function=- (GhidraScript)  
INFO  V15DecoderAnalysis.java> EVIDENCE_SCALAR phase=exhaustive at=02008136 value=0205785b text=mov r0,#0x205785b function=- (GhidraScript)  
INFO  V15DecoderAnalysis.java> EVIDENCE_PCODE_CONST phase=exhaustive at=02008136 value=0205785b op=COPY text=mov r0,#0x205785b function=- (GhidraScript)  
INFO  V15DecoderAnalysis.java> EVIDENCE_SCALAR phase=exhaustive at=02008452 value=02057250 text=mov r9,#0x2057250 function=FUN_02008444@02008444 (GhidraScript)  
INFO  V15DecoderAnalysis.java> EVIDENCE_PCODE_CONST phase=exhaustive at=02008452 value=02057250 op=COPY text=mov r9,#0x2057250 function=FUN_02008444@02008444 (GhidraScript)  
INFO  V15DecoderAnalysis.java> EVIDENCE_REF phase=exhaustive from=02008486 text=add r0,r9,#0x60b to=0205785b type=PARAM function=FUN_02008444@02008444 (GhidraScript)  
INFO  V15DecoderAnalysis.java> EVIDENCE_REF phase=exhaustive from=02008576 text=add r0,r9,#0x60b to=0205785b type=PARAM function=FUN_02008444@02008444 (GhidraScript)  
INFO  V15DecoderAnalysis.java> EVIDENCE_REF phase=exhaustive from=020085ce text=lb.z r4,[r4 + r11] to=02057bd0 type=DATA function=FUN_02008444@02008444 (GhidraScript)  
INFO  V15DecoderAnalysis.java> EVIDENCE_REF phase=exhaustive from=0200868c text=add r0,r9,#0x60b to=0205785b type=PARAM function=FUN_02008444@02008444 (GhidraScript)  
INFO  V15DecoderAnalysis.java> EVIDENCE_SCALAR phase=exhaustive at=020086ea value=0205761c text=mov r0,#0x205761c function=FUN_020086be@020086be (GhidraScript)  
INFO  V15DecoderAnalysis.java> EVIDENCE_PCODE_CONST phase=exhaustive at=020086ea value=0205761c op=COPY text=mov r0,#0x205761c function=FUN_020086be@020086be (GhidraScript)  
INFO  V15DecoderAnalysis.java> EVIDENCE_SCALAR phase=exhaustive at=0200885c value=0205761c text=mov r0,#0x205761c function=FUN_020087e6@020087e6 (GhidraScript)  
INFO  V15DecoderAnalysis.java> EVIDENCE_PCODE_CONST phase=exhaustive at=0200885c value=0205761c op=COPY text=mov r0,#0x205761c function=FUN_020087e6@020087e6 (GhidraScript)  
INFO  V15DecoderAnalysis.java> EVIDENCE_REF phase=exhaustive from=02008f1a text=mov r3,#0x2057676 to=02057676 type=PARAM function=- (GhidraScript)  
INFO  V15DecoderAnalysis.java> EVIDENCE_SCALAR phase=exhaustive at=02008f1a value=02057676 text=mov r3,#0x2057676 function=- (GhidraScript)  
INFO  V15DecoderAnalysis.java> EVIDENCE_PCODE_CONST phase=exhaustive at=02008f1a value=02057676 op=COPY text=mov r3,#0x2057676 function=- (GhidraScript)  
INFO  V15DecoderAnalysis.java> EVIDENCE_REF phase=exhaustive from=02008f28 text=lb.z r5,[r2 ++= 1] to=02057676 type=READ function=- (GhidraScript)  
INFO  V15DecoderAnalysis.java> EVIDENCE_REF phase=exhaustive from=02008f28 text=lb.z r5,[r2 ++= 1] to=02057677 type=READ function=- (GhidraScript)  
INFO  V15DecoderAnalysis.java> EVIDENCE_REF phase=exhaustive from=02008f44 text=lb.z r5,[r2 ++= 1] to=0205787c type=READ function=- (GhidraScript)  
INFO  V15DecoderAnalysis.java> EVIDENCE_REF phase=exhaustive from=02008f44 text=lb.z r5,[r2 ++= 1] to=0205787d type=READ function=- (GhidraScript)  
INFO  V15DecoderAnalysis.java> EVIDENCE_REF phase=exhaustive from=02008f50 text=lb.z r5,[r2 ++= 1] to=0205770f type=READ function=- (GhidraScript)  
INFO  V15DecoderAnalysis.java> EVIDENCE_REF phase=exhaustive from=02008f50 text=lb.z r5,[r2 ++= 1] to=02057710 type=READ function=- (GhidraScript)  
INFO  V15DecoderAnalysis.java> EVIDENCE_REF phase=exhaustive from=02008f5c text=lb.z r5,[r2 ++= 1] to=0205767f type=READ function=- (GhidraScript)  
INFO  V15DecoderAnalysis.java> EVIDENCE_REF phase=exhaustive from=02008f5c text=lb.z r5,[r2 ++= 1] to=02057680 type=READ function=- (GhidraScript)  
INFO  V15DecoderAnalysis.java> EVIDENCE_SCALAR phase=exhaustive at=020092f4 value=02057502 text=mov r8,#0x2057502 function=- (GhidraScript)  
INFO  V15DecoderAnalysis.java> EVIDENCE_PCODE_CONST phase=exhaustive at=020092f4 value=02057502 op=COPY text=mov r8,#0x2057502 function=- (GhidraScript)  
INFO  V15DecoderAnalysis.java> EVIDENCE_REF phase=exhaustive from=02009306 text=lb.z r7,[r2 ++= 1] to=02057676 type=READ function=- (GhidraScript)  
INFO  V15DecoderAnalysis.java> EVIDENCE_REF phase=exhaustive from=02009306 text=lb.z r7,[r2 ++= 1] to=02057677 type=READ function=- (GhidraScript)  
INFO  V15DecoderAnalysis.java> EVIDENCE_REF phase=exhaustive from=02009318 text=lb.z r7,[r2 ++= 1] to=02057688 type=READ function=- (GhidraScript)  
INFO  V15DecoderAnalysis.java> EVIDENCE_REF phase=exhaustive from=02009318 text=lb.z r7,[r2 ++= 1] to=02057689 type=READ function=- (GhidraScript)  
INFO  V15DecoderAnalysis.java> EVIDENCE_REF phase=exhaustive from=02009332 text=lb.z r3,[r7 ++= 1] to=02057888 type=READ function=- (GhidraScript)  
INFO  V15DecoderAnalysis.java> EVIDENCE_REF phase=exhaustive from=02009332 text=lb.z r3,[r7 ++= 1] to=02057889 type=READ function=- (GhidraScript)  
INFO  V15DecoderAnalysis.java> EVIDENCE_REF phase=exhaustive from=0200933a text=lb.z r3,[r2 ++= 1] to=02057691 type=READ function=- (GhidraScript)  
INFO  V15DecoderAnalysis.java> EVIDENCE_REF phase=exhaustive from=0200933a text=lb.z r3,[r2 ++= 1] to=02057692 type=READ function=- (GhidraScript)  
INFO  V15DecoderAnalysis.java> EVIDENCE_REF phase=exhaustive from=02009346 text=lb.z r3,[r2 ++= 1] to=02057502 type=READ function=- (GhidraScript)  
INFO  V15DecoderAnalysis.java> EVIDENCE_REF phase=exhaustive from=02009346 text=lb.z r3,[r2 ++= 1] to=02057503 type=READ function=- (GhidraScript)  
INFO  V15DecoderAnalysis.java> EVIDENCE_REF phase=exhaustive from=02009350 text=lb.z r2,[r6 ++= 1] to=02057719 type=READ function=- (GhidraScript)  
INFO  V15DecoderAnalysis.java> EVIDENCE_REF phase=exhaustive from=02009350 text=lb.z r2,[r6 ++= 1] to=0205771a type=READ function=- (GhidraScript)  
INFO  V15DecoderAnalysis.java> EVIDENCE_SCALAR phase=exhaustive at=0200949c value=02057502 text=mov r8,#0x2057502 function=- (GhidraScript)  
INFO  V15DecoderAnalysis.java> EVIDENCE_PCODE_CONST phase=exhaustive at=0200949c value=02057502 op=COPY text=mov r8,#0x2057502 function=- (GhidraScript)  
INFO  V15DecoderAnalysis.java> EVIDENCE_REF phase=exhaustive from=020094b0 text=lb.z r6,[r1 ++= 1] to=02057676 type=READ function=- (GhidraScript)  
INFO  V15DecoderAnalysis.java> EVIDENCE_REF phase=exhaustive from=020094b0 text=lb.z r6,[r1 ++= 1] to=02057677 type=READ function=- (GhidraScript)  
INFO  V15DecoderAnalysis.java> EVIDENCE_REF phase=exhaustive from=020094c4 text=lb.z r6,[r2 ++= 1] to=02057723 type=READ function=- (GhidraScript)  
INFO  V15DecoderAnalysis.java> EVIDENCE_REF phase=exhaustive from=020094c4 text=lb.z r6,[r2 ++= 1] to=02057724 type=READ function=- (GhidraScript)  
INFO  V15DecoderAnalysis.java> EVIDENCE_REF phase=exhaustive from=020094f0 text=lb.z r6,[r2 ++= 1] to=0205787c type=READ function=- (GhidraScript)  
INFO  V15DecoderAnalysis.java> EVIDENCE_REF phase=exhaustive from=020094f0 text=lb.z r6,[r2 ++= 1] to=0205787d type=READ function=- (GhidraScript)  
INFO  V15DecoderAnalysis.java> EVIDENCE_REF phase=exhaustive from=020094fc text=lb.z r6,[r2 ++= 1] to=02057888 type=READ function=- (GhidraScript)  
INFO  V15DecoderAnalysis.java> EVIDENCE_REF phase=exhaustive from=020094fc text=lb.z r6,[r2 ++= 1] to=02057889 type=READ function=- (GhidraScript)  
INFO  V15DecoderAnalysis.java> EVIDENCE_REF phase=exhaustive from=0200963e text=mov r2,#0x20580c6 to=020580c6 type=PARAM function=- (GhidraScript)  
INFO  V15DecoderAnalysis.java> EVIDENCE_SCALAR phase=exhaustive at=0200963e value=020580c6 text=mov r2,#0x20580c6 function=- (GhidraScript)  
INFO  V15DecoderAnalysis.java> EVIDENCE_PCODE_CONST phase=exhaustive at=0200963e value=020580c6 op=COPY text=mov r2,#0x20580c6 function=- (GhidraScript)  
INFO  V15DecoderAnalysis.java> EVIDENCE_REF phase=exhaustive from=0200965c text=add r2,r2,#0x123 to=020581e9 type=PARAM function=- (GhidraScript)  
INFO  V15DecoderAnalysis.java> EVIDENCE_REF phase=exhaustive from=020096a6 text=}  add r2, r2, #0x1d6 to=0205829c type=PARAM function=- (GhidraScript)  
INFO  V15DecoderAnalysis.java> EVIDENCE_REF phase=exhaustive from=020096ba text=}  add r2, r2, #0x18e to=02058254 type=PARAM function=- (GhidraScript)  
INFO  V15DecoderAnalysis.java> EVIDENCE_SCALAR phase=exhaustive at=020098aa value=0205761c text=mov r0,#0x205761c function=- (GhidraScript)  
INFO  V15DecoderAnalysis.java> EVIDENCE_PCODE_CONST phase=exhaustive at=020098aa value=0205761c op=COPY text=mov r0,#0x205761c function=- (GhidraScript)  
ERROR Pcode error at 02009ba0: Could not find cached delayslot parser context (SleighInstructionPrototype)  
ERROR Pcode error at 0200c9ae: Program does not contain referenced instruction: 0200c9b2 (SleighInstructionPrototype)  
ERROR Pcode error at 0200c9c0: Program does not contain referenced instruction: 0200c9c2 (SleighInstructionPrototype)  
ERROR Pcode error at 0200d346: Program does not contain referenced instruction: 0200d34a (SleighInstructionPrototype)  
ERROR Pcode error at 0200f10e: Program does not contain referenced instruction: 0200f112 (SleighInstructionPrototype)  
ERROR Pcode error at 0200f2a0: Program does not contain referenced instruction: 0200f2a4 (SleighInstructionPrototype)  
INFO  V15DecoderAnalysis.java> EVIDENCE_SCALAR phase=exhaustive at=0201150c value=02057252 text=mov r13,#0x2057252 function=- (GhidraScript)  
INFO  V15DecoderAnalysis.java> EVIDENCE_PCODE_CONST phase=exhaustive at=0201150c value=02057252 op=COPY text=mov r13,#0x2057252 function=- (GhidraScript)  
INFO  V15DecoderAnalysis.java> EVIDENCE_SCALAR phase=exhaustive at=02013c8a value=02057250 text=mov r4,#0x2057250 function=FUN_02013c7a@02013c7a (GhidraScript)  
INFO  V15DecoderAnalysis.java> EVIDENCE_PCODE_CONST phase=exhaustive at=02013c8a value=02057250 op=COPY text=mov r4,#0x2057250 function=FUN_02013c7a@02013c7a (GhidraScript)  
INFO  V15DecoderAnalysis.java> EVIDENCE_REF phase=exhaustive from=02013cd2 text=lb.z r5,[r0 + 0x506] to=02057756 type=DATA function=FUN_02013c7a@02013c7a (GhidraScript)  
INFO  V15DecoderAnalysis.java> EVIDENCE_REF phase=exhaustive from=02013d26 text=lb.z r5,[r0 + r1] to=02057ade type=DATA function=FUN_02013c7a@02013c7a (GhidraScript)  
ERROR Pcode error at 02013f10: Program does not contain referenced instruction: 02013f14 (SleighInstructionPrototype)  
ERROR Pcode error at 02013f18: Program does not contain referenced instruction: 02013f1c (SleighInstructionPrototype)  
ERROR Pcode error at 02013f64: Program does not contain referenced instruction: 02013f68 (SleighInstructionPrototype)  
ERROR Pcode error at 02013f74: Program does not contain referenced instruction: 02013f76 (SleighInstructionPrototype)  
ERROR Pcode error at 020140ea: Program does not contain referenced instruction: 020140ec (SleighInstructionPrototype)  
ERROR Pcode error at 020141ca: Program does not contain referenced instruction: 020141cc (SleighInstructionPrototype)  
ERROR Pcode error at 02014228: Program does not contain referenced instruction: 0201422a (SleighInstructionPrototype)  
ERROR Pcode error at 02014924: Program does not contain referenced instruction: 02014926 (SleighInstructionPrototype)  
ERROR Pcode error at 02014936: Program does not contain referenced instruction: 02014938 (SleighInstructionPrototype)  
ERROR Pcode error at 020153d2: Program does not contain referenced instruction: 020153d6 (SleighInstructionPrototype)  
ERROR Pcode error at 02016258: Program does not contain referenced instruction: 0201625a (SleighInstructionPrototype)  
ERROR Pcode error at 02016634: Program does not contain referenced instruction: 02016636 (SleighInstructionPrototype)  
INFO  V15DecoderAnalysis.java> EVIDENCE_SCALAR phase=exhaustive at=02018774 value=02057f04 text=mov r5,#0x2057f04 function=- (GhidraScript)  
INFO  V15DecoderAnalysis.java> EVIDENCE_PCODE_CONST phase=exhaustive at=02018774 value=02057f04 op=COPY text=mov r5,#0x2057f04 function=- (GhidraScript)  
INFO  V15DecoderAnalysis.java> EVIDENCE_REF phase=exhaustive from=0201877a text=mov r0,r5 to=02057f04 type=PARAM function=- (GhidraScript)  
ERROR Pcode error at 02019684: Could not find cached delayslot parser context (SleighInstructionPrototype)  
ERROR Pcode error at 02019688: Delay Slot recursion problem for Instruction at 0201968a (SleighInstructionPrototype)  
ERROR Pcode error at 0201968a: Could not find cached delayslot parser context (SleighInstructionPrototype)  
ERROR Pcode error at 0201a204: Program does not contain referenced instruction: 0201a208 (SleighInstructionPrototype)  
ERROR Pcode error at 0201ae9c: Program does not contain referenced instruction: 0201aea0 (SleighInstructionPrototype)  
INFO  V15DecoderAnalysis.java> EVIDENCE_SCALAR phase=exhaustive at=0201bfa0 value=02057250 text=mov r13,#0x2057250 function=- (GhidraScript)  
INFO  V15DecoderAnalysis.java> EVIDENCE_PCODE_CONST phase=exhaustive at=0201bfa0 value=02057250 op=COPY text=mov r13,#0x2057250 function=- (GhidraScript)  
INFO  V15DecoderAnalysis.java> EVIDENCE_REF phase=exhaustive from=0201c214 text=lb.z r5,[r3 + r1] to=02057cbc type=READ function=- (GhidraScript)  
INFO  V15DecoderAnalysis.java> EVIDENCE_SCALAR phase=exhaustive at=0201c328 value=020572ab text=mov r8,#0x20572ab function=- (GhidraScript)  
INFO  V15DecoderAnalysis.java> EVIDENCE_PCODE_CONST phase=exhaustive at=0201c328 value=020572ab op=COPY text=mov r8,#0x20572ab function=- (GhidraScript)  
INFO  V15DecoderAnalysis.java> EVIDENCE_REF phase=exhaustive from=0201c352 text=lb.z r1,[r7 + -0x1] to=020572aa type=READ function=- (GhidraScript)  
INFO  V15DecoderAnalysis.java> EVIDENCE_REF phase=exhaustive from=0201c360 text=lb.z r14,[r7 + 0x0] to=020572ab type=READ function=- (GhidraScript)  
INFO  V15DecoderAnalysis.java> EVIDENCE_REF phase=exhaustive from=0201c40c text=lb.z r0,[r6 ++= 1] to=02057c85 type=READ function=- (GhidraScript)  
INFO  V15DecoderAnalysis.java> EVIDENCE_REF phase=exhaustive from=0201c552 text=mov r0,#0x205785b to=0205785b type=PARAM function=FUN_0201c4e4@0201c4e4 (GhidraScript)  
INFO  V15DecoderAnalysis.java> EVIDENCE_SCALAR phase=exhaustive at=0201c552 value=0205785b text=mov r0,#0x205785b function=FUN_0201c4e4@0201c4e4 (GhidraScript)  
INFO  V15DecoderAnalysis.java> EVIDENCE_PCODE_CONST phase=exhaustive at=0201c552 value=0205785b op=COPY text=mov r0,#0x205785b function=FUN_0201c4e4@0201c4e4 (GhidraScript)  
INFO  V15DecoderAnalysis.java> EVIDENCE_SCALAR phase=exhaustive at=0201c8b6 value=02057250 text=mov r8,#0x2057250 function=- (GhidraScript)  
INFO  V15DecoderAnalysis.java> EVIDENCE_PCODE_CONST phase=exhaustive at=0201c8b6 value=02057250 op=COPY text=mov r8,#0x2057250 function=- (GhidraScript)  
INFO  V15DecoderAnalysis.java> EVIDENCE_REF phase=exhaustive from=0201c96a text=lb.z r0,[r0 + r11] to=020575dc type=DATA function=- (GhidraScript)  
INFO  V15DecoderAnalysis.java> EVIDENCE_REF phase=exhaustive from=0201ca88 text=lb.z r2,[r0 + r2] to=020575dc type=DATA function=- (GhidraScript)  
INFO  V15DecoderAnalysis.java> EVIDENCE_SCALAR phase=exhaustive at=0201ccb6 value=02057250 text=mov r1,#0x2057250 function=- (GhidraScript)  
INFO  V15DecoderAnalysis.java> EVIDENCE_PCODE_CONST phase=exhaustive at=0201ccb6 value=02057250 op=COPY text=mov r1,#0x2057250 function=- (GhidraScript)  
INFO  V15DecoderAnalysis.java> EVIDENCE_REF phase=exhaustive from=0201ccc2 text=lb.z r10,[r0 + r1] to=020573b3 type=DATA function=- (GhidraScript)  
INFO  V15DecoderAnalysis.java> EVIDENCE_SCALAR phase=exhaustive at=0201ccda value=02057250 text=mov r1,#0x2057250 function=- (GhidraScript)  
INFO  V15DecoderAnalysis.java> EVIDENCE_PCODE_CONST phase=exhaustive at=0201ccda value=02057250 op=COPY text=mov r1,#0x2057250 function=- (GhidraScript)  
INFO  V15DecoderAnalysis.java> EVIDENCE_REF phase=exhaustive from=0201cce2 text=lb.z r0,[r0 + r9] to=02057f74 type=DATA function=- (GhidraScript)  
INFO  V15DecoderAnalysis.java> EVIDENCE_SCALAR phase=exhaustive at=0201cd54 value=02057250 text=mov r1,#0x2057250 function=- (GhidraScript)  
INFO  V15DecoderAnalysis.java> EVIDENCE_PCODE_CONST phase=exhaustive at=0201cd54 value=02057250 op=COPY text=mov r1,#0x2057250 function=- (GhidraScript)  
INFO  V15DecoderAnalysis.java> EVIDENCE_REF phase=exhaustive from=0201cd60 text=lb.z r7,[r0 + r1] to=020573b3 type=DATA function=- (GhidraScript)  
INFO  V15DecoderAnalysis.java> EVIDENCE_SCALAR phase=exhaustive at=0201cd7a value=02057250 text=mov r1,#0x2057250 function=- (GhidraScript)  
INFO  V15DecoderAnalysis.java> EVIDENCE_PCODE_CONST phase=exhaustive at=0201cd7a value=02057250 op=COPY text=mov r1,#0x2057250 function=- (GhidraScript)  
INFO  V15DecoderAnalysis.java> EVIDENCE_REF phase=exhaustive from=0201cd82 text=lb.z r0,[r0 + r9] to=02057f74 type=DATA function=- (GhidraScript)  
INFO  V15DecoderAnalysis.java> EVIDENCE_SCALAR phase=exhaustive at=0201cda8 value=02057250 text=mov r3,#0x2057250 function=- (GhidraScript)  
INFO  V15DecoderAnalysis.java> EVIDENCE_PCODE_CONST phase=exhaustive at=0201cda8 value=02057250 op=COPY text=mov r3,#0x2057250 function=- (GhidraScript)  
INFO  V15DecoderAnalysis.java> EVIDENCE_REF phase=exhaustive from=0201cdb6 text=lb.z r3,[r0 + r3] to=020575dc type=DATA function=- (GhidraScript)  
INFO  V15DecoderAnalysis.java> EVIDENCE_SCALAR phase=exhaustive at=0201cf0a value=02057250 text=mov r1,#0x2057250 function=- (GhidraScript)  
INFO  V15DecoderAnalysis.java> EVIDENCE_PCODE_CONST phase=exhaustive at=0201cf0a value=02057250 op=COPY text=mov r1,#0x2057250 function=- (GhidraScript)  
INFO  V15DecoderAnalysis.java> EVIDENCE_REF phase=exhaustive from=0201cf16 text=lb.z r10,[r0 + r1] to=020573b3 type=DATA function=- (GhidraScript)  
INFO  V15DecoderAnalysis.java> EVIDENCE_SCALAR phase=exhaustive at=0201cf2e value=02057250 text=mov r1,#0x2057250 function=- (GhidraScript)  
INFO  V15DecoderAnalysis.java> EVIDENCE_PCODE_CONST phase=exhaustive at=0201cf2e value=02057250 op=COPY text=mov r1,#0x2057250 function=- (GhidraScript)  
INFO  V15DecoderAnalysis.java> EVIDENCE_REF phase=exhaustive from=0201cf36 text=lb.z r0,[r0 + r15] to=02057f74 type=DATA function=- (GhidraScript)  
INFO  V15DecoderAnalysis.java> EVIDENCE_SCALAR phase=exhaustive at=0201cf88 value=02057250 text=mov r1,#0x2057250 function=- (GhidraScript)  
INFO  V15DecoderAnalysis.java> EVIDENCE_PCODE_CONST phase=exhaustive at=0201cf88 value=02057250 op=COPY text=mov r1,#0x2057250 function=- (GhidraScript)  
INFO  V15DecoderAnalysis.java> EVIDENCE_REF phase=exhaustive from=0201cf94 text=lb.z r6,[r0 + r1] to=020573b3 type=DATA function=- (GhidraScript)  
INFO  V15DecoderAnalysis.java> EVIDENCE_SCALAR phase=exhaustive at=0201cfac value=02057250 text=mov r1,#0x2057250 function=- (GhidraScript)  
INFO  V15DecoderAnalysis.java> EVIDENCE_PCODE_CONST phase=exhaustive at=0201cfac value=02057250 op=COPY text=mov r1,#0x2057250 function=- (GhidraScript)  
INFO  V15DecoderAnalysis.java> EVIDENCE_REF phase=exhaustive from=0201cfb4 text=lb.z r0,[r0 + r15] to=02057f74 type=DATA function=- (GhidraScript)  
INFO  V15DecoderAnalysis.java> EVIDENCE_SCALAR phase=exhaustive at=0201cfe8 value=02057250 text=mov r3,#0x2057250 function=- (GhidraScript)  
INFO  V15DecoderAnalysis.java> EVIDENCE_PCODE_CONST phase=exhaustive at=0201cfe8 value=02057250 op=COPY text=mov r3,#0x2057250 function=- (GhidraScript)  
INFO  V15DecoderAnalysis.java> EVIDENCE_REF phase=exhaustive from=0201cff6 text=lb.z r0,[r0 + r3] to=020575aa type=DATA function=- (GhidraScript)  
INFO  V15DecoderAnalysis.java> EVIDENCE_SCALAR phase=exhaustive at=0201d08c value=02057250 text=mov r12,#0x2057250 function=FUN_0201d074@0201d074 (GhidraScript)  
INFO  V15DecoderAnalysis.java> EVIDENCE_PCODE_CONST phase=exhaustive at=0201d08c value=02057250 op=COPY text=mov r12,#0x2057250 function=FUN_0201d074@0201d074 (GhidraScript)  
INFO  V15DecoderAnalysis.java> EVIDENCE_REF phase=exhaustive from=0201d0bc text=lb.z r6,[r0 + r1] to=020573b3 type=DATA function=FUN_0201d074@0201d074 (GhidraScript)  
INFO  V15DecoderAnalysis.java> EVIDENCE_REF phase=exhaustive from=0201d0de text=lb.z r0,[r0 + r14] to=02057f74 type=DATA function=FUN_0201d074@0201d074 (GhidraScript)  
INFO  V15DecoderAnalysis.java> EVIDENCE_REF phase=exhaustive from=0201d14e text=lb.z r4,[r0 + r1] to=020573b3 type=DATA function=FUN_0201d074@0201d074 (GhidraScript)  
INFO  V15DecoderAnalysis.java> EVIDENCE_REF phase=exhaustive from=0201d170 text=lb.z r0,[r0 + r13] to=02057f74 type=DATA function=FUN_0201d074@0201d074 (GhidraScript)  
INFO  V15DecoderAnalysis.java> EVIDENCE_SCALAR phase=exhaustive at=0201d5cc value=02057250 text=mov r2,#0x2057250 function=- (GhidraScript)  
INFO  V15DecoderAnalysis.java> EVIDENCE_PCODE_CONST phase=exhaustive at=0201d5cc value=02057250 op=COPY text=mov r2,#0x2057250 function=- (GhidraScript)  
INFO  V15DecoderAnalysis.java> EVIDENCE_REF phase=exhaustive from=0201d5d8 text=lb.z r2,[r0 + r2] to=020575dc type=DATA function=- (GhidraScript)  
INFO  V15DecoderAnalysis.java> EVIDENCE_SCALAR phase=exhaustive at=0201d666 value=02057250 text=mov r9,#0x2057250 function=- (GhidraScript)  
INFO  V15DecoderAnalysis.java> EVIDENCE_PCODE_CONST phase=exhaustive at=0201d666 value=02057250 op=COPY text=mov r9,#0x2057250 function=- (GhidraScript)  
INFO  V15DecoderAnalysis.java> EVIDENCE_REF phase=exhaustive from=0201d680 text=lb.z r10,[r0 + r2] to=02057b40 type=DATA function=- (GhidraScript)  
INFO  V15DecoderAnalysis.java> EVIDENCE_REF phase=exhaustive from=0201d6d8 text=lb.z r2,[r2 + r3] to=0205743b type=DATA function=- (GhidraScript)  
INFO  V15DecoderAnalysis.java> EVIDENCE_REF phase=exhaustive from=0201d73e text=lb.z r0,[r0 + r2] to=0205742f type=DATA function=- (GhidraScript)  
ERROR Pcode error at 0201d9b6: Program does not contain referenced instruction: 0201d9b8 (SleighInstructionPrototype)  
ERROR Pcode error at 0201d9d8: Program does not contain referenced instruction: 0201d9da (SleighInstructionPrototype)  
ERROR Pcode error at 0201da9e: Program does not contain referenced instruction: 0201daa0 (SleighInstructionPrototype)  
ERROR Pcode error at 0201dbaa: Program does not contain referenced instruction: 0201dbac (SleighInstructionPrototype)  
ERROR Pcode error at 0201dc58: Program does not contain referenced instruction: 0201dc5a (SleighInstructionPrototype)  
ERROR Pcode error at 0201dc7c: Program does not contain referenced instruction: 0201dc7e (SleighInstructionPrototype)  
INFO  V15DecoderAnalysis.java> EVIDENCE_SCALAR phase=exhaustive at=0201deb6 value=0205785b text=mov r0,#0x205785b function=FUN_0201de84@0201de84 (GhidraScript)  
INFO  V15DecoderAnalysis.java> EVIDENCE_PCODE_CONST phase=exhaustive at=0201deb6 value=0205785b op=COPY text=mov r0,#0x205785b function=FUN_0201de84@0201de84 (GhidraScript)  
INFO  V15DecoderAnalysis.java> EVIDENCE_SCALAR phase=exhaustive at=0201e042 value=02057b20 text=mov r4,#0x2057b20 function=- (GhidraScript)  
INFO  V15DecoderAnalysis.java> EVIDENCE_PCODE_CONST phase=exhaustive at=0201e042 value=02057b20 op=COPY text=mov r4,#0x2057b20 function=- (GhidraScript)  
INFO  V15DecoderAnalysis.java> EVIDENCE_REF phase=exhaustive from=0201e048 text=lh.z r1,[r4 + r1] to=02057b20 type=DATA function=- (GhidraScript)  
INFO  V15DecoderAnalysis.java> EVIDENCE_SCALAR phase=exhaustive at=0201f1f8 value=02057279 text=mov r13,#0x2057279 function=FUN_0201f1ac@0201f1ac (GhidraScript)  
INFO  V15DecoderAnalysis.java> EVIDENCE_PCODE_CONST phase=exhaustive at=0201f1f8 value=02057279 op=COPY text=mov r13,#0x2057279 function=FUN_0201f1ac@0201f1ac (GhidraScript)  
INFO  V15DecoderAnalysis.java> EVIDENCE_REF phase=exhaustive from=0201f1fe text=add r1,r13,#0xcdf to=02057f58 type=PARAM function=FUN_0201f1ac@0201f1ac (GhidraScript)  
INFO  V15DecoderAnalysis.java> EVIDENCE_REF phase=exhaustive from=0201f224 text=add r1,r13,#0x460 to=020576d9 type=PARAM function=FUN_0201f1ac@0201f1ac (GhidraScript)  
INFO  V15DecoderAnalysis.java> EVIDENCE_SCALAR phase=exhaustive at=0201f622 value=02057250 text=mov r13,#0x2057250 function=FUN_0201f5d8@0201f5d8 (GhidraScript)  
INFO  V15DecoderAnalysis.java> EVIDENCE_PCODE_CONST phase=exhaustive at=0201f622 value=02057250 op=COPY text=mov r13,#0x2057250 function=FUN_0201f5d8@0201f5d8 (GhidraScript)  
INFO  V15DecoderAnalysis.java> EVIDENCE_REF phase=exhaustive from=0201f62e text=add r1,r9,#0x38 to=02057f58 type=PARAM function=FUN_0201f5d8@0201f5d8 (GhidraScript)  
INFO  V15DecoderAnalysis.java> EVIDENCE_REF phase=exhaustive from=0201f654 text=add r1,r13,#0x177 to=020573c7 type=PARAM function=FUN_0201f5d8@0201f5d8 (GhidraScript)  
INFO  V15DecoderAnalysis.java> EVIDENCE_REF phase=exhaustive from=0201f67a text=mov r1,r11 to=02057f3c type=PARAM function=FUN_0201f5d8@0201f5d8 (GhidraScript)  
INFO  V15DecoderAnalysis.java> EVIDENCE_REF phase=exhaustive from=0201f6a4 text=add r1,r13,#0x181 to=020573d1 type=PARAM function=FUN_0201f5d8@0201f5d8 (GhidraScript)  
INFO  V15DecoderAnalysis.java> EVIDENCE_REF phase=exhaustive from=0201f6ce text=mov r1,r11 to=02057f3c type=PARAM function=FUN_0201f5d8@0201f5d8 (GhidraScript)  
INFO  V15DecoderAnalysis.java> EVIDENCE_REF phase=exhaustive from=0201f6fa text=add r1,r13,#0x74d to=0205799d type=PARAM function=FUN_0201f5d8@0201f5d8 (GhidraScript)  
INFO  V15DecoderAnalysis.java> EVIDENCE_REF phase=exhaustive from=0201f726 text=mov r1,r9 to=02057f20 type=PARAM function=FUN_0201f5d8@0201f5d8 (GhidraScript)  
INFO  V15DecoderAnalysis.java> EVIDENCE_REF phase=exhaustive from=0201f74e text=add r1,r13,#0x51a to=0205776a type=PARAM function=FUN_0201f5d8@0201f5d8 (GhidraScript)  
INFO  V15DecoderAnalysis.java> EVIDENCE_REF phase=exhaustive from=0201f80e text=lh.s r2,[r1 + r7] to=02057b50 type=READ function=FUN_0201f5d8@0201f5d8 (GhidraScript)  
INFO  V15DecoderAnalysis.java> EVIDENCE_REF phase=exhaustive from=0201f812 text=lh.s r3,[r1 + r6] to=02057b51 type=READ function=FUN_0201f5d8@0201f5d8 (GhidraScript)  
INFO  V15DecoderAnalysis.java> EVIDENCE_SCALAR phase=exhaustive at=0201f894 value=02057250 text=mov r11,#0x2057250 function=FUN_0201f84a@0201f84a (GhidraScript)  
INFO  V15DecoderAnalysis.java> EVIDENCE_PCODE_CONST phase=exhaustive at=0201f894 value=02057250 op=COPY text=mov r11,#0x2057250 function=FUN_0201f84a@0201f84a (GhidraScript)  
INFO  V15DecoderAnalysis.java> EVIDENCE_REF phase=exhaustive from=0201f89a text=add r1,r11,#0xd08 to=02057f58 type=PARAM function=FUN_0201f84a@0201f84a (GhidraScript)  
INFO  V15DecoderAnalysis.java> EVIDENCE_REF phase=exhaustive from=0201f8c2 text=add r1,r11,#0x22d to=0205747d type=PARAM function=FUN_0201f84a@0201f84a (GhidraScript)  
INFO  V15DecoderAnalysis.java> EVIDENCE_REF phase=exhaustive from=0201f950 text=mov r1,r10 to=02057f3c type=PARAM function=FUN_0201f84a@0201f84a (GhidraScript)  
INFO  V15DecoderAnalysis.java> EVIDENCE_REF phase=exhaustive from=0201f972 text=add r1,r11,#0x477 to=020576c7 type=PARAM function=FUN_0201f84a@0201f84a (GhidraScript)  
INFO  V15DecoderAnalysis.java> EVIDENCE_REF phase=exhaustive from=0201f996 text=mov r1,r10 to=02057f3c type=PARAM function=FUN_0201f84a@0201f84a (GhidraScript)  
INFO  V15DecoderAnalysis.java> EVIDENCE_REF phase=exhaustive from=0201f9c0 text=add r1,r11,#0x7e to=020572ce type=PARAM function=FUN_0201f84a@0201f84a (GhidraScript)  
INFO  V15DecoderAnalysis.java> EVIDENCE_REF phase=exhaustive from=0201f9e4 text=mov r1,r10 to=02057f3c type=PARAM function=FUN_0201f84a@0201f84a (GhidraScript)  
INFO  V15DecoderAnalysis.java> EVIDENCE_REF phase=exhaustive from=0201fa18 text=add r1,r11,#0x181 to=020573d1 type=PARAM function=FUN_0201f84a@0201f84a (GhidraScript)  
INFO  V15DecoderAnalysis.java> EVIDENCE_REF phase=exhaustive from=0201fa94 text=lh.s r2,[r6 + r13] to=02057c3c type=READ function=FUN_0201f84a@0201f84a (GhidraScript)  
INFO  V15DecoderAnalysis.java> EVIDENCE_REF phase=exhaustive from=0201fa98 text=lh.s r3,[r6 + r14] to=02057c3d type=READ function=FUN_0201f84a@0201f84a (GhidraScript)  
INFO  V15DecoderAnalysis.java> EVIDENCE_REF phase=exhaustive from=0201fb0c text=lh.s r2,[r6 + r8] to=020579ec type=READ function=FUN_0201f84a@0201f84a (GhidraScript)  
INFO  V15DecoderAnalysis.java> EVIDENCE_REF phase=exhaustive from=0201fb10 text=lh.s r3,[r6 + r10] to=020579ed type=READ function=FUN_0201f84a@0201f84a (GhidraScript)  
ERROR Pcode error at 0201fda6: Program does not contain referenced instruction: 0201fdaa (SleighInstructionPrototype)  
INFO  V15DecoderAnalysis.java> EVIDENCE_SCALAR phase=exhaustive at=0202038a value=02057250 text=mov r12,#0x2057250 function=FUN_02020376@02020376 (GhidraScript)  
INFO  V15DecoderAnalysis.java> EVIDENCE_PCODE_CONST phase=exhaustive at=0202038a value=02057250 op=COPY text=mov r12,#0x2057250 function=FUN_02020376@02020376 (GhidraScript)  
INFO  V15DecoderAnalysis.java> EVIDENCE_REF phase=exhaustive from=02020428 text=add r1,r4,#0x54 to=02057f58 type=PARAM function=FUN_02020376@02020376 (GhidraScript)  
INFO  V15DecoderAnalysis.java> EVIDENCE_REF phase=exhaustive from=0202044e text=add r1,r12,#0x215 to=02057465 type=PARAM function=FUN_02020376@02020376 (GhidraScript)  
INFO  V15DecoderAnalysis.java> EVIDENCE_REF phase=exhaustive from=0202046e text=add r1,r4,#0x38 to=02057f3c type=PARAM function=FUN_02020376@02020376 (GhidraScript)  
INFO  V15DecoderAnalysis.java> EVIDENCE_REF phase=exhaustive from=0202049c text=add r1,r12,#0x2c0 to=02057510 type=PARAM function=FUN_02020376@02020376 (GhidraScript)  
INFO  V15DecoderAnalysis.java> EVIDENCE_REF phase=exhaustive from=020204aa text=mov r0,r4 to=02057f04 type=PARAM function=FUN_02020376@02020376 (GhidraScript)  
INFO  V15DecoderAnalysis.java> EVIDENCE_REF phase=exhaustive from=02020580 text=add r1,r12,#0xd08 to=02057f58 type=PARAM function=FUN_02020376@02020376 (GhidraScript)  
INFO  V15DecoderAnalysis.java> EVIDENCE_REF phase=exhaustive from=020205a8 text=add r1,r12,#0x2b9 to=02057509 type=PARAM function=FUN_02020376@02020376 (GhidraScript)  
INFO  V15DecoderAnalysis.java> EVIDENCE_REF phase=exhaustive from=020205c8 text=add r1,r12,#0xcec to=02057f3c type=PARAM function=FUN_02020376@02020376 (GhidraScript)  
INFO  V15DecoderAnalysis.java> EVIDENCE_REF phase=exhaustive from=020205f6 text=add r1,r12,#0x2c0 to=02057510 type=PARAM function=FUN_02020376@02020376 (GhidraScript)  
INFO  V15DecoderAnalysis.java> EVIDENCE_REF phase=exhaustive from=020206f2 text=add r1,r12,#0xcd0 to=02057f20 type=PARAM function=FUN_02020376@02020376 (GhidraScript)  
INFO  V15DecoderAnalysis.java> EVIDENCE_REF phase=exhaustive from=02020728 text=add r1,r12,#0x6e to=020572be type=PARAM function=FUN_02020376@02020376 (GhidraScript)  
INFO  V15DecoderAnalysis.java> EVIDENCE_REF phase=exhaustive from=02020788 text=add r1,r12,#0xd08 to=02057f58 type=PARAM function=FUN_02020376@02020376 (GhidraScript)  
INFO  V15DecoderAnalysis.java> EVIDENCE_REF phase=exhaustive from=020207b0 text=add r1,r12,#0xa to=0205725a type=PARAM function=FUN_02020376@02020376 (GhidraScript)  
INFO  V15DecoderAnalysis.java> EVIDENCE_REF phase=exhaustive from=020208ac text=add r1,r12,#0xcec to=02057f3c type=PARAM function=FUN_02020376@02020376 (GhidraScript)  
INFO  V15DecoderAnalysis.java> EVIDENCE_REF phase=exhaustive from=020208e2 text=add r1,r12,#0x6e to=020572be type=PARAM function=FUN_02020376@02020376 (GhidraScript)  
INFO  V15DecoderAnalysis.java> EVIDENCE_REF phase=exhaustive from=02020946 text=mov r1,r8 to=02057f58 type=PARAM function=FUN_02020376@02020376 (GhidraScript)  
INFO  V15DecoderAnalysis.java> EVIDENCE_REF phase=exhaustive from=0202096c text=add r1,r12,#0x2d5 to=02057525 type=PARAM function=FUN_02020376@02020376 (GhidraScript)  
INFO  V15DecoderAnalysis.java> EVIDENCE_REF phase=exhaustive from=02020992 text=mov r1,r4 to=02057f3c type=PARAM function=FUN_02020376@02020376 (GhidraScript)  
INFO  V15DecoderAnalysis.java> EVIDENCE_REF phase=exhaustive from=020209b2 text=add r1,r12,#0x5df to=0205782f type=PARAM function=FUN_02020376@02020376 (GhidraScript)  
INFO  V15DecoderAnalysis.java> EVIDENCE_REF phase=exhaustive from=020209da text=mov r1,r4 to=02057f3c type=PARAM function=FUN_02020376@02020376 (GhidraScript)  
INFO  V15DecoderAnalysis.java> EVIDENCE_REF phase=exhaustive from=02020a00 text=add r1,r12,#0x26 to=02057276 type=PARAM function=FUN_02020376@02020376 (GhidraScript)  
INFO  V15DecoderAnalysis.java> EVIDENCE_REF phase=exhaustive from=02020a20 text=mov r1,r8 to=02057f58 type=PARAM function=FUN_02020376@02020376 (GhidraScript)  
INFO  V15DecoderAnalysis.java> EVIDENCE_REF phase=exhaustive from=02020a42 text=add r1,r12,#0xa to=0205725a type=PARAM function=FUN_02020376@02020376 (GhidraScript)  
INFO  V15DecoderAnalysis.java> EVIDENCE_REF phase=exhaustive from=02020a62 text=mov r1,r8 to=02057f58 type=PARAM function=FUN_02020376@02020376 (GhidraScript)  
INFO  V15DecoderAnalysis.java> EVIDENCE_REF phase=exhaustive from=02020a84 text=add r1,r12,#0x72 to=020572c2 type=PARAM function=FUN_02020376@02020376 (GhidraScript)  
INFO  V15DecoderAnalysis.java> EVIDENCE_REF phase=exhaustive from=02020aa4 text=mov r1,r8 to=02057f58 type=PARAM function=FUN_02020376@02020376 (GhidraScript)  
INFO  V15DecoderAnalysis.java> EVIDENCE_REF phase=exhaustive from=02020ac6 text=add r1,r12,#0x1d to=0205726d type=PARAM function=FUN_02020376@02020376 (GhidraScript)  
INFO  V15DecoderAnalysis.java> EVIDENCE_REF phase=exhaustive from=02020b3e text=lh.s r2,[r1 + r4] to=0205791a type=READ function=FUN_02020376@02020376 (GhidraScript)  
INFO  V15DecoderAnalysis.java> EVIDENCE_REF phase=exhaustive from=02020b42 text=lh.s r3,[r1 + r6] to=0205791b type=READ function=FUN_02020376@02020376 (GhidraScript)  
INFO  V15DecoderAnalysis.java> EVIDENCE_REF phase=exhaustive from=02020bac text=add r1,r12,#0xd08 to=02057f58 type=PARAM function=FUN_02020376@02020376 (GhidraScript)  
INFO  V15DecoderAnalysis.java> EVIDENCE_REF phase=exhaustive from=02020bd6 text=add r1,r12,#0x674 to=020578c4 type=PARAM function=FUN_02020376@02020376 (GhidraScript)  
INFO  V15DecoderAnalysis.java> EVIDENCE_REF phase=exhaustive from=02020c1a text=lh.s r7,[r2 + r6] to=02057a12 type=READ function=FUN_02020376@02020376 (GhidraScript)  
INFO  V15DecoderAnalysis.java> EVIDENCE_REF phase=exhaustive from=02020c38 text=mov r1,r5 to=02057f3c type=PARAM function=FUN_02020376@02020376 (GhidraScript)  
INFO  V15DecoderAnalysis.java> EVIDENCE_REF phase=exhaustive from=02020c58 text=lh.s r13,[r1 + r6] to=02057a20 type=READ function=FUN_02020376@02020376 (GhidraScript)  
INFO  V15DecoderAnalysis.java> EVIDENCE_REF phase=exhaustive from=02020c92 text=mov r1,r5 to=02057f3c type=PARAM function=FUN_02020376@02020376 (GhidraScript)  
INFO  V15DecoderAnalysis.java> EVIDENCE_REF phase=exhaustive from=02020cc8 text=add r1,r12,#0xc to=0205725c type=PARAM function=FUN_02020376@02020376 (GhidraScript)  
INFO  V15DecoderAnalysis.java> EVIDENCE_REF phase=exhaustive from=02020d08 text=mov r1,r5 to=02057f3c type=PARAM function=FUN_02020376@02020376 (GhidraScript)  
INFO  V15DecoderAnalysis.java> EVIDENCE_REF phase=exhaustive from=02020d3e text=add r1,r12,#0x8a to=020572da type=PARAM function=FUN_02020376@02020376 (GhidraScript)  
INFO  V15DecoderAnalysis.java> EVIDENCE_REF phase=exhaustive from=02020d96 text=add r1,r12,#0xd08 to=02057f58 type=PARAM function=FUN_02020376@02020376 (GhidraScript)  
INFO  V15DecoderAnalysis.java> EVIDENCE_REF phase=exhaustive from=02020dc0 text=add r1,r12,#0x6a4 to=020578f4 type=PARAM function=FUN_02020376@02020376 (GhidraScript)  
INFO  V15DecoderAnalysis.java> EVIDENCE_REF phase=exhaustive from=02020e04 text=lh.s r7,[r2 + r6] to=0205777e type=READ function=FUN_02020376@02020376 (GhidraScript)  
INFO  V15DecoderAnalysis.java> EVIDENCE_REF phase=exhaustive from=02020e22 text=mov r1,r5 to=02057f3c type=PARAM function=FUN_02020376@02020376 (GhidraScript)  
INFO  V15DecoderAnalysis.java> EVIDENCE_REF phase=exhaustive from=02020e42 text=lh.s r13,[r1 + r6] to=02057a20 type=READ function=FUN_02020376@02020376 (GhidraScript)  
INFO  V15DecoderAnalysis.java> EVIDENCE_REF phase=exhaustive from=02020e7c text=mov r1,r5 to=02057f3c type=PARAM function=FUN_02020376@02020376 (GhidraScript)  
INFO  V15DecoderAnalysis.java> EVIDENCE_REF phase=exhaustive from=02020eb2 text=add r1,r12,#0xc to=0205725c type=PARAM function=FUN_02020376@02020376 (GhidraScript)  
INFO  V15DecoderAnalysis.java> EVIDENCE_REF phase=exhaustive from=02020ef0 text=mov r1,r5 to=02057f3c type=PARAM function=FUN_02020376@02020376 (GhidraScript)  
INFO  V15DecoderAnalysis.java> EVIDENCE_REF phase=exhaustive from=02020f26 text=add r1,r12,#0x8a to=020572da type=PARAM function=FUN_02020376@02020376 (GhidraScript)  
INFO  V15DecoderAnalysis.java> EVIDENCE_REF phase=exhaustive from=02020f7e text=add r1,r12,#0xd08 to=02057f58 type=PARAM function=FUN_02020376@02020376 (GhidraScript)  
INFO  V15DecoderAnalysis.java> EVIDENCE_REF phase=exhaustive from=02020fae text=mov r1,r7 to=02057489 type=PARAM function=FUN_02020376@02020376 (GhidraScript)  
INFO  V15DecoderAnalysis.java> EVIDENCE_REF phase=exhaustive from=02020fee text=mov r1,r5 to=02057f3c type=PARAM function=FUN_02020376@02020376 (GhidraScript)  
INFO  V15DecoderAnalysis.java> EVIDENCE_REF phase=exhaustive from=02021012 text=add r1,r7,#0x6 to=0205748f type=PARAM function=FUN_02020376@02020376 (GhidraScript)  
INFO  V15DecoderAnalysis.java> EVIDENCE_REF phase=exhaustive from=0202102c text=mov r1,r5 to=02057f3c type=PARAM function=FUN_02020376@02020376 (GhidraScript)  
INFO  V15DecoderAnalysis.java> EVIDENCE_REF phase=exhaustive from=02021054 text=add r1,r12,#0x8 to=02057258 type=PARAM function=FUN_02020376@02020376 (GhidraScript)  
INFO  V15DecoderAnalysis.java> EVIDENCE_REF phase=exhaustive from=02021082 text=mov r1,r5 to=02057f3c type=PARAM function=FUN_02020376@02020376 (GhidraScript)  
INFO  V15DecoderAnalysis.java> EVIDENCE_REF phase=exhaustive from=020210a4 text=add r1,r12,#0x2f to=0205727f type=PARAM function=FUN_02020376@02020376 (GhidraScript)  
INFO  V15DecoderAnalysis.java> EVIDENCE_REF phase=exhaustive from=020210c4 text=mov r1,r5 to=02057f3c type=PARAM function=FUN_02020376@02020376 (GhidraScript)  
INFO  V15DecoderAnalysis.java> EVIDENCE_REF phase=exhaustive from=020210e6 text=add r1,r7,#0xb1 to=0205753a type=PARAM function=FUN_02020376@02020376 (GhidraScript)  
INFO  V15DecoderAnalysis.java> EVIDENCE_REF phase=exhaustive from=02021106 text=mov r1,r5 to=02057f3c type=PARAM function=FUN_02020376@02020376 (GhidraScript)  
INFO  V15DecoderAnalysis.java> EVIDENCE_REF phase=exhaustive from=02021128 text=add r1,r12,#0xa to=0205725a type=PARAM function=FUN_02020376@02020376 (GhidraScript)  
INFO  V15DecoderAnalysis.java> EVIDENCE_REF phase=exhaustive from=0202115e text=mov r1,r5 to=02057f3c type=PARAM function=FUN_02020376@02020376 (GhidraScript)  
INFO  V15DecoderAnalysis.java> EVIDENCE_REF phase=exhaustive from=02021180 text=add r1,r12,#0x20 to=02057270 type=PARAM function=FUN_02020376@02020376 (GhidraScript)  
INFO  V15DecoderAnalysis.java> EVIDENCE_REF phase=exhaustive from=020211ee text=lh.s r2,[r1 + r5] to=02057b80 type=READ function=FUN_02020376@02020376 (GhidraScript)  
INFO  V15DecoderAnalysis.java> EVIDENCE_REF phase=exhaustive from=020211f2 text=lh.s r3,[r1 + r6] to=02057b81 type=READ function=FUN_02020376@02020376 (GhidraScript)  
INFO  V15DecoderAnalysis.java> EVIDENCE_REF phase=exhaustive from=0202125e text=add r1,r12,#0xd08 to=02057f58 type=PARAM function=FUN_02020376@02020376 (GhidraScript)  
INFO  V15DecoderAnalysis.java> EVIDENCE_REF phase=exhaustive from=0202128e text=mov r1,r6 to=0205744d type=PARAM function=FUN_02020376@02020376 (GhidraScript)  
INFO  V15DecoderAnalysis.java> EVIDENCE_REF phase=exhaustive from=020212ce text=mov r1,r8 to=02057f3c type=PARAM function=FUN_02020376@02020376 (GhidraScript)  
INFO  V15DecoderAnalysis.java> EVIDENCE_REF phase=exhaustive from=020212ee text=add r1,r6,#0xf4 to=02057541 type=PARAM function=FUN_02020376@02020376 (GhidraScript)  
INFO  V15DecoderAnalysis.java> EVIDENCE_REF phase=exhaustive from=0202130e text=mov r1,r8 to=02057f3c type=PARAM function=FUN_02020376@02020376 (GhidraScript)  
INFO  V15DecoderAnalysis.java> EVIDENCE_REF phase=exhaustive from=02021334 text=add r1,r6,#0x6 to=02057453 type=PARAM function=FUN_02020376@02020376 (GhidraScript)  
INFO  V15DecoderAnalysis.java> EVIDENCE_REF phase=exhaustive from=0202134e text=mov r1,r8 to=02057f3c type=PARAM function=FUN_02020376@02020376 (GhidraScript)  
INFO  V15DecoderAnalysis.java> EVIDENCE_REF phase=exhaustive from=0202137c text=mov r1,r4 to=0205725a type=PARAM function=FUN_02020376@02020376 (GhidraScript)  
INFO  V15DecoderAnalysis.java> EVIDENCE_REF phase=exhaustive from=020213ae text=mov r1,r8 to=02057f3c type=PARAM function=FUN_02020376@02020376 (GhidraScript)  
INFO  V15DecoderAnalysis.java> EVIDENCE_REF phase=exhaustive from=020213d0 text=mov r1,r4 to=0205725a type=PARAM function=FUN_02020376@02020376 (GhidraScript)  
INFO  V15DecoderAnalysis.java> EVIDENCE_REF phase=exhaustive from=02021404 text=mov r1,r8 to=02057f3c type=PARAM function=FUN_02020376@02020376 (GhidraScript)  
INFO  V15DecoderAnalysis.java> EVIDENCE_REF phase=exhaustive from=02021426 text=add r1,r12,#0x2f to=0205727f type=PARAM function=FUN_02020376@02020376 (GhidraScript)  
INFO  V15DecoderAnalysis.java> EVIDENCE_REF phase=exhaustive from=02021446 text=mov r1,r8 to=02057f3c type=PARAM function=FUN_02020376@02020376 (GhidraScript)  
INFO  V15DecoderAnalysis.java> EVIDENCE_REF phase=exhaustive from=02021468 text=add r1,r12,#0x20 to=02057270 type=PARAM function=FUN_02020376@02020376 (GhidraScript)  
INFO  V15DecoderAnalysis.java> EVIDENCE_REF phase=exhaustive from=020214d6 text=lh.s r2,[r1 + r4] to=02057b80 type=READ function=FUN_02020376@02020376 (GhidraScript)  
INFO  V15DecoderAnalysis.java> EVIDENCE_REF phase=exhaustive from=020214da text=lh.s r3,[r1 + r5] to=02057b81 type=READ function=FUN_02020376@02020376 (GhidraScript)  
INFO  V15DecoderAnalysis.java> EVIDENCE_REF phase=exhaustive from=02021542 text=mov r1,r4 to=02057f58 type=PARAM function=FUN_02020376@02020376 (GhidraScript)  
INFO  V15DecoderAnalysis.java> EVIDENCE_REF phase=exhaustive from=02021568 text=add r1,r12,#0x54c to=0205779c type=PARAM function=FUN_02020376@02020376 (GhidraScript)  
INFO  V15DecoderAnalysis.java> EVIDENCE_REF phase=exhaustive from=02021588 text=mov r1,r4 to=02057f58 type=PARAM function=FUN_02020376@02020376 (GhidraScript)  
INFO  V15DecoderAnalysis.java> EVIDENCE_REF phase=exhaustive from=020215b2 text=add r1,r12,#0x8e to=020572de type=PARAM function=FUN_02020376@02020376 (GhidraScript)  
INFO  V15DecoderAnalysis.java> EVIDENCE_REF phase=exhaustive from=0202163c text=lh.s r2,[r1 + r4] to=02057b98 type=READ function=FUN_02020376@02020376 (GhidraScript)  
INFO  V15DecoderAnalysis.java> EVIDENCE_REF phase=exhaustive from=02021640 text=lh.s r3,[r1 + r5] to=02057b99 type=READ function=FUN_02020376@02020376 (GhidraScript)  
INFO  V15DecoderAnalysis.java> EVIDENCE_REF phase=exhaustive from=020216bc text=add r1,r12,#0xd08 to=02057f58 type=PARAM function=FUN_02020376@02020376 (GhidraScript)  
INFO  V15DecoderAnalysis.java> EVIDENCE_REF phase=exhaustive from=020216e2 text=add r1,r12,#0x492 to=020576e2 type=PARAM function=FUN_02020376@02020376 (GhidraScript)  
INFO  V15DecoderAnalysis.java> EVIDENCE_REF phase=exhaustive from=020218d6 text=add r1,r12,#0xd08 to=02057f58 type=PARAM function=FUN_02020376@02020376 (GhidraScript)  
INFO  V15DecoderAnalysis.java> EVIDENCE_REF phase=exhaustive from=02021900 text=add r1,r12,#0x209 to=02057459 type=PARAM function=FUN_02020376@02020376 (GhidraScript)  
INFO  V15DecoderAnalysis.java> EVIDENCE_REF phase=exhaustive from=0202191a text=add r1,r12,#0x644 to=02057894 type=PARAM function=FUN_02020376@02020376 (GhidraScript)  
INFO  V15DecoderAnalysis.java> EVIDENCE_REF phase=exhaustive from=0202194c text=add r1,r12,#0x650 to=020578a0 type=PARAM function=FUN_02020376@02020376 (GhidraScript)  
INFO  V15DecoderAnalysis.java> EVIDENCE_REF phase=exhaustive from=020219b0 text=mov r1,r5 to=02057f3c type=PARAM function=FUN_02020376@02020376 (GhidraScript)  
INFO  V15DecoderAnalysis.java> EVIDENCE_REF phase=exhaustive from=020219d0 text=lh.s r4,[r1 + r6] to=02057a20 type=READ function=FUN_02020376@02020376 (GhidraScript)  
INFO  V15DecoderAnalysis.java> EVIDENCE_REF phase=exhaustive from=02021a0a text=mov r1,r5 to=02057f3c type=PARAM function=FUN_02020376@02020376 (GhidraScript)  
INFO  V15DecoderAnalysis.java> EVIDENCE_REF phase=exhaustive from=02021a34 text=lh.s r2,[r1 + r6] to=02057a2e type=READ function=FUN_02020376@02020376 (GhidraScript)  
INFO  V15DecoderAnalysis.java> EVIDENCE_REF phase=exhaustive from=02021a46 text=add r1,r12,#0x7e to=020572ce type=PARAM function=FUN_02020376@02020376 (GhidraScript)  
INFO  V15DecoderAnalysis.java> EVIDENCE_REF phase=exhaustive from=02021a86 text=mov r1,r5 to=02057f3c type=PARAM function=FUN_02020376@02020376 (GhidraScript)  
INFO  V15DecoderAnalysis.java> EVIDENCE_REF phase=exhaustive from=02021abc text=add r1,r12,#0x8a to=020572da type=PARAM function=FUN_02020376@02020376 (GhidraScript)  
INFO  V15DecoderAnalysis.java> EVIDENCE_REF phase=exhaustive from=02021b4a text=add r1,r12,#0xd08 to=02057f58 type=PARAM function=FUN_02020376@02020376 (GhidraScript)  
INFO  V15DecoderAnalysis.java> EVIDENCE_REF phase=exhaustive from=02021b74 text=add r1,r12,#0x538 to=02057788 type=PARAM function=FUN_02020376@02020376 (GhidraScript)  
INFO  V15DecoderAnalysis.java> EVIDENCE_REF phase=exhaustive from=02021b8e text=add r1,r12,#0x644 to=02057894 type=PARAM function=FUN_02020376@02020376 (GhidraScript)  
INFO  V15DecoderAnalysis.java> EVIDENCE_REF phase=exhaustive from=02021bc0 text=add r1,r12,#0x650 to=020578a0 type=PARAM function=FUN_02020376@02020376 (GhidraScript)  
INFO  V15DecoderAnalysis.java> EVIDENCE_REF phase=exhaustive from=02021c24 text=mov r1,r7 to=02057f3c type=PARAM function=FUN_02020376@02020376 (GhidraScript)  
INFO  V15DecoderAnalysis.java> EVIDENCE_REF phase=exhaustive from=02021c44 text=lh.s r13,[r1 + r5] to=02057a20 type=READ function=FUN_02020376@02020376 (GhidraScript)  
INFO  V15DecoderAnalysis.java> EVIDENCE_REF phase=exhaustive from=02021c7e text=mov r1,r7 to=02057f3c type=PARAM function=FUN_02020376@02020376 (GhidraScript)  
INFO  V15DecoderAnalysis.java> EVIDENCE_REF phase=exhaustive from=02021cb4 text=add r1,r12,#0x8a to=020572da type=PARAM function=FUN_02020376@02020376 (GhidraScript)  
INFO  V15DecoderAnalysis.java> EVIDENCE_REF phase=exhaustive from=02021cd8 text=mov r1,r7 to=02057f3c type=PARAM function=FUN_02020376@02020376 (GhidraScript)  
INFO  V15DecoderAnalysis.java> EVIDENCE_REF phase=exhaustive from=02021d02 text=lh.s r2,[r1 + r5] to=02057a58 type=READ function=FUN_02020376@02020376 (GhidraScript)  
INFO  V15DecoderAnalysis.java> EVIDENCE_REF phase=exhaustive from=02021d14 text=add r1,r12,#0xc to=0205725c type=PARAM function=FUN_02020376@02020376 (GhidraScript)  
INFO  V15DecoderAnalysis.java> EVIDENCE_REF phase=exhaustive from=02021d9e text=add r1,r12,#0xd08 to=02057f58 type=PARAM function=FUN_02020376@02020376 (GhidraScript)  
INFO  V15DecoderAnalysis.java> EVIDENCE_REF phase=exhaustive from=02021dd0 text=add r1,r12,#0x5a8 to=020577f8 type=PARAM function=FUN_02020376@02020376 (GhidraScript)  
INFO  V15DecoderAnalysis.java> EVIDENCE_REF phase=exhaustive from=02021e56 text=lh.s r2,[r1 + r5] to=020572b2 type=READ function=FUN_02020376@02020376 (GhidraScript)  
INFO  V15DecoderAnalysis.java> EVIDENCE_REF phase=exhaustive from=02021ec2 text=add r1,r12,#0xd08 to=02057f58 type=PARAM function=FUN_02020376@02020376 (GhidraScript)  
INFO  V15DecoderAnalysis.java> EVIDENCE_REF phase=exhaustive from=02021eea text=add r1,r12,#0x492 to=020576e2 type=PARAM function=FUN_02020376@02020376 (GhidraScript)  
INFO  V15DecoderAnalysis.java> EVIDENCE_REF phase=exhaustive from=02021f18 text=mov r1,r4 to=02057f3c type=PARAM function=FUN_02020376@02020376 (GhidraScript)  
INFO  V15DecoderAnalysis.java> EVIDENCE_REF phase=exhaustive from=02021f40 text=add r1,r12,#0x5f5 to=02057845 type=PARAM function=FUN_02020376@02020376 (GhidraScript)  
INFO  V15DecoderAnalysis.java> EVIDENCE_REF phase=exhaustive from=02021f64 text=mov r1,r4 to=02057f3c type=PARAM function=FUN_02020376@02020376 (GhidraScript)  
INFO  V15DecoderAnalysis.java> EVIDENCE_REF phase=exhaustive from=02021f8c text=add r1,r12,#0x2f to=0205727f type=PARAM function=FUN_02020376@02020376 (GhidraScript)  
INFO  V15DecoderAnalysis.java> EVIDENCE_REF phase=exhaustive from=020220c4 text=add r1,r12,#0xd08 to=02057f58 type=PARAM function=FUN_02020376@02020376 (GhidraScript)  
INFO  V15DecoderAnalysis.java> EVIDENCE_REF phase=exhaustive from=020220ee text=add r1,r12,#0x46e to=020576be type=PARAM function=FUN_02020376@02020376 (GhidraScript)  
INFO  V15DecoderAnalysis.java> EVIDENCE_REF phase=exhaustive from=02022114 text=mov r1,r13 to=02057f3c type=PARAM function=FUN_02020376@02020376 (GhidraScript)  
INFO  V15DecoderAnalysis.java> EVIDENCE_REF phase=exhaustive from=02022138 text=add r1,r12,#0x5f5 to=02057845 type=PARAM function=FUN_02020376@02020376 (GhidraScript)  
INFO  V15DecoderAnalysis.java> EVIDENCE_REF phase=exhaustive from=02022158 text=mov r1,r13 to=02057f3c type=PARAM function=FUN_02020376@02020376 (GhidraScript)  
INFO  V15DecoderAnalysis.java> EVIDENCE_REF phase=exhaustive from=0202217e text=add r1,r12,#0x26 to=02057276 type=PARAM function=FUN_02020376@02020376 (GhidraScript)  
INFO  V15DecoderAnalysis.java> EVIDENCE_REF phase=exhaustive from=020221bc text=mov r1,r13 to=02057f3c type=PARAM function=FUN_02020376@02020376 (GhidraScript)  
INFO  V15DecoderAnalysis.java> EVIDENCE_REF phase=exhaustive from=020221f2 text=add r1,r12,#0xc to=0205725c type=PARAM function=FUN_02020376@02020376 (GhidraScript)  
INFO  V15DecoderAnalysis.java> EVIDENCE_REF phase=exhaustive from=0202225a text=lh.z r2,[r0 + r15] to=02057b69 type=READ function=FUN_02020376@02020376 (GhidraScript)  
INFO  V15DecoderAnalysis.java> EVIDENCE_REF phase=exhaustive from=02022264 text=lh.z r2,[r0 + r11] to=02057b68 type=READ function=FUN_02020376@02020376 (GhidraScript)  
INFO  V15DecoderAnalysis.java> EVIDENCE_REF phase=exhaustive from=0202232c text=mov r1,r5 to=02057f3c type=PARAM function=FUN_02020376@02020376 (GhidraScript)  
INFO  V15DecoderAnalysis.java> EVIDENCE_REF phase=exhaustive from=02022352 text=add r1,r12,#0x233 to=02057483 type=PARAM function=FUN_02020376@02020376 (GhidraScript)  
INFO  V15DecoderAnalysis.java> EVIDENCE_REF phase=exhaustive from=02022372 text=mov r1,r5 to=02057f3c type=PARAM function=FUN_02020376@02020376 (GhidraScript)  
INFO  V15DecoderAnalysis.java> EVIDENCE_REF phase=exhaustive from=020223a4 text=add r1,r12,#0x86 to=020572d6 type=PARAM function=FUN_02020376@02020376 (GhidraScript)  
INFO  V15DecoderAnalysis.java> EVIDENCE_REF phase=exhaustive from=020223c4 text=mov r1,r5 to=02057f3c type=PARAM function=FUN_02020376@02020376 (GhidraScript)  
INFO  V15DecoderAnalysis.java> EVIDENCE_REF phase=exhaustive from=020223e6 text=add r1,r12,#0x75a to=020579aa type=PARAM function=FUN_02020376@02020376 (GhidraScript)  
INFO  V15DecoderAnalysis.java> EVIDENCE_REF phase=exhaustive from=02022406 text=mov r1,r5 to=02057f3c type=PARAM function=FUN_02020376@02020376 (GhidraScript)  
INFO  V15DecoderAnalysis.java> EVIDENCE_REF phase=exhaustive from=02022432 text=add r1,r12,#0xc to=0205725c type=PARAM function=FUN_02020376@02020376 (GhidraScript)  
INFO  V15DecoderAnalysis.java> EVIDENCE_REF phase=exhaustive from=0202248c text=mov r1,r13 to=02057f3c type=PARAM function=FUN_02020376@02020376 (GhidraScript)  
INFO  V15DecoderAnalysis.java> EVIDENCE_REF phase=exhaustive from=020224b2 text=add r1,r12,#0xc to=0205725c type=PARAM function=FUN_02020376@02020376 (GhidraScript)  
INFO  V15DecoderAnalysis.java> EVIDENCE_REF phase=exhaustive from=02022504 text=mov r1,r13 to=02057f3c type=PARAM function=FUN_02020376@02020376 (GhidraScript)  
INFO  V15DecoderAnalysis.java> EVIDENCE_REF phase=exhaustive from=02022518 text=lh.z r1,[r1 + r6] to=02057a20 type=READ function=FUN_02020376@02020376 (GhidraScript)  
INFO  V15DecoderAnalysis.java> EVIDENCE_REF phase=exhaustive from=02022548 text=mov r1,r13 to=02057f3c type=PARAM function=FUN_02020376@02020376 (GhidraScript)  
INFO  V15DecoderAnalysis.java> EVIDENCE_REF phase=exhaustive from=02022586 text=add r1,r12,#0x394 to=020575e4 type=PARAM function=FUN_02020376@02020376 (GhidraScript)  
INFO  V15DecoderAnalysis.java> EVIDENCE_REF phase=exhaustive from=020225c6 text=add r1,r12,#0x8a to=020572da type=PARAM function=FUN_02020376@02020376 (GhidraScript)  
INFO  V15DecoderAnalysis.java> EVIDENCE_REF phase=exhaustive from=020225f6 text=add r1,r12,#0x2e3 to=02057533 type=PARAM function=FUN_02020376@02020376 (GhidraScript)  
INFO  V15DecoderAnalysis.java> EVIDENCE_REF phase=exhaustive from=02022622 text=mov r1,r13 to=02057f3c type=PARAM function=FUN_02020376@02020376 (GhidraScript)  
INFO  V15DecoderAnalysis.java> EVIDENCE_REF phase=exhaustive from=02022658 text=add r1,r12,#0x66 to=020572b6 type=PARAM function=FUN_02020376@02020376 (GhidraScript)  
INFO  V15DecoderAnalysis.java> EVIDENCE_REF phase=exhaustive from=02022696 text=add r1,r12,#0x14 to=02057264 type=PARAM function=FUN_02020376@02020376 (GhidraScript)  
INFO  V15DecoderAnalysis.java> EVIDENCE_REF phase=exhaustive from=020226b6 text=add r1,r12,#0x168 to=020573b8 type=PARAM function=FUN_02020376@02020376 (GhidraScript)  
INFO  V15DecoderAnalysis.java> EVIDENCE_REF phase=exhaustive from=020226e0 text=add r1,r12,#0x26 to=02057276 type=PARAM function=FUN_02020376@02020376 (GhidraScript)  
INFO  V15DecoderAnalysis.java> EVIDENCE_REF phase=exhaustive from=0202273a text=add r1,r12,#0xd08 to=02057f58 type=PARAM function=FUN_02020376@02020376 (GhidraScript)  
INFO  V15DecoderAnalysis.java> EVIDENCE_REF phase=exhaustive from=02022764 text=add r1,r12,#0x17 to=02057267 type=PARAM function=FUN_02020376@02020376 (GhidraScript)  
INFO  V15DecoderAnalysis.java> EVIDENCE_REF phase=exhaustive from=020227be text=mov r1,r5 to=02057f3c type=PARAM function=FUN_02020376@02020376 (GhidraScript)  
INFO  V15DecoderAnalysis.java> EVIDENCE_REF phase=exhaustive from=020227de text=lh.s r4,[r1 + r6] to=02057a20 type=READ function=FUN_02020376@02020376 (GhidraScript)  
INFO  V15DecoderAnalysis.java> EVIDENCE_REF phase=exhaustive from=02022818 text=mov r1,r5 to=02057f3c type=PARAM function=FUN_02020376@02020376 (GhidraScript)  
INFO  V15DecoderAnalysis.java> EVIDENCE_REF phase=exhaustive from=02022842 text=lh.s r2,[r1 + r6] to=02057756 type=READ function=FUN_02020376@02020376 (GhidraScript)  
INFO  V15DecoderAnalysis.java> EVIDENCE_REF phase=exhaustive from=02022854 text=add r1,r12,#0x1a to=0205726a type=PARAM function=FUN_02020376@02020376 (GhidraScript)  
INFO  V15DecoderAnalysis.java> EVIDENCE_REF phase=exhaustive from=02022894 text=mov r1,r5 to=02057f3c type=PARAM function=FUN_02020376@02020376 (GhidraScript)  
INFO  V15DecoderAnalysis.java> EVIDENCE_REF phase=exhaustive from=020228ca text=add r1,r12,#0x8a to=020572da type=PARAM function=FUN_02020376@02020376 (GhidraScript)  
INFO  V15DecoderAnalysis.java> EVIDENCE_REF phase=exhaustive from=02022920 text=add r1,r12,#0xd08 to=02057f58 type=PARAM function=FUN_02020376@02020376 (GhidraScript)  
INFO  V15DecoderAnalysis.java> EVIDENCE_REF phase=exhaustive from=0202294a text=add r1,r12,#0x16d to=020573bd type=PARAM function=FUN_02020376@02020376 (GhidraScript)  
INFO  V15DecoderAnalysis.java> EVIDENCE_REF phase=exhaustive from=020229c4 text=mov r1,r5 to=02057f3c type=PARAM function=FUN_02020376@02020376 (GhidraScript)  
INFO  V15DecoderAnalysis.java> EVIDENCE_REF phase=exhaustive from=020229e4 text=lh.s r7,[r1 + r4] to=02057a20 type=READ function=FUN_02020376@02020376 (GhidraScript)  
INFO  V15DecoderAnalysis.java> EVIDENCE_REF phase=exhaustive from=02022a26 text=mov r1,r5 to=02057f3c type=PARAM function=FUN_02020376@02020376 (GhidraScript)  
INFO  V15DecoderAnalysis.java> EVIDENCE_REF phase=exhaustive from=02022a50 text=lh.s r2,[r1 + r4] to=02057760 type=READ function=FUN_02020376@02020376 (GhidraScript)  
INFO  V15DecoderAnalysis.java> EVIDENCE_REF phase=exhaustive from=02022a62 text=add r1,r12,#0x6 to=02057256 type=PARAM function=FUN_02020376@02020376 (GhidraScript)  
INFO  V15DecoderAnalysis.java> EVIDENCE_REF phase=exhaustive from=02022aba text=mov r1,r5 to=02057f3c type=PARAM function=FUN_02020376@02020376 (GhidraScript)  
INFO  V15DecoderAnalysis.java> EVIDENCE_REF phase=exhaustive from=02022af0 text=add r1,r12,#0x8a to=020572da type=PARAM function=FUN_02020376@02020376 (GhidraScript)  
INFO  V15DecoderAnalysis.java> EVIDENCE_REF phase=exhaustive from=02022b94 text=mov r1,r5 to=02057f3c type=PARAM function=FUN_02020376@02020376 (GhidraScript)  
INFO  V15DecoderAnalysis.java> EVIDENCE_REF phase=exhaustive from=02022bc2 text=add r1,r12,#0xe3c to=0205808c type=PARAM function=FUN_02020376@02020376 (GhidraScript)  
INFO  V15DecoderAnalysis.java> EVIDENCE_REF phase=exhaustive from=02022bf8 text=mov r1,r5 to=02057f3c type=PARAM function=FUN_02020376@02020376 (GhidraScript)  
INFO  V15DecoderAnalysis.java> EVIDENCE_REF phase=exhaustive from=02022c0c text=lh.z r1,[r1 + r6] to=02057a20 type=READ function=FUN_02020376@02020376 (GhidraScript)  
INFO  V15DecoderAnalysis.java> EVIDENCE_REF phase=exhaustive from=02022c48 text=mov r1,r5 to=02057f3c type=PARAM function=FUN_02020376@02020376 (GhidraScript)  
INFO  V15DecoderAnalysis.java> EVIDENCE_REF phase=exhaustive from=02022c7e text=add r1,r12,#0x394 to=020575e4 type=PARAM function=FUN_02020376@02020376 (GhidraScript)  
INFO  V15DecoderAnalysis.java> EVIDENCE_REF phase=exhaustive from=02022ca0 text=add r1,r12,#0x8a to=020572da type=PARAM function=FUN_02020376@02020376 (GhidraScript)  
INFO  V15DecoderAnalysis.java> EVIDENCE_REF phase=exhaustive from=02022cfc text=add r1,r12,#0xd08 to=02057f58 type=PARAM function=FUN_02020376@02020376 (GhidraScript)  
INFO  V15DecoderAnalysis.java> EVIDENCE_REF phase=exhaustive from=02022d24 text=add r1,r12,#0x6e0 to=02057930 type=PARAM function=FUN_02020376@02020376 (GhidraScript)  
INFO  V15DecoderAnalysis.java> EVIDENCE_REF phase=exhaustive from=02022d4a text=mov r1,r4 to=02057f3c type=PARAM function=FUN_02020376@02020376 (GhidraScript)  
INFO  V15DecoderAnalysis.java> EVIDENCE_REF phase=exhaustive from=02022d6e text=add r1,r12,#0x30d to=0205755d type=PARAM function=FUN_02020376@02020376 (GhidraScript)  
INFO  V15DecoderAnalysis.java> EVIDENCE_REF phase=exhaustive from=02022d8e text=mov r1,r4 to=02057f3c type=PARAM function=FUN_02020376@02020376 (GhidraScript)  
INFO  V15DecoderAnalysis.java> EVIDENCE_REF phase=exhaustive from=02022de0 text=add r1,r12,0x10c4 to=02058314 type=PARAM function=FUN_02020376@02020376 (GhidraScript)  
INFO  V15DecoderAnalysis.java> EVIDENCE_REF phase=exhaustive from=02022e00 text=mov r1,r4 to=02057f3c type=PARAM function=FUN_02020376@02020376 (GhidraScript)  
INFO  V15DecoderAnalysis.java> EVIDENCE_REF phase=exhaustive from=02022e2c text=add r1,r12,#0xa01 to=02057c51 type=PARAM function=FUN_02020376@02020376 (GhidraScript)  
INFO  V15DecoderAnalysis.java> EVIDENCE_REF phase=exhaustive from=020232c4 text=add r1,r12,#0xcec to=02057f3c type=PARAM function=FUN_02020376@02020376 (GhidraScript)  
INFO  V15DecoderAnalysis.java> EVIDENCE_REF phase=exhaustive from=020232f0 text=add r1,r12,#0x6e to=020572be type=PARAM function=FUN_02020376@02020376 (GhidraScript)  
INFO  V15DecoderAnalysis.java> EVIDENCE_SCALAR phase=exhaustive at=02023378 value=02057250 text=mov r4,#0x2057250 function=FUN_02023376@02023376 (GhidraScript)  
INFO  V15DecoderAnalysis.java> EVIDENCE_PCODE_CONST phase=exhaustive at=02023378 value=02057250 op=COPY text=mov r4,#0x2057250 function=FUN_02023376@02023376 (GhidraScript)  
INFO  V15DecoderAnalysis.java> EVIDENCE_REF phase=exhaustive from=020233d2 text=lb.z r0,[r0 + r1] to=02057440 type=DATA function=FUN_02023376@02023376 (GhidraScript)  
INFO  V15DecoderAnalysis.java> EVIDENCE_REF phase=exhaustive from=020233d2 text=lb.z r0,[r0 + r1] to=02057446 type=READ function=FUN_02023376@02023376 (GhidraScript)  
INFO  V15DecoderAnalysis.java> EVIDENCE_REF phase=exhaustive from=020233d2 text=lb.z r0,[r0 + r1] to=02057445 type=READ function=FUN_02023376@02023376 (GhidraScript)  
INFO  V15DecoderAnalysis.java> EVIDENCE_REF phase=exhaustive from=020233d2 text=lb.z r0,[r0 + r1] to=02057444 type=READ function=FUN_02023376@02023376 (GhidraScript)  
INFO  V15DecoderAnalysis.java> EVIDENCE_REF phase=exhaustive from=020233d2 text=lb.z r0,[r0 + r1] to=02057442 type=READ function=FUN_02023376@02023376 (GhidraScript)  
INFO  V15DecoderAnalysis.java> EVIDENCE_REF phase=exhaustive from=020233d2 text=lb.z r0,[r0 + r1] to=02057441 type=READ function=FUN_02023376@02023376 (GhidraScript)  
INFO  V15DecoderAnalysis.java> EVIDENCE_REF phase=exhaustive from=020233de text=add r1,r4,#0xbe0 to=02057e30 type=PARAM function=FUN_02023376@02023376 (GhidraScript)  
INFO  V15DecoderAnalysis.java> EVIDENCE_SCALAR phase=exhaustive at=020234aa value=02057250 text=mov r9,#0x2057250 function=FUN_020234a4@020234a4 (GhidraScript)  
INFO  V15DecoderAnalysis.java> EVIDENCE_PCODE_CONST phase=exhaustive at=020234aa value=02057250 op=COPY text=mov r9,#0x2057250 function=FUN_020234a4@020234a4 (GhidraScript)  
INFO  V15DecoderAnalysis.java> EVIDENCE_REF phase=exhaustive from=020234f6 text=}  lb.z r6, [r6 + r10] to=02057bd0 type=DATA function=FUN_020234a4@020234a4 (GhidraScript)  
INFO  V15DecoderAnalysis.java> EVIDENCE_REF phase=exhaustive from=02023518 text=lb.z r6,[r6 + r10] to=02057bd0 type=READ function=FUN_020234a4@020234a4 (GhidraScript)  
INFO  V15DecoderAnalysis.java> EVIDENCE_REF phase=exhaustive from=020235a8 text=add r0,r9,#0x60b to=0205785b type=PARAM function=FUN_020234a4@020234a4 (GhidraScript)  
INFO  V15DecoderAnalysis.java> EVIDENCE_SCALAR phase=exhaustive at=020237f8 value=02057250 text=mov r10,#0x2057250 function=FUN_0202376a@0202376a (GhidraScript)  
INFO  V15DecoderAnalysis.java> EVIDENCE_PCODE_CONST phase=exhaustive at=020237f8 value=02057250 op=COPY text=mov r10,#0x2057250 function=FUN_0202376a@0202376a (GhidraScript)  
INFO  V15DecoderAnalysis.java> EVIDENCE_REF phase=exhaustive from=02023844 text=lb.z r4,[r0 + r1] to=020573b3 type=DATA function=FUN_0202376a@0202376a (GhidraScript)  
INFO  V15DecoderAnalysis.java> EVIDENCE_REF phase=exhaustive from=02023866 text=lb.z r0,[r0 + r15] to=02057f74 type=DATA function=FUN_0202376a@0202376a (GhidraScript)  
INFO  V15DecoderAnalysis.java> EVIDENCE_REF phase=exhaustive from=0202393c text=lb.z r5,[r0 + r1] to=020573b3 type=DATA function=FUN_0202376a@0202376a (GhidraScript)  
INFO  V15DecoderAnalysis.java> EVIDENCE_REF phase=exhaustive from=0202395e text=lb.z r0,[r0 + r11] to=02057f74 type=DATA function=FUN_0202376a@0202376a (GhidraScript)  
INFO  V15DecoderAnalysis.java> EVIDENCE_SCALAR phase=exhaustive at=020239aa value=02057250 text=mov r11,#0x2057250 function=FUN_02023988@02023988 (GhidraScript)  
INFO  V15DecoderAnalysis.java> EVIDENCE_PCODE_CONST phase=exhaustive at=020239aa value=02057250 op=COPY text=mov r11,#0x2057250 function=FUN_02023988@02023988 (GhidraScript)  
INFO  V15DecoderAnalysis.java> EVIDENCE_REF phase=exhaustive from=020239ea text=lb.z r5,[r1 + r3] to=020573b3 type=DATA function=FUN_02023988@02023988 (GhidraScript)  
INFO  V15DecoderAnalysis.java> EVIDENCE_REF phase=exhaustive from=02023a04 text=lb.z r0,[r0 + r14] to=02057f74 type=READ function=FUN_02023988@02023988 (GhidraScript)  
INFO  V15DecoderAnalysis.java> EVIDENCE_REF phase=exhaustive from=02023a92 text=lb.z r5,[r0 + r1] to=020573b3 type=DATA function=FUN_02023988@02023988 (GhidraScript)  
INFO  V15DecoderAnalysis.java> EVIDENCE_REF phase=exhaustive from=02023ab4 text=lb.z r0,[r0 + r12] to=02057f74 type=DATA function=FUN_02023988@02023988 (GhidraScript)  
INFO  V15DecoderAnalysis.java> EVIDENCE_SCALAR phase=exhaustive at=020245e8 value=02057250 text=mov r9,#0x2057250 function=FUN_020245ac@020245ac (GhidraScript)  
INFO  V15DecoderAnalysis.java> EVIDENCE_PCODE_CONST phase=exhaustive at=020245e8 value=02057250 op=COPY text=mov r9,#0x2057250 function=FUN_020245ac@020245ac (GhidraScript)  
INFO  V15DecoderAnalysis.java> EVIDENCE_SCALAR phase=exhaustive at=02024962 value=02057250 text=mov r8,#0x2057250 function=FUN_02024938@02024938 (GhidraScript)  
INFO  V15DecoderAnalysis.java> EVIDENCE_PCODE_CONST phase=exhaustive at=02024962 value=02057250 op=COPY text=mov r8,#0x2057250 function=FUN_02024938@02024938 (GhidraScript)  
INFO  V15DecoderAnalysis.java> EVIDENCE_REF phase=exhaustive from=02024968 text=add r1,r8,#0x2dc to=0205752c type=PARAM function=FUN_02024938@02024938 (GhidraScript)  
INFO  V15DecoderAnalysis.java> EVIDENCE_REF phase=exhaustive from=02024988 text=add r1,r8,#0x477 to=020576c7 type=PARAM function=FUN_02024938@02024938 (GhidraScript)  
INFO  V15DecoderAnalysis.java> EVIDENCE_REF phase=exhaustive from=02024996 text=add r1,r8,#0x5ea to=0205783a type=PARAM function=FUN_02024938@02024938 (GhidraScript)  
INFO  V15DecoderAnalysis.java> EVIDENCE_REF phase=exhaustive from=020249ae text=add r1,r8,#0x7a to=020572ca type=PARAM function=FUN_02024938@02024938 (GhidraScript)  
INFO  V15DecoderAnalysis.java> EVIDENCE_REF phase=exhaustive from=02024a28 text=lb.z r3,[r1 + r3] to=020578dc type=DATA function=FUN_02024938@02024938 (GhidraScript)  
INFO  V15DecoderAnalysis.java> EVIDENCE_REF phase=exhaustive from=02024a30 text=add r1,r8,#0x17c to=020573cc type=PARAM function=FUN_02024938@02024938 (GhidraScript)  
INFO  V15DecoderAnalysis.java> EVIDENCE_SCALAR phase=exhaustive at=02024a78 value=02057270 text=mov r8,#0x2057270 function=FUN_02024a5a@02024a5a (GhidraScript)  
INFO  V15DecoderAnalysis.java> EVIDENCE_PCODE_CONST phase=exhaustive at=02024a78 value=02057270 op=COPY text=mov r8,#0x2057270 function=FUN_02024a5a@02024a5a (GhidraScript)  
INFO  V15DecoderAnalysis.java> EVIDENCE_REF phase=exhaustive from=02024aae text=add r1,r8,#0x460 to=020576d0 type=PARAM function=FUN_02024a5a@02024a5a (GhidraScript)  
INFO  V15DecoderAnalysis.java> EVIDENCE_REF phase=exhaustive from=02024aba text=add r1,r8,#0xf to=0205727f type=PARAM function=FUN_02024a5a@02024a5a (GhidraScript)  
INFO  V15DecoderAnalysis.java> EVIDENCE_REF phase=exhaustive from=02024ad2 text=add r1,r8,#0x225 to=02057495 type=PARAM function=FUN_02024a5a@02024a5a (GhidraScript)  
INFO  V15DecoderAnalysis.java> EVIDENCE_REF phase=exhaustive from=02024ade text=mov r1,r8 to=02057270 type=PARAM function=FUN_02024a5a@02024a5a (GhidraScript)  
INFO  V15DecoderAnalysis.java> EVIDENCE_REF phase=exhaustive from=02024b40 text=add r1,r8,#0x3 to=02057273 type=PARAM function=FUN_02024a5a@02024a5a (GhidraScript)  
INFO  V15DecoderAnalysis.java> EVIDENCE_REF phase=exhaustive from=02024b58 text=add r1,r8,#0xb94 to=02057e04 type=PARAM function=FUN_02024a5a@02024a5a (GhidraScript)  
INFO  V15DecoderAnalysis.java> EVIDENCE_REF phase=exhaustive from=02024b64 text=add r1,r8,#0x6 to=02057276 type=PARAM function=FUN_02024a5a@02024a5a (GhidraScript)  
INFO  V15DecoderAnalysis.java> EVIDENCE_REF phase=exhaustive from=02024cc2 text=mov r1,r9 to=0205727c type=PARAM function=FUN_02024a5a@02024a5a (GhidraScript)  
INFO  V15DecoderAnalysis.java> EVIDENCE_REF phase=exhaustive from=02024ce0 text=mov r1,r9 to=0205727c type=PARAM function=FUN_02024a5a@02024a5a (GhidraScript)  
INFO  V15DecoderAnalysis.java> EVIDENCE_REF phase=exhaustive from=02024ce8 text=mov r1,r9 to=0205727c type=PARAM function=FUN_02024a5a@02024a5a (GhidraScript)  
INFO  V15DecoderAnalysis.java> EVIDENCE_REF phase=exhaustive from=02024cf4 text=mov r1,r9 to=0205727c type=PARAM function=FUN_02024a5a@02024a5a (GhidraScript)  
INFO  V15DecoderAnalysis.java> EVIDENCE_REF phase=exhaustive from=02024d00 text=mov r1,r9 to=0205727c type=PARAM function=FUN_02024a5a@02024a5a (GhidraScript)  
INFO  V15DecoderAnalysis.java> EVIDENCE_SCALAR phase=exhaustive at=02024d54 value=02057276 text=mov r4,#0x2057276 function=FUN_02024d4c@02024d4c (GhidraScript)  
INFO  V15DecoderAnalysis.java> EVIDENCE_PCODE_CONST phase=exhaustive at=02024d54 value=02057276 op=COPY text=mov r4,#0x2057276 function=FUN_02024d4c@02024d4c (GhidraScript)  
INFO  V15DecoderAnalysis.java> EVIDENCE_REF phase=exhaustive from=02024d68 text=add r1,r4,#0x7c6 to=02057a3c type=PARAM function=FUN_02024d4c@02024d4c (GhidraScript)  
INFO  V15DecoderAnalysis.java> EVIDENCE_REF phase=exhaustive from=02024d72 text=add r1,r4,#0x20d to=02057483 type=PARAM function=FUN_02024d4c@02024d4c (GhidraScript)  
INFO  V15DecoderAnalysis.java> EVIDENCE_REF phase=exhaustive from=02024d7e text=add r1,r4,#0x734 to=020579aa type=PARAM function=FUN_02024d4c@02024d4c (GhidraScript)  
INFO  V15DecoderAnalysis.java> EVIDENCE_REF phase=exhaustive from=02024d8c text=add r1,r4,#0x68a to=02057900 type=PARAM function=FUN_02024d4c@02024d4c (GhidraScript)  
INFO  V15DecoderAnalysis.java> EVIDENCE_REF phase=exhaustive from=02024d96 text=add r1,r4,#0x20d to=02057483 type=PARAM function=FUN_02024d4c@02024d4c (GhidraScript)  
INFO  V15DecoderAnalysis.java> EVIDENCE_REF phase=exhaustive from=02024da2 text=add r1,r4,#0x741 to=020579b7 type=PARAM function=FUN_02024d4c@02024d4c (GhidraScript)  
INFO  V15DecoderAnalysis.java> EVIDENCE_REF phase=exhaustive from=02024dae text=add r1,r4,#0x5c to=020572d2 type=PARAM function=FUN_02024d4c@02024d4c (GhidraScript)  
INFO  V15DecoderAnalysis.java> EVIDENCE_REF phase=exhaustive from=02024dbc text=add r1,r4,#0x7d4 to=02057a4a type=PARAM function=FUN_02024d4c@02024d4c (GhidraScript)  
INFO  V15DecoderAnalysis.java> EVIDENCE_REF phase=exhaustive from=02024dc6 text=add r1,r4,#0x20d to=02057483 type=PARAM function=FUN_02024d4c@02024d4c (GhidraScript)  
INFO  V15DecoderAnalysis.java> EVIDENCE_REF phase=exhaustive from=02024dd2 text=add r1,r4,#0x741 to=020579b7 type=PARAM function=FUN_02024d4c@02024d4c (GhidraScript)  
INFO  V15DecoderAnalysis.java> EVIDENCE_REF phase=exhaustive from=02024dde text=mov r1,r4 to=02057276 type=PARAM function=FUN_02024d4c@02024d4c (GhidraScript)  
INFO  V15DecoderAnalysis.java> EVIDENCE_REF phase=exhaustive from=0202516a text=mov r1,#0x2057250 to=02057250 type=PARAM function=- (GhidraScript)  
INFO  V15DecoderAnalysis.java> EVIDENCE_SCALAR phase=exhaustive at=0202516a value=02057250 text=mov r1,#0x2057250 function=- (GhidraScript)  
INFO  V15DecoderAnalysis.java> EVIDENCE_PCODE_CONST phase=exhaustive at=0202516a value=02057250 op=COPY text=mov r1,#0x2057250 function=- (GhidraScript)  
INFO  V15DecoderAnalysis.java> EVIDENCE_SCALAR phase=exhaustive at=02025286 value=02057250 text=mov r13,#0x2057250 function=- (GhidraScript)  
INFO  V15DecoderAnalysis.java> EVIDENCE_PCODE_CONST phase=exhaustive at=02025286 value=02057250 op=COPY text=mov r13,#0x2057250 function=- (GhidraScript)  
INFO  V15DecoderAnalysis.java> EVIDENCE_REF phase=exhaustive from=02025292 text=mov r1,r5 to=02057f3c type=PARAM function=- (GhidraScript)  
INFO  V15DecoderAnalysis.java> EVIDENCE_REF phase=exhaustive from=020252ba text=add r1,r13,#0x5c9 to=02057819 type=PARAM function=- (GhidraScript)  
INFO  V15DecoderAnalysis.java> EVIDENCE_REF phase=exhaustive from=0202532e text=add r1,r13,#0xd08 to=02057f58 type=PARAM function=- (GhidraScript)  
INFO  V15DecoderAnalysis.java> EVIDENCE_REF phase=exhaustive from=02025348 text=add r1,r13,#0x680 to=020578d0 type=PARAM function=- (GhidraScript)  
INFO  V15DecoderAnalysis.java> EVIDENCE_REF phase=exhaustive from=020253b0 text=mov r1,r5 to=02057f3c type=PARAM function=- (GhidraScript)  
INFO  V15DecoderAnalysis.java> EVIDENCE_REF phase=exhaustive from=020253c4 text=add r1,r13,#0xa7f to=02057ccf type=PARAM function=- (GhidraScript)  
INFO  V15DecoderAnalysis.java> EVIDENCE_REF phase=exhaustive from=0202542c text=mov r1,r5 to=02057f3c type=PARAM function=- (GhidraScript)  
INFO  V15DecoderAnalysis.java> EVIDENCE_REF phase=exhaustive from=02025440 text=add r1,r13,#0xfbb to=0205820b type=PARAM function=- (GhidraScript)  
INFO  V15DecoderAnalysis.java> EVIDENCE_SCALAR phase=exhaustive at=02025654 value=02057250 text=mov r1,#0x2057250 function=- (GhidraScript)  
INFO  V15DecoderAnalysis.java> EVIDENCE_PCODE_CONST phase=exhaustive at=02025654 value=02057250 op=COPY text=mov r1,#0x2057250 function=- (GhidraScript)  
INFO  V15DecoderAnalysis.java> EVIDENCE_REF phase=exhaustive from=02025854 text=mov r2,#0x2057250 to=02057250 type=PARAM function=- (GhidraScript)  
INFO  V15DecoderAnalysis.java> EVIDENCE_SCALAR phase=exhaustive at=02025854 value=02057250 text=mov r2,#0x2057250 function=- (GhidraScript)  
INFO  V15DecoderAnalysis.java> EVIDENCE_PCODE_CONST phase=exhaustive at=02025854 value=02057250 op=COPY text=mov r2,#0x2057250 function=- (GhidraScript)  
INFO  V15DecoderAnalysis.java> EVIDENCE_SCALAR phase=exhaustive at=02025eb6 value=02057250 text=mov r0,#0x2057250 function=- (GhidraScript)  
INFO  V15DecoderAnalysis.java> EVIDENCE_PCODE_CONST phase=exhaustive at=02025eb6 value=02057250 op=COPY text=mov r0,#0x2057250 function=- (GhidraScript)  
INFO  V15DecoderAnalysis.java> EVIDENCE_SCALAR phase=exhaustive at=020260ae value=02057250 text=mov r0,#0x2057250 function=- (GhidraScript)  
INFO  V15DecoderAnalysis.java> EVIDENCE_PCODE_CONST phase=exhaustive at=020260ae value=02057250 op=COPY text=mov r0,#0x2057250 function=- (GhidraScript)  
INFO  V15DecoderAnalysis.java> EVIDENCE_SCALAR phase=exhaustive at=020264ae value=02057250 text=mov r0,#0x2057250 function=- (GhidraScript)  
INFO  V15DecoderAnalysis.java> EVIDENCE_PCODE_CONST phase=exhaustive at=020264ae value=02057250 op=COPY text=mov r0,#0x2057250 function=- (GhidraScript)  
INFO  V15DecoderAnalysis.java> EVIDENCE_SCALAR phase=exhaustive at=020264d6 value=02057250 text=mov r0,#0x2057250 function=- (GhidraScript)  
INFO  V15DecoderAnalysis.java> EVIDENCE_PCODE_CONST phase=exhaustive at=020264d6 value=02057250 op=COPY text=mov r0,#0x2057250 function=- (GhidraScript)  
INFO  V15DecoderAnalysis.java> EVIDENCE_SCALAR phase=exhaustive at=020264e8 value=02057250 text=mov r0,#0x2057250 function=- (GhidraScript)  
INFO  V15DecoderAnalysis.java> EVIDENCE_PCODE_CONST phase=exhaustive at=020264e8 value=02057250 op=COPY text=mov r0,#0x2057250 function=- (GhidraScript)  
INFO  V15DecoderAnalysis.java> EVIDENCE_SCALAR phase=exhaustive at=02026508 value=02057250 text=mov r0,#0x2057250 function=- (GhidraScript)  
INFO  V15DecoderAnalysis.java> EVIDENCE_PCODE_CONST phase=exhaustive at=02026508 value=02057250 op=COPY text=mov r0,#0x2057250 function=- (GhidraScript)  
INFO  V15DecoderAnalysis.java> EVIDENCE_SCALAR phase=exhaustive at=0202654e value=02057250 text=mov r0,#0x2057250 function=- (GhidraScript)  
INFO  V15DecoderAnalysis.java> EVIDENCE_PCODE_CONST phase=exhaustive at=0202654e value=02057250 op=COPY text=mov r0,#0x2057250 function=- (GhidraScript)  
INFO  V15DecoderAnalysis.java> EVIDENCE_SCALAR phase=exhaustive at=02026574 value=02057250 text=mov r1,#0x2057250 function=- (GhidraScript)  
INFO  V15DecoderAnalysis.java> EVIDENCE_PCODE_CONST phase=exhaustive at=02026574 value=02057250 op=COPY text=mov r1,#0x2057250 function=- (GhidraScript)  
INFO  V15DecoderAnalysis.java> EVIDENCE_SCALAR phase=exhaustive at=020269b8 value=02057250 text=mov r0,#0x2057250 function=- (GhidraScript)  
INFO  V15DecoderAnalysis.java> EVIDENCE_PCODE_CONST phase=exhaustive at=020269b8 value=02057250 op=COPY text=mov r0,#0x2057250 function=- (GhidraScript)  
INFO  V15DecoderAnalysis.java> EVIDENCE_SCALAR phase=exhaustive at=020269d0 value=02057250 text=mov r0,#0x2057250 function=- (GhidraScript)  
INFO  V15DecoderAnalysis.java> EVIDENCE_PCODE_CONST phase=exhaustive at=020269d0 value=02057250 op=COPY text=mov r0,#0x2057250 function=- (GhidraScript)  
INFO  V15DecoderAnalysis.java> EVIDENCE_SCALAR phase=exhaustive at=02026b1c value=02057250 text=mov r0,#0x2057250 function=- (GhidraScript)  
INFO  V15DecoderAnalysis.java> EVIDENCE_PCODE_CONST phase=exhaustive at=02026b1c value=02057250 op=COPY text=mov r0,#0x2057250 function=- (GhidraScript)  
INFO  V15DecoderAnalysis.java> EVIDENCE_SCALAR phase=exhaustive at=02026cbe value=02057250 text=mov r0,#0x2057250 function=- (GhidraScript)  
INFO  V15DecoderAnalysis.java> EVIDENCE_PCODE_CONST phase=exhaustive at=02026cbe value=02057250 op=COPY text=mov r0,#0x2057250 function=- (GhidraScript)  
INFO  V15DecoderAnalysis.java> EVIDENCE_SCALAR phase=exhaustive at=02026cd0 value=02057250 text=mov r0,#0x2057250 function=- (GhidraScript)  
INFO  V15DecoderAnalysis.java> EVIDENCE_PCODE_CONST phase=exhaustive at=02026cd0 value=02057250 op=COPY text=mov r0,#0x2057250 function=- (GhidraScript)  
INFO  V15DecoderAnalysis.java> EVIDENCE_SCALAR phase=exhaustive at=020274fe value=02057250 text=mov r6,#0x2057250 function=- (GhidraScript)  
INFO  V15DecoderAnalysis.java> EVIDENCE_PCODE_CONST phase=exhaustive at=020274fe value=02057250 op=COPY text=mov r6,#0x2057250 function=- (GhidraScript)  
INFO  V15DecoderAnalysis.java> EVIDENCE_REF phase=exhaustive from=020276ac text=add r1,r6,#0x221 to=02057471 type=PARAM function=- (GhidraScript)  
INFO  V15DecoderAnalysis.java> EVIDENCE_REF phase=exhaustive from=020276c0 text=add r1,r6,#0x465 to=020576b5 type=PARAM function=- (GhidraScript)  
INFO  V15DecoderAnalysis.java> EVIDENCE_REF phase=exhaustive from=020276f6 text=add r1,r6,#0x221 to=02057471 type=PARAM function=- (GhidraScript)  
INFO  V15DecoderAnalysis.java> EVIDENCE_REF phase=exhaustive from=02027716 text=add r1,r6,#0x5d4 to=02057824 type=PARAM function=- (GhidraScript)  
INFO  V15DecoderAnalysis.java> EVIDENCE_REF phase=exhaustive from=02027794 text=mov r1,r5 to=020572c6 type=PARAM function=- (GhidraScript)  
INFO  V15DecoderAnalysis.java> EVIDENCE_REF phase=exhaustive from=0202779a text=mov r1,r5 to=020572c6 type=PARAM function=- (GhidraScript)  
INFO  V15DecoderAnalysis.java> EVIDENCE_REF phase=exhaustive from=020277a6 text=add r1,r6,#0xb87 to=02057dd7 type=PARAM function=- (GhidraScript)  
INFO  V15DecoderAnalysis.java> EVIDENCE_REF phase=exhaustive from=020277d4 text=add r2,r6,0x1028 to=02058278 type=PARAM function=- (GhidraScript)  
INFO  V15DecoderAnalysis.java> EVIDENCE_REF phase=exhaustive from=020277f8 text=mov r1,r4 to=0205727c type=PARAM function=- (GhidraScript)  
INFO  V15DecoderAnalysis.java> EVIDENCE_REF phase=exhaustive from=020277fe text=mov r1,r4 to=0205727c type=PARAM function=- (GhidraScript)  
INFO  V15DecoderAnalysis.java> EVIDENCE_REF phase=exhaustive from=0202780a text=mov r1,r4 to=0205727c type=PARAM function=- (GhidraScript)  
INFO  V15DecoderAnalysis.java> EVIDENCE_REF phase=exhaustive from=02027816 text=mov r1,r4 to=0205727c type=PARAM function=- (GhidraScript)  
INFO  V15DecoderAnalysis.java> EVIDENCE_SCALAR phase=exhaustive at=0202789a value=02057250 text=mov r1,#0x2057250 function=- (GhidraScript)  
INFO  V15DecoderAnalysis.java> EVIDENCE_PCODE_CONST phase=exhaustive at=0202789a value=02057250 op=COPY text=mov r1,#0x2057250 function=- (GhidraScript)  
INFO  V15DecoderAnalysis.java> EVIDENCE_REF phase=exhaustive from=020278a6 text=mov r1,r4 to=0205727c type=PARAM function=- (GhidraScript)  
INFO  V15DecoderAnalysis.java> EVIDENCE_REF phase=exhaustive from=020278ac text=mov r1,r4 to=0205727c type=PARAM function=- (GhidraScript)  
INFO  V15DecoderAnalysis.java> EVIDENCE_REF phase=exhaustive from=020278b8 text=mov r1,r4 to=0205727c type=PARAM function=- (GhidraScript)  
INFO  V15DecoderAnalysis.java> EVIDENCE_SCALAR phase=exhaustive at=020278c6 value=02057250 text=mov r1,#0x2057250 function=- (GhidraScript)  
INFO  V15DecoderAnalysis.java> EVIDENCE_PCODE_CONST phase=exhaustive at=020278c6 value=02057250 op=COPY text=mov r1,#0x2057250 function=- (GhidraScript)  
INFO  V15DecoderAnalysis.java> EVIDENCE_SCALAR phase=exhaustive at=020278de value=02057250 text=mov r6,#0x2057250 function=- (GhidraScript)  
INFO  V15DecoderAnalysis.java> EVIDENCE_PCODE_CONST phase=exhaustive at=020278de value=02057250 op=COPY text=mov r6,#0x2057250 function=- (GhidraScript)  
INFO  V15DecoderAnalysis.java> EVIDENCE_REF phase=exhaustive from=02027a36 text=lb.z r1,[r1 + r2] to=02057fc8 type=DATA function=- (GhidraScript)  
INFO  V15DecoderAnalysis.java> EVIDENCE_REF phase=exhaustive from=02027a66 text=add r2,r6,#0xf18 to=02058168 type=PARAM function=- (GhidraScript)  
INFO  V15DecoderAnalysis.java> EVIDENCE_REF phase=exhaustive from=02027ad4 text=add r1,r6,#0x781 to=020579d1 type=PARAM function=- (GhidraScript)  
INFO  V15DecoderAnalysis.java> EVIDENCE_SCALAR phase=exhaustive at=02027b2a value=02057250 text=mov r6,#0x2057250 function=- (GhidraScript)  
INFO  V15DecoderAnalysis.java> EVIDENCE_PCODE_CONST phase=exhaustive at=02027b2a value=02057250 op=COPY text=mov r6,#0x2057250 function=- (GhidraScript)  
INFO  V15DecoderAnalysis.java> EVIDENCE_REF phase=exhaustive from=02027cbe text=add r1,r6,#0x8a to=020572da type=PARAM function=- (GhidraScript)  
INFO  V15DecoderAnalysis.java> EVIDENCE_REF phase=exhaustive from=02027d1e text=add r1,r6,#0x26 to=02057276 type=PARAM function=- (GhidraScript)  
INFO  V15DecoderAnalysis.java> EVIDENCE_REF phase=exhaustive from=02027d3c text=add r1,r6,#0x172 to=020573c2 type=PARAM function=- (GhidraScript)  
INFO  V15DecoderAnalysis.java> EVIDENCE_REF phase=exhaustive from=02027dcc text=add r1,r6,#0x5a8 to=020577f8 type=PARAM function=- (GhidraScript)  
INFO  V15DecoderAnalysis.java> EVIDENCE_REF phase=exhaustive from=02027dea text=add r1,r6,#0x698 to=020578e8 type=PARAM function=- (GhidraScript)  
INFO  V15DecoderAnalysis.java> EVIDENCE_REF phase=exhaustive from=02027e50 text=add r1,r6,#0x453 to=020576a3 type=PARAM function=- (GhidraScript)  
INFO  V15DecoderAnalysis.java> EVIDENCE_SCALAR phase=exhaustive at=02027ece value=02057250 text=mov r6,#0x2057250 function=- (GhidraScript)  
INFO  V15DecoderAnalysis.java> EVIDENCE_PCODE_CONST phase=exhaustive at=02027ece value=02057250 op=COPY text=mov r6,#0x2057250 function=- (GhidraScript)  
INFO  V15DecoderAnalysis.java> EVIDENCE_SCALAR phase=exhaustive at=02027efe value=02057250 text=mov r1,#0x2057250 function=- (GhidraScript)  
INFO  V15DecoderAnalysis.java> EVIDENCE_PCODE_CONST phase=exhaustive at=02027efe value=02057250 op=COPY text=mov r1,#0x2057250 function=- (GhidraScript)  
INFO  V15DecoderAnalysis.java> EVIDENCE_REF phase=exhaustive from=02027f0a text=mov r1,r4 to=0205727c type=PARAM function=- (GhidraScript)  
INFO  V15DecoderAnalysis.java> EVIDENCE_REF phase=exhaustive from=02027f10 text=mov r1,r4 to=0205727c type=PARAM function=- (GhidraScript)  
INFO  V15DecoderAnalysis.java> EVIDENCE_REF phase=exhaustive from=02027f1c text=mov r1,r4 to=0205727c type=PARAM function=- (GhidraScript)  
INFO  V15DecoderAnalysis.java> EVIDENCE_REF phase=exhaustive from=02027f28 text=mov r1,r4 to=0205727c type=PARAM function=- (GhidraScript)  
INFO  V15DecoderAnalysis.java> EVIDENCE_SCALAR phase=exhaustive at=02027f36 value=02057250 text=mov r6,#0x2057250 function=- (GhidraScript)  
INFO  V15DecoderAnalysis.java> EVIDENCE_PCODE_CONST phase=exhaustive at=02027f36 value=02057250 op=COPY text=mov r6,#0x2057250 function=- (GhidraScript)  
INFO  V15DecoderAnalysis.java> EVIDENCE_SCALAR phase=exhaustive at=02027fc2 value=02057250 text=mov r9,#0x2057250 function=- (GhidraScript)  
INFO  V15DecoderAnalysis.java> EVIDENCE_PCODE_CONST phase=exhaustive at=02027fc2 value=02057250 op=COPY text=mov r9,#0x2057250 function=- (GhidraScript)  
INFO  V15DecoderAnalysis.java> EVIDENCE_REF phase=exhaustive from=02027fc8 text=add r1,r9,#0x16d to=020573bd type=PARAM function=- (GhidraScript)  
INFO  V15DecoderAnalysis.java> EVIDENCE_REF phase=exhaustive from=02027fde text=mov r1,r4 to=0205727c type=PARAM function=- (GhidraScript)  
INFO  V15DecoderAnalysis.java> EVIDENCE_REF phase=exhaustive from=02027fe4 text=mov r1,r4 to=0205727c type=PARAM function=- (GhidraScript)  
INFO  V15DecoderAnalysis.java> EVIDENCE_REF phase=exhaustive from=02027ff0 text=mov r1,r4 to=0205727c type=PARAM function=- (GhidraScript)  
INFO  V15DecoderAnalysis.java> EVIDENCE_REF phase=exhaustive from=0202809a text=add r1,r6,#0xc47 to=02057e97 type=PARAM function=- (GhidraScript)  
INFO  V15DecoderAnalysis.java> EVIDENCE_REF phase=exhaustive from=020280b6 text=add r1,r6,#0xc7d to=02057ecd type=PARAM function=- (GhidraScript)  
INFO  V15DecoderAnalysis.java> EVIDENCE_REF phase=exhaustive from=020280ba text=} else {  add r1, r6, #0xc62 to=02057eb2 type=PARAM function=- (GhidraScript)  
INFO  V15DecoderAnalysis.java> EVIDENCE_REF phase=exhaustive from=02028128 text=add r1,r6,#0x2f8 to=02057548 type=PARAM function=- (GhidraScript)  
INFO  V15DecoderAnalysis.java> EVIDENCE_REF phase=exhaustive from=02028150 text=add r1,r6,#0xbcb to=02057e1b type=PARAM function=- (GhidraScript)  
INFO  V15DecoderAnalysis.java> EVIDENCE_SCALAR phase=exhaustive at=020281b8 value=02057250 text=mov r9,#0x2057250 function=- (GhidraScript)  
INFO  V15DecoderAnalysis.java> EVIDENCE_PCODE_CONST phase=exhaustive at=020281b8 value=02057250 op=COPY text=mov r9,#0x2057250 function=- (GhidraScript)  
INFO  V15DecoderAnalysis.java> EVIDENCE_REF phase=exhaustive from=020281be text=add r1,r9,#0x542 to=02057792 type=PARAM function=- (GhidraScript)  
INFO  V15DecoderAnalysis.java> EVIDENCE_REF phase=exhaustive from=020281f4 text=mov r1,r4 to=0205727c type=PARAM function=- (GhidraScript)  
INFO  V15DecoderAnalysis.java> EVIDENCE_REF phase=exhaustive from=0202820a text=add r1,r6,#0x774 to=020579c4 type=PARAM function=- (GhidraScript)  
INFO  V15DecoderAnalysis.java> EVIDENCE_REF phase=exhaustive from=0202821c text=mov r1,r4 to=0205727c type=PARAM function=- (GhidraScript)  
INFO  V15DecoderAnalysis.java> EVIDENCE_SCALAR phase=exhaustive at=02028234 value=02057250 text=mov r6,#0x2057250 function=- (GhidraScript)  
INFO  V15DecoderAnalysis.java> EVIDENCE_PCODE_CONST phase=exhaustive at=02028234 value=02057250 op=COPY text=mov r6,#0x2057250 function=- (GhidraScript)  
INFO  V15DecoderAnalysis.java> EVIDENCE_REF phase=exhaustive from=02028248 text=add r1,r6,#0x600 to=02057850 type=PARAM function=- (GhidraScript)  
INFO  V15DecoderAnalysis.java> EVIDENCE_REF phase=exhaustive from=020282a6 text=add r1,r6,#0x2ce to=0205751e type=PARAM function=- (GhidraScript)  
INFO  V15DecoderAnalysis.java> EVIDENCE_REF phase=exhaustive from=02028368 text=lb.z r3,[r1 + r3] to=020578e6 type=READ function=- (GhidraScript)  
INFO  V15DecoderAnalysis.java> EVIDENCE_REF phase=exhaustive from=02028368 text=lb.z r3,[r1 + r3] to=020578dc type=DATA function=- (GhidraScript)  
INFO  V15DecoderAnalysis.java> EVIDENCE_REF phase=exhaustive from=02028372 text=add r1,r6,#0x17c to=020573cc type=PARAM function=- (GhidraScript)  
INFO  V15DecoderAnalysis.java> EVIDENCE_REF phase=exhaustive from=02028388 text=add r1,r6,#0x524 to=02057774 type=PARAM function=- (GhidraScript)  
INFO  V15DecoderAnalysis.java> EVIDENCE_SCALAR phase=exhaustive at=020283b6 value=02057250 text=mov r1,#0x2057250 function=- (GhidraScript)  
INFO  V15DecoderAnalysis.java> EVIDENCE_PCODE_CONST phase=exhaustive at=020283b6 value=02057250 op=COPY text=mov r1,#0x2057250 function=- (GhidraScript)  
INFO  V15DecoderAnalysis.java> EVIDENCE_REF phase=exhaustive from=020283c2 text=mov r1,r4 to=0205727c type=PARAM function=- (GhidraScript)  
INFO  V15DecoderAnalysis.java> EVIDENCE_SCALAR phase=exhaustive at=020283ca value=02057250 text=mov r6,#0x2057250 function=- (GhidraScript)  
INFO  V15DecoderAnalysis.java> EVIDENCE_PCODE_CONST phase=exhaustive at=020283ca value=02057250 op=COPY text=mov r6,#0x2057250 function=- (GhidraScript)  
INFO  V15DecoderAnalysis.java> EVIDENCE_REF phase=exhaustive from=0202841e text=add r1,r6,#0x227 to=02057477 type=PARAM function=- (GhidraScript)  
INFO  V15DecoderAnalysis.java> EVIDENCE_REF phase=exhaustive from=02028438 text=add r1,r6,#0x2c7 to=02057517 type=PARAM function=- (GhidraScript)  
INFO  V15DecoderAnalysis.java> EVIDENCE_REF phase=exhaustive from=0202845a text=add r1,r6,#0x21b to=0205746b type=PARAM function=- (GhidraScript)  
INFO  V15DecoderAnalysis.java> EVIDENCE_REF phase=exhaustive from=02028470 text=add r1,r6,#0x39c to=020575ec type=PARAM function=- (GhidraScript)  
INFO  V15DecoderAnalysis.java> EVIDENCE_REF phase=exhaustive from=0202847a text=add r1,r6,#0x2c to=0205727c type=PARAM function=- (GhidraScript)  
INFO  V15DecoderAnalysis.java> EVIDENCE_REF phase=exhaustive from=02028498 text=add r1,r6,#0x227 to=02057477 type=PARAM function=- (GhidraScript)  
INFO  V15DecoderAnalysis.java> EVIDENCE_REF phase=exhaustive from=020284b2 text=add r1,r6,#0x2c7 to=02057517 type=PARAM function=- (GhidraScript)  
INFO  V15DecoderAnalysis.java> EVIDENCE_SCALAR phase=exhaustive at=0202850e value=02057250 text=mov r1,#0x2057250 function=- (GhidraScript)  
INFO  V15DecoderAnalysis.java> EVIDENCE_PCODE_CONST phase=exhaustive at=0202850e value=02057250 op=COPY text=mov r1,#0x2057250 function=- (GhidraScript)  
INFO  V15DecoderAnalysis.java> EVIDENCE_REF phase=exhaustive from=0202851a text=mov r1,r4 to=0205727c type=PARAM function=- (GhidraScript)  
INFO  V15DecoderAnalysis.java> EVIDENCE_REF phase=exhaustive from=02028520 text=mov r1,r4 to=0205727c type=PARAM function=- (GhidraScript)  
INFO  V15DecoderAnalysis.java> EVIDENCE_REF phase=exhaustive from=0202852e text=mov r1,r4 to=0205727c type=PARAM function=- (GhidraScript)  
INFO  V15DecoderAnalysis.java> EVIDENCE_SCALAR phase=exhaustive at=02028542 value=02057250 text=mov r6,#0x2057250 function=- (GhidraScript)  
INFO  V15DecoderAnalysis.java> EVIDENCE_PCODE_CONST phase=exhaustive at=02028542 value=02057250 op=COPY text=mov r6,#0x2057250 function=- (GhidraScript)  
INFO  V15DecoderAnalysis.java> EVIDENCE_REF phase=exhaustive from=0202854a text=mov r1,r4 to=0205727c type=PARAM function=- (GhidraScript)  
INFO  V15DecoderAnalysis.java> EVIDENCE_REF phase=exhaustive from=02028562 text=add r1,r6,#0x5b3 to=02057803 type=PARAM function=- (GhidraScript)  
INFO  V15DecoderAnalysis.java> EVIDENCE_REF phase=exhaustive from=0202856e text=add r1,r6,#0x5be to=0205780e type=PARAM function=- (GhidraScript)  
INFO  V15DecoderAnalysis.java> EVIDENCE_REF phase=exhaustive from=02028730 text=add r1,r6,#0x4fc to=0205774c type=PARAM function=- (GhidraScript)  
INFO  V15DecoderAnalysis.java> EVIDENCE_REF phase=exhaustive from=0202873c text=add r1,r6,#0x44a to=0205769a type=PARAM function=- (GhidraScript)  
INFO  V15DecoderAnalysis.java> EVIDENCE_SCALAR phase=exhaustive at=020287da value=02057250 text=mov r1,#0x2057250 function=- (GhidraScript)  
INFO  V15DecoderAnalysis.java> EVIDENCE_PCODE_CONST phase=exhaustive at=020287da value=02057250 op=COPY text=mov r1,#0x2057250 function=- (GhidraScript)  
INFO  V15DecoderAnalysis.java> EVIDENCE_REF phase=exhaustive from=020287f6 text=add r1,r4,#0x8a to=020572da type=PARAM function=- (GhidraScript)  
INFO  V15DecoderAnalysis.java> EVIDENCE_SCALAR phase=exhaustive at=0202883e value=02057250 text=mov r6,#0x2057250 function=- (GhidraScript)  
INFO  V15DecoderAnalysis.java> EVIDENCE_PCODE_CONST phase=exhaustive at=0202883e value=02057250 op=COPY text=mov r6,#0x2057250 function=- (GhidraScript)  
INFO  V15DecoderAnalysis.java> EVIDENCE_REF phase=exhaustive from=0202885a text=mov r1,r4 to=0205727c type=PARAM function=- (GhidraScript)  
INFO  V15DecoderAnalysis.java> EVIDENCE_REF phase=exhaustive from=0202886a text=mov r1,r4 to=0205727c type=PARAM function=- (GhidraScript)  
INFO  V15DecoderAnalysis.java> EVIDENCE_REF phase=exhaustive from=02028878 text=mov r1,r4 to=0205727c type=PARAM function=- (GhidraScript)  
INFO  V15DecoderAnalysis.java> EVIDENCE_REF phase=exhaustive from=02028886 text=mov r1,r4 to=0205727c type=PARAM function=- (GhidraScript)  
INFO  V15DecoderAnalysis.java> EVIDENCE_REF phase=exhaustive from=02028894 text=mov r1,r4 to=0205727c type=PARAM function=- (GhidraScript)  
INFO  V15DecoderAnalysis.java> EVIDENCE_SCALAR phase=exhaustive at=0202889e value=02057250 text=mov r1,#0x2057250 function=- (GhidraScript)  
INFO  V15DecoderAnalysis.java> EVIDENCE_PCODE_CONST phase=exhaustive at=0202889e value=02057250 op=COPY text=mov r1,#0x2057250 function=- (GhidraScript)  
INFO  V15DecoderAnalysis.java> EVIDENCE_SCALAR phase=exhaustive at=020288b6 value=02057250 text=mov r6,#0x2057250 function=- (GhidraScript)  
INFO  V15DecoderAnalysis.java> EVIDENCE_PCODE_CONST phase=exhaustive at=020288b6 value=02057250 op=COPY text=mov r6,#0x2057250 function=- (GhidraScript)  
INFO  V15DecoderAnalysis.java> EVIDENCE_REF phase=exhaustive from=020288fe text=add r1,r6,#0x2c to=0205727c type=PARAM function=- (GhidraScript)  
INFO  V15DecoderAnalysis.java> EVIDENCE_REF phase=exhaustive from=02028914 text=add r1,r6,#0x6a to=020572ba type=PARAM function=- (GhidraScript)  
INFO  V15DecoderAnalysis.java> EVIDENCE_REF phase=exhaustive from=0202896c text=add r1,r6,#0x6d4 to=02057924 type=PARAM function=- (GhidraScript)  
INFO  V15DecoderAnalysis.java> EVIDENCE_REF phase=exhaustive from=02028974 text=add r1,r6,#0x306 to=02057556 type=PARAM function=- (GhidraScript)  
INFO  V15DecoderAnalysis.java> EVIDENCE_REF phase=exhaustive from=02028990 text=add r1,r6,#0xb5d to=02057dad type=PARAM function=- (GhidraScript)  
INFO  V15DecoderAnalysis.java> EVIDENCE_REF phase=exhaustive from=02028998 text=add r1,r6,#0x2ff to=0205754f type=PARAM function=- (GhidraScript)  
INFO  V15DecoderAnalysis.java> EVIDENCE_REF phase=exhaustive from=020289b4 text=add r1,r6,#0xa47 to=02057c97 type=PARAM function=- (GhidraScript)  
INFO  V15DecoderAnalysis.java> EVIDENCE_REF phase=exhaustive from=02029212 text=mov r1,#0x2057d98 to=02057d98 type=PARAM function=FUN_020291f8@020291f8 (GhidraScript)  
INFO  V15DecoderAnalysis.java> EVIDENCE_SCALAR phase=exhaustive at=02029212 value=02057d98 text=mov r1,#0x2057d98 function=FUN_020291f8@020291f8 (GhidraScript)  
INFO  V15DecoderAnalysis.java> EVIDENCE_PCODE_CONST phase=exhaustive at=02029212 value=02057d98 op=COPY text=mov r1,#0x2057d98 function=FUN_020291f8@020291f8 (GhidraScript)  
INFO  V15DecoderAnalysis.java> EVIDENCE_REF phase=exhaustive from=02029222 text=add r1,r1,#0x473 to=0205820b type=PARAM function=FUN_020291f8@020291f8 (GhidraScript)  
INFO  V15DecoderAnalysis.java> EVIDENCE_REF phase=exhaustive from=0202925e text=mov r1,#0x2057c40 to=02057c40 type=PARAM function=FUN_02029244@02029244 (GhidraScript)  
INFO  V15DecoderAnalysis.java> EVIDENCE_SCALAR phase=exhaustive at=0202925e value=02057c40 text=mov r1,#0x2057c40 function=FUN_02029244@02029244 (GhidraScript)  
INFO  V15DecoderAnalysis.java> EVIDENCE_PCODE_CONST phase=exhaustive at=0202925e value=02057c40 op=COPY text=mov r1,#0x2057c40 function=FUN_02029244@02029244 (GhidraScript)  
INFO  V15DecoderAnalysis.java> EVIDENCE_REF phase=exhaustive from=02029284 text=add r1,r1,#0x8f to=02057ccf type=PARAM function=FUN_02029244@02029244 (GhidraScript)  
INFO  V15DecoderAnalysis.java> EVIDENCE_SCALAR phase=exhaustive at=02029a78 value=02057250 text=mov r1,#0x2057250 function=- (GhidraScript)  
INFO  V15DecoderAnalysis.java> EVIDENCE_PCODE_CONST phase=exhaustive at=02029a78 value=02057250 op=COPY text=mov r1,#0x2057250 function=- (GhidraScript)  
INFO  V15DecoderAnalysis.java> EVIDENCE_SCALAR phase=exhaustive at=02029dd2 value=02057b30 text=mov r4,#0x2057b30 function=- (GhidraScript)  
INFO  V15DecoderAnalysis.java> EVIDENCE_PCODE_CONST phase=exhaustive at=02029dd2 value=02057b30 op=COPY text=mov r4,#0x2057b30 function=- (GhidraScript)  
INFO  V15DecoderAnalysis.java> EVIDENCE_REF phase=exhaustive from=02029dd8 text=lh.z r1,[r4 + r1] to=02057b30 type=DATA function=- (GhidraScript)  
INFO  V15DecoderAnalysis.java> EVIDENCE_SCALAR phase=exhaustive at=0202c280 value=02057604 text=mov r9,#0x2057604 function=FUN_0202c238@0202c238 (GhidraScript)  
INFO  V15DecoderAnalysis.java> EVIDENCE_PCODE_CONST phase=exhaustive at=0202c280 value=02057604 op=COPY text=mov r9,#0x2057604 function=FUN_0202c238@0202c238 (GhidraScript)  
INFO  V15DecoderAnalysis.java> EVIDENCE_REF phase=exhaustive from=0202c2b0 text=lb.z r2,[r1 ++= 1] to=02057ee8 type=READ function=FUN_0202c238@0202c238 (GhidraScript)  
INFO  V15DecoderAnalysis.java> EVIDENCE_REF phase=exhaustive from=0202c368 text=add r0,r9,#0x3da to=020579de type=PARAM function=FUN_0202c238@0202c238 (GhidraScript)  
INFO  V15DecoderAnalysis.java> EVIDENCE_REF phase=exhaustive from=0202c3c0 text=add r0,r9,#0x257 to=0205785b type=PARAM function=FUN_0202c238@0202c238 (GhidraScript)  
INFO  V15DecoderAnalysis.java> EVIDENCE_REF phase=exhaustive from=0202c412 text=mov r0,r9 to=02057604 type=PARAM function=FUN_0202c238@0202c238 (GhidraScript)  
ERROR Pcode error at 0202cafe: Program does not contain referenced instruction: 0202cb00 (SleighInstructionPrototype)  
ERROR Pcode error at 0202cc02: Program does not contain referenced instruction: 0202cc04 (SleighInstructionPrototype)  
INFO  V15DecoderAnalysis.java> EVIDENCE_SCALAR phase=exhaustive at=0202cf80 value=02057250 text=mov r1,#0x2057250 function=FUN_0202cf42@0202cf42 (GhidraScript)  
INFO  V15DecoderAnalysis.java> EVIDENCE_PCODE_CONST phase=exhaustive at=0202cf80 value=02057250 op=COPY text=mov r1,#0x2057250 function=FUN_0202cf42@0202cf42 (GhidraScript)  
INFO  V15DecoderAnalysis.java> EVIDENCE_REF phase=exhaustive from=0202cf8c text=lb.z r7,[r0 + r1] to=02057bd0 type=DATA function=FUN_0202cf42@0202cf42 (GhidraScript)  
INFO  V15DecoderAnalysis.java> EVIDENCE_REF phase=exhaustive from=0202cf8c text=lb.z r7,[r0 + r1] to=02057bd4 type=READ function=FUN_0202cf42@0202cf42 (GhidraScript)  
INFO  V15DecoderAnalysis.java> EVIDENCE_SCALAR phase=exhaustive at=0202d050 value=02057250 text=mov r15,#0x2057250 function=FUN_0202c238@0202c238 (GhidraScript)  
INFO  V15DecoderAnalysis.java> EVIDENCE_PCODE_CONST phase=exhaustive at=0202d050 value=02057250 op=COPY text=mov r15,#0x2057250 function=FUN_0202c238@0202c238 (GhidraScript)  
INFO  V15DecoderAnalysis.java> EVIDENCE_REF phase=exhaustive from=0202d076 text=ldw r0,r9,#0x4 to=02057608 type=READ function=FUN_0202c238@0202c238 (GhidraScript)  
INFO  V15DecoderAnalysis.java> EVIDENCE_REF phase=exhaustive from=0202d2e6 text=mov r0,#0x205785b to=0205785b type=PARAM function=FUN_0202d28c@0202d28c (GhidraScript)  
INFO  V15DecoderAnalysis.java> EVIDENCE_SCALAR phase=exhaustive at=0202d2e6 value=0205785b text=mov r0,#0x205785b function=FUN_0202d28c@0202d28c (GhidraScript)  
INFO  V15DecoderAnalysis.java> EVIDENCE_PCODE_CONST phase=exhaustive at=0202d2e6 value=0205785b op=COPY text=mov r0,#0x205785b function=FUN_0202d28c@0202d28c (GhidraScript)  
INFO  V15DecoderAnalysis.java> EVIDENCE_REF phase=exhaustive from=0202d392 text=mov r0,#0x205785b to=0205785b type=PARAM function=FUN_0202d2f8@0202d2f8 (GhidraScript)  
INFO  V15DecoderAnalysis.java> EVIDENCE_SCALAR phase=exhaustive at=0202d392 value=0205785b text=mov r0,#0x205785b function=FUN_0202d2f8@0202d2f8 (GhidraScript)  
INFO  V15DecoderAnalysis.java> EVIDENCE_PCODE_CONST phase=exhaustive at=0202d392 value=0205785b op=COPY text=mov r0,#0x205785b function=FUN_0202d2f8@0202d2f8 (GhidraScript)  
INFO  V15DecoderAnalysis.java> EVIDENCE_SCALAR phase=exhaustive at=0202d4bc value=02057614 text=mov r4,#0x2057614 function=- (GhidraScript)  
INFO  V15DecoderAnalysis.java> EVIDENCE_PCODE_CONST phase=exhaustive at=0202d4bc value=02057614 op=COPY text=mov r4,#0x2057614 function=- (GhidraScript)  
INFO  V15DecoderAnalysis.java> EVIDENCE_REF phase=exhaustive from=0202d4e4 text=lb.z r3,[r2 ++= 1] to=02057a9f type=READ function=- (GhidraScript)  
INFO  V15DecoderAnalysis.java> EVIDENCE_REF phase=exhaustive from=0202d4e4 text=lb.z r3,[r2 ++= 1] to=02057aa0 type=READ function=- (GhidraScript)  
INFO  V15DecoderAnalysis.java> EVIDENCE_REF phase=exhaustive from=0202d4e4 text=lb.z r3,[r2 ++= 1] to=02057aa1 type=PARAM function=- (GhidraScript)  
INFO  V15DecoderAnalysis.java> EVIDENCE_REF phase=exhaustive from=0202d572 text=mov r1,r4 to=02057614 type=PARAM function=- (GhidraScript)  
INFO  V15DecoderAnalysis.java> EVIDENCE_SCALAR phase=exhaustive at=0202d73e value=020579eb text=mov r1,#0x20579eb function=- (GhidraScript)  
INFO  V15DecoderAnalysis.java> EVIDENCE_PCODE_CONST phase=exhaustive at=0202d73e value=020579eb op=COPY text=mov r1,#0x20579eb function=- (GhidraScript)  
INFO  V15DecoderAnalysis.java> EVIDENCE_REF phase=exhaustive from=0202d748 text=lb.z r3,[r1 ++= 1] to=020579eb type=READ function=- (GhidraScript)  
INFO  V15DecoderAnalysis.java> EVIDENCE_REF phase=exhaustive from=0202d748 text=lb.z r3,[r1 ++= 1] to=020579ec type=READ function=- (GhidraScript)  
INFO  V15DecoderAnalysis.java> EVIDENCE_REF phase=exhaustive from=0202d748 text=lb.z r3,[r1 ++= 1] to=020579ed type=PARAM function=- (GhidraScript)  
INFO  V15DecoderAnalysis.java> EVIDENCE_SCALAR phase=exhaustive at=0202d8c2 value=020572e2 text=mov r6,#0x20572e2 function=FUN_0202d8b8@0202d8b8 (GhidraScript)  
INFO  V15DecoderAnalysis.java> EVIDENCE_PCODE_CONST phase=exhaustive at=0202d8c2 value=020572e2 op=COPY text=mov r6,#0x20572e2 function=FUN_0202d8b8@0202d8b8 (GhidraScript)  
INFO  V15DecoderAnalysis.java> EVIDENCE_REF phase=exhaustive from=0202d8c8 text=add r1,r6,#0x792 to=02057a74 type=PARAM function=FUN_0202d8b8@0202d8b8 (GhidraScript)  
INFO  V15DecoderAnalysis.java> EVIDENCE_REF phase=exhaustive from=0202d8d8 text=add r1,r6,#0x709 to=020579eb type=PARAM function=FUN_0202d8b8@0202d8b8 (GhidraScript)  
INFO  V15DecoderAnalysis.java> EVIDENCE_REF phase=exhaustive from=0202d8e4 text=mov r1,r6 to=020572e2 type=PARAM function=FUN_0202d8b8@0202d8b8 (GhidraScript)  
INFO  V15DecoderAnalysis.java> EVIDENCE_SCALAR phase=exhaustive at=0202da60 value=02057a74 text=mov r5,#0x2057a74 function=FUN_0202da14@0202da14 (GhidraScript)  
INFO  V15DecoderAnalysis.java> EVIDENCE_PCODE_CONST phase=exhaustive at=0202da60 value=02057a74 op=COPY text=mov r5,#0x2057a74 function=FUN_0202da14@0202da14 (GhidraScript)  
INFO  V15DecoderAnalysis.java> EVIDENCE_REF phase=exhaustive from=0202da68 text=mov r2,r5 to=02057a74 type=PARAM function=FUN_0202da14@0202da14 (GhidraScript)  
INFO  V15DecoderAnalysis.java> EVIDENCE_REF phase=exhaustive from=0202da82 text=mov r2,r5 to=02057a74 type=PARAM function=FUN_0202da14@0202da14 (GhidraScript)  
INFO  V15DecoderAnalysis.java> EVIDENCE_SCALAR phase=exhaustive at=0202dbce value=020579eb text=mov r5,#0x20579eb function=FUN_0202db88@0202db88 (GhidraScript)  
INFO  V15DecoderAnalysis.java> EVIDENCE_PCODE_CONST phase=exhaustive at=0202dbce value=020579eb op=COPY text=mov r5,#0x20579eb function=FUN_0202db88@0202db88 (GhidraScript)  
INFO  V15DecoderAnalysis.java> EVIDENCE_REF phase=exhaustive from=0202dbd6 text=mov r2,r5 to=020579eb type=PARAM function=FUN_0202db88@0202db88 (GhidraScript)  
INFO  V15DecoderAnalysis.java> EVIDENCE_REF phase=exhaustive from=0202dbf0 text=mov r2,r5 to=020579eb type=PARAM function=FUN_0202db88@0202db88 (GhidraScript)  
INFO  V15DecoderAnalysis.java> EVIDENCE_SCALAR phase=exhaustive at=0202dc4a value=020572e2 text=mov r8,#0x20572e2 function=- (GhidraScript)  
INFO  V15DecoderAnalysis.java> EVIDENCE_PCODE_CONST phase=exhaustive at=0202dc4a value=020572e2 op=COPY text=mov r8,#0x20572e2 function=- (GhidraScript)  
INFO  V15DecoderAnalysis.java> EVIDENCE_REF phase=exhaustive from=0202dc50 text=add r1,r8,#0x4 to=020572e6 type=PARAM function=- (GhidraScript)  
INFO  V15DecoderAnalysis.java> EVIDENCE_REF phase=exhaustive from=0202dc64 text=mov r1,r8 to=020572e2 type=PARAM function=- (GhidraScript)  
INFO  V15DecoderAnalysis.java> EVIDENCE_REF phase=exhaustive from=0202dc6e text=add r1,r8,#0x709 to=020579eb type=PARAM function=- (GhidraScript)  
INFO  V15DecoderAnalysis.java> EVIDENCE_SCALAR phase=exhaustive at=0202e048 value=020579eb text=mov r9,#0x20579eb function=FUN_0202e02c@0202e02c (GhidraScript)  
INFO  V15DecoderAnalysis.java> EVIDENCE_PCODE_CONST phase=exhaustive at=0202e048 value=020579eb op=COPY text=mov r9,#0x20579eb function=FUN_0202e02c@0202e02c (GhidraScript)  
INFO  V15DecoderAnalysis.java> EVIDENCE_REF phase=exhaustive from=0202e058 text=add r1,r9,#0x89 to=02057a74 type=PARAM function=FUN_0202e02c@0202e02c (GhidraScript)  
INFO  V15DecoderAnalysis.java> EVIDENCE_REF phase=exhaustive from=0202e066 text=mov r1,r9 to=020579eb type=PARAM function=FUN_0202e02c@0202e02c (GhidraScript)  
INFO  V15DecoderAnalysis.java> EVIDENCE_REF phase=exhaustive from=0202e346 text=mov r0,r9 to=02057604 type=DATA function=FUN_0202e272@0202e272 (GhidraScript)  
INFO  V15DecoderAnalysis.java> EVIDENCE_SCALAR phase=exhaustive at=0202e3cc value=02057285 text=mov r10,#0x2057285 function=- (GhidraScript)  
INFO  V15DecoderAnalysis.java> EVIDENCE_PCODE_CONST phase=exhaustive at=0202e3cc value=02057285 op=COPY text=mov r10,#0x2057285 function=- (GhidraScript)  
INFO  V15DecoderAnalysis.java> EVIDENCE_REF phase=exhaustive from=0202e3d2 text=add r0,r10,#0x7ef to=02057a74 type=PARAM function=- (GhidraScript)  
INFO  V15DecoderAnalysis.java> EVIDENCE_REF phase=exhaustive from=0202e3da text=add r0,r10,#0x766 to=020579eb type=PARAM function=- (GhidraScript)  
INFO  V15DecoderAnalysis.java> EVIDENCE_REF phase=exhaustive from=0202e3e4 text=add r0,r10,#0x5d to=020572e2 type=PARAM function=- (GhidraScript)  
INFO  V15DecoderAnalysis.java> EVIDENCE_REF phase=exhaustive from=0202e400 text=mov r0,r10 to=02057285 type=PARAM function=- (GhidraScript)  
INFO  V15DecoderAnalysis.java> EVIDENCE_REF phase=exhaustive from=0202e48a text=add r1,r10,#0x5e1 to=02057866 type=PARAM function=- (GhidraScript)  
INFO  V15DecoderAnalysis.java> EVIDENCE_REF phase=exhaustive from=0202e490 text=add r2,r10,#0x2df to=02057564 type=PARAM function=- (GhidraScript)  
INFO  V15DecoderAnalysis.java> EVIDENCE_SCALAR phase=exhaustive at=020302ca value=0205793c text=mov r1,#0x205793c function=FUN_020302a0@020302a0 (GhidraScript)  
INFO  V15DecoderAnalysis.java> EVIDENCE_PCODE_CONST phase=exhaustive at=020302ca value=0205793c op=COPY text=mov r1,#0x205793c function=FUN_020302a0@020302a0 (GhidraScript)  
INFO  V15DecoderAnalysis.java> EVIDENCE_REF phase=exhaustive from=0203039e text=sw r7,[r9 + 0x0] to=02057604 type=WRITE function=FUN_020302a0@020302a0 (GhidraScript)  
INFO  V15DecoderAnalysis.java> EVIDENCE_REF phase=exhaustive from=020307f2 text=mov r3,r14 to=02057603 type=PARAM function=FUN_02030716@02030716 (GhidraScript)  
INFO  V15DecoderAnalysis.java> EVIDENCE_REF phase=exhaustive from=02030812 text=mov r0,r3 to=02057603 type=PARAM function=FUN_02030716@02030716 (GhidraScript)  
ERROR Pcode error at 02031212: Program does not contain referenced instruction: 02031216 (SleighInstructionPrototype)  
ERROR Pcode error at 02031696: Program does not contain referenced instruction: 0203169a (SleighInstructionPrototype)  
ERROR Pcode error at 020316d8: Program does not contain referenced instruction: 020316da (SleighInstructionPrototype)  
ERROR Pcode error at 02031a2c: Program does not contain referenced instruction: 02031a30 (SleighInstructionPrototype)  
ERROR Pcode error at 02031a52: Program does not contain referenced instruction: 02031a56 (SleighInstructionPrototype)  
ERROR Pcode error at 02031a78: Program does not contain referenced instruction: 02031a7c (SleighInstructionPrototype)  
INFO  V15DecoderAnalysis.java> EVIDENCE_REF phase=exhaustive from=02031eb0 text=mov r1,r9 to=02057604 type=PARAM function=FUN_02031d64@02031d64 (GhidraScript)  
ERROR Pcode error at 02032c10: Program does not contain referenced instruction: 02032c12 (SleighInstructionPrototype)  
ERROR Pcode error at 02032e82: Program does not contain referenced instruction: 02032e86 (SleighInstructionPrototype)  
ERROR Pcode error at 020336f4: Program does not contain referenced instruction: 020336f8 (SleighInstructionPrototype)  
INFO  V15DecoderAnalysis.java> EVIDENCE_REF phase=exhaustive from=02033958 text=goto r9 to=02057604 type=COMPUTED_JUMP function=- (GhidraScript)  
INFO  V15DecoderAnalysis.java> EVIDENCE_REF phase=exhaustive from=02033b40 text=mov r0,r9 to=02057604 type=PARAM function=FUN_02033abc@02033abc (GhidraScript)  
ERROR Pcode error at 02033e36: Program does not contain referenced instruction: 02033e38 (SleighInstructionPrototype)  
INFO  V15DecoderAnalysis.java> EVIDENCE_REF phase=exhaustive from=02034868 text=push {rets,r12,r11,r10,r9,r8,r7,r6,r5,r4} to=02057604 type=DATA function=caseD_2034868@02034868 (GhidraScript)  
ERROR Pcode error at 0203486c: Program does not contain referenced instruction: 0203486e (SleighInstructionPrototype)  
INFO  V15DecoderAnalysis.java> EVIDENCE_REF phase=exhaustive from=02034a4e text=mov r1,r9 to=02057604 type=PARAM function=- (GhidraScript)  
INFO  V15DecoderAnalysis.java> EVIDENCE_REF phase=exhaustive from=02034ae0 text=mov r1,r9 to=02057604 type=PARAM function=FUN_02034a7a@02034a7a (GhidraScript)  
ERROR Pcode error at 02034ba0: Program does not contain referenced instruction: 02034ba4 (SleighInstructionPrototype)  
INFO  V15DecoderAnalysis.java> EVIDENCE_REF phase=exhaustive from=02034f30 text=mov r0,r9 to=02057604 type=DATA function=FUN_02034f14@02034f14 (GhidraScript)  
INFO  V15DecoderAnalysis.java> EVIDENCE_SCALAR phase=exhaustive at=020359be value=0205735e text=mov r4,#0x205735e function=FUN_020359a0@020359a0 (GhidraScript)  
INFO  V15DecoderAnalysis.java> EVIDENCE_PCODE_CONST phase=exhaustive at=020359be value=0205735e op=COPY text=mov r4,#0x205735e function=FUN_020359a0@020359a0 (GhidraScript)  
INFO  V15DecoderAnalysis.java> EVIDENCE_SCALAR phase=exhaustive at=02035ee6 value=020572fe text=mov r10,#0x20572fe function=FUN_02035ede@02035ede (GhidraScript)  
INFO  V15DecoderAnalysis.java> EVIDENCE_PCODE_CONST phase=exhaustive at=02035ee6 value=020572fe op=COPY text=mov r10,#0x20572fe function=FUN_02035ede@02035ede (GhidraScript)  
INFO  V15DecoderAnalysis.java> EVIDENCE_REF phase=exhaustive from=02035f04 text=mov r1,r11 to=020573db type=PARAM function=FUN_02035ede@02035ede (GhidraScript)  
INFO  V15DecoderAnalysis.java> EVIDENCE_REF phase=exhaustive from=02035f10 text=mov r1,r10 to=020572fe type=PARAM function=FUN_02035ede@02035ede (GhidraScript)  
INFO  V15DecoderAnalysis.java> EVIDENCE_REF phase=exhaustive from=02035f1e text=mov r1,r11 to=020573db type=PARAM function=FUN_02035ede@02035ede (GhidraScript)  
INFO  V15DecoderAnalysis.java> EVIDENCE_REF phase=exhaustive from=02035f4a text=add r1,r10,#0x3c to=0205733a type=PARAM function=FUN_02035ede@02035ede (GhidraScript)  
INFO  V15DecoderAnalysis.java> EVIDENCE_REF phase=exhaustive from=02035f5a text=add r1,r10,#0x58 to=02057356 type=PARAM function=FUN_02035ede@02035ede (GhidraScript)  
INFO  V15DecoderAnalysis.java> EVIDENCE_REF phase=exhaustive from=02035f8a text=add r1,r10,#0xdd to=020573db type=PARAM function=FUN_02035ede@02035ede (GhidraScript)  
INFO  V15DecoderAnalysis.java> EVIDENCE_REF phase=exhaustive from=02035f9c text=mov r1,r10 to=020572fe type=PARAM function=FUN_02035ede@02035ede (GhidraScript)  
INFO  V15DecoderAnalysis.java> EVIDENCE_REF phase=exhaustive from=0203600a text=add r1,r10,#0x3c to=0205733a type=PARAM function=FUN_02035ede@02035ede (GhidraScript)  
INFO  V15DecoderAnalysis.java> EVIDENCE_REF phase=exhaustive from=0203601a text=add r1,r10,#0x58 to=02057356 type=PARAM function=FUN_02035ede@02035ede (GhidraScript)  
INFO  V15DecoderAnalysis.java> EVIDENCE_REF phase=exhaustive from=020369f4 text=mov r0,#0x205749b to=0205749b type=PARAM function=FUN_0203692e@0203692e (GhidraScript)  
INFO  V15DecoderAnalysis.java> EVIDENCE_SCALAR phase=exhaustive at=020369f4 value=0205749b text=mov r0,#0x205749b function=FUN_0203692e@0203692e (GhidraScript)  
INFO  V15DecoderAnalysis.java> EVIDENCE_PCODE_CONST phase=exhaustive at=020369f4 value=0205749b op=COPY text=mov r0,#0x205749b function=FUN_0203692e@0203692e (GhidraScript)  
INFO  V15DecoderAnalysis.java> EVIDENCE_SCALAR phase=exhaustive at=02036c00 value=0205733a text=mov r12,#0x205733a function=FUN_02036be2@02036be2 (GhidraScript)  
INFO  V15DecoderAnalysis.java> EVIDENCE_PCODE_CONST phase=exhaustive at=02036c00 value=0205733a op=COPY text=mov r12,#0x205733a function=FUN_02036be2@02036be2 (GhidraScript)  
INFO  V15DecoderAnalysis.java> EVIDENCE_REF phase=exhaustive from=02036c16 text=add r1,r12,#0xa1 to=020573db type=PARAM function=FUN_02036be2@02036be2 (GhidraScript)  
INFO  V15DecoderAnalysis.java> EVIDENCE_REF phase=exhaustive from=02036c5e text=mov r1,r12 to=0205733a type=PARAM function=FUN_02036be2@02036be2 (GhidraScript)  
INFO  V15DecoderAnalysis.java> EVIDENCE_REF phase=exhaustive from=02036c6c text=add r1,r12,#0x1c to=02057356 type=PARAM function=FUN_02036be2@02036be2 (GhidraScript)  
INFO  V15DecoderAnalysis.java> EVIDENCE_REF phase=exhaustive from=02036c9c text=mov r1,r12 to=0205733a type=PARAM function=FUN_02036be2@02036be2 (GhidraScript)  
INFO  V15DecoderAnalysis.java> EVIDENCE_REF phase=exhaustive from=02036caa text=add r1,r12,#0x1c to=02057356 type=PARAM function=FUN_02036be2@02036be2 (GhidraScript)  
INFO  V15DecoderAnalysis.java> EVIDENCE_REF phase=exhaustive from=02036ce0 text=add r1,r12,#0xa1 to=020573db type=PARAM function=FUN_02036be2@02036be2 (GhidraScript)  
INFO  V15DecoderAnalysis.java> EVIDENCE_SCALAR phase=exhaustive at=02037004 value=020576fd text=mov r8,#0x20576fd function=- (GhidraScript)  
INFO  V15DecoderAnalysis.java> EVIDENCE_PCODE_CONST phase=exhaustive at=02037004 value=020576fd op=COPY text=mov r8,#0x20576fd function=- (GhidraScript)  
INFO  V15DecoderAnalysis.java> EVIDENCE_REF phase=exhaustive from=020372b0 text=mov r0,#0x20577a6 to=020577a6 type=PARAM function=- (GhidraScript)  
INFO  V15DecoderAnalysis.java> EVIDENCE_SCALAR phase=exhaustive at=020372b0 value=020577a6 text=mov r0,#0x20577a6 function=- (GhidraScript)  
INFO  V15DecoderAnalysis.java> EVIDENCE_PCODE_CONST phase=exhaustive at=020372b0 value=020577a6 op=COPY text=mov r0,#0x20577a6 function=- (GhidraScript)  
INFO  V15DecoderAnalysis.java> EVIDENCE_SCALAR phase=exhaustive at=02037338 value=020576fd text=mov r8,#0x20576fd function=- (GhidraScript)  
INFO  V15DecoderAnalysis.java> EVIDENCE_PCODE_CONST phase=exhaustive at=02037338 value=020576fd op=COPY text=mov r8,#0x20576fd function=- (GhidraScript)  
INFO  V15DecoderAnalysis.java> EVIDENCE_REF phase=exhaustive from=020373b2 text=sw r8,[r5 + 0x18] to=020576fd type=DATA function=- (GhidraScript)  
INFO  V15DecoderAnalysis.java> EVIDENCE_REF phase=exhaustive from=020373c0 text=mov r0,r8 to=020576fd type=PARAM function=- (GhidraScript)  
INFO  V15DecoderAnalysis.java> EVIDENCE_SCALAR phase=exhaustive at=0203750a value=020572fe text=mov r4,#0x20572fe function=- (GhidraScript)  
INFO  V15DecoderAnalysis.java> EVIDENCE_PCODE_CONST phase=exhaustive at=0203750a value=020572fe op=COPY text=mov r4,#0x20572fe function=- (GhidraScript)  
INFO  V15DecoderAnalysis.java> EVIDENCE_REF phase=exhaustive from=0203753a text=mov r0,r4 to=020572fe type=PARAM function=- (GhidraScript)  
INFO  V15DecoderAnalysis.java> EVIDENCE_REF phase=exhaustive from=02037552 text=mov r0,r4 to=020572fe type=PARAM function=- (GhidraScript)  
INFO  V15DecoderAnalysis.java> EVIDENCE_SCALAR phase=exhaustive at=02037d68 value=02057d70 text=mov r6,#0x2057d70 function=- (GhidraScript)  
INFO  V15DecoderAnalysis.java> EVIDENCE_PCODE_CONST phase=exhaustive at=02037d68 value=02057d70 op=COPY text=mov r6,#0x2057d70 function=- (GhidraScript)  
INFO  V15DecoderAnalysis.java> EVIDENCE_REF phase=exhaustive from=02037d6e text=add r0,r6,#0x2c8 to=02058038 type=PARAM function=- (GhidraScript)  
INFO  V15DecoderAnalysis.java> EVIDENCE_REF phase=exhaustive from=02037daa text=mov r0,r6 to=02057d70 type=PARAM function=- (GhidraScript)  
INFO  V15DecoderAnalysis.java> EVIDENCE_REF phase=exhaustive from=02037ff6 text=mov r0,#0x2057d70 to=02057d70 type=PARAM function=FUN_02037ff2@02037ff2 (GhidraScript)  
INFO  V15DecoderAnalysis.java> EVIDENCE_SCALAR phase=exhaustive at=02037ff6 value=02057d70 text=mov r0,#0x2057d70 function=FUN_02037ff2@02037ff2 (GhidraScript)  
INFO  V15DecoderAnalysis.java> EVIDENCE_PCODE_CONST phase=exhaustive at=02037ff6 value=02057d70 op=COPY text=mov r0,#0x2057d70 function=FUN_02037ff2@02037ff2 (GhidraScript)  
INFO  V15DecoderAnalysis.java> EVIDENCE_REF phase=exhaustive from=020382e4 text=mov r0,#0x20574fc to=020574fc type=PARAM function=FUN_020382c0@020382c0 (GhidraScript)  
INFO  V15DecoderAnalysis.java> EVIDENCE_SCALAR phase=exhaustive at=020382e4 value=020574fc text=mov r0,#0x20574fc function=FUN_020382c0@020382c0 (GhidraScript)  
INFO  V15DecoderAnalysis.java> EVIDENCE_PCODE_CONST phase=exhaustive at=020382e4 value=020574fc op=COPY text=mov r0,#0x20574fc function=FUN_020382c0@020382c0 (GhidraScript)  
INFO  V15DecoderAnalysis.java> EVIDENCE_REF phase=exhaustive from=020384b8 text=mov r0,#0x20576fd to=020576fd type=PARAM function=FUN_02038398@02038398 (GhidraScript)  
INFO  V15DecoderAnalysis.java> EVIDENCE_SCALAR phase=exhaustive at=020384b8 value=020576fd text=mov r0,#0x20576fd function=FUN_02038398@02038398 (GhidraScript)  
INFO  V15DecoderAnalysis.java> EVIDENCE_PCODE_CONST phase=exhaustive at=020384b8 value=020576fd op=COPY text=mov r0,#0x20576fd function=FUN_02038398@02038398 (GhidraScript)  
INFO  V15DecoderAnalysis.java> EVIDENCE_SCALAR phase=exhaustive at=02038c00 value=0205761c text=mov r1,#0x205761c function=FUN_02038be6@02038be6 (GhidraScript)  
INFO  V15DecoderAnalysis.java> EVIDENCE_PCODE_CONST phase=exhaustive at=02038c00 value=0205761c op=COPY text=mov r1,#0x205761c function=FUN_02038be6@02038be6 (GhidraScript)  
INFO  V15DecoderAnalysis.java> EVIDENCE_SCALAR phase=exhaustive at=02038d60 value=0205761c text=mov r0,#0x205761c function=FUN_02038cb8@02038cb8 (GhidraScript)  
INFO  V15DecoderAnalysis.java> EVIDENCE_PCODE_CONST phase=exhaustive at=02038d60 value=0205761c op=COPY text=mov r0,#0x205761c function=FUN_02038cb8@02038cb8 (GhidraScript)  
INFO  V15DecoderAnalysis.java> EVIDENCE_REF phase=exhaustive from=0203a00a text=mov r2,#0x2057302 to=02057302 type=PARAM function=FUN_02039fb2@02039fb2 (GhidraScript)  
INFO  V15DecoderAnalysis.java> EVIDENCE_SCALAR phase=exhaustive at=0203a00a value=02057302 text=mov r2,#0x2057302 function=FUN_02039fb2@02039fb2 (GhidraScript)  
INFO  V15DecoderAnalysis.java> EVIDENCE_PCODE_CONST phase=exhaustive at=0203a00a value=02057302 op=COPY text=mov r2,#0x2057302 function=FUN_02039fb2@02039fb2 (GhidraScript)  
INFO  V15DecoderAnalysis.java> EVIDENCE_REF phase=exhaustive from=0203a010 text=sw r2,[r9 + 0x8] to=0205760c type=WRITE function=FUN_02039fb2@02039fb2 (GhidraScript)  
INFO  V15DecoderAnalysis.java> EVIDENCE_REF phase=exhaustive from=0203a010 text=sw r2,[r9 + 0x8] to=02057302 type=DATA function=FUN_02039fb2@02039fb2 (GhidraScript)  
INFO  V15DecoderAnalysis.java> EVIDENCE_SCALAR phase=exhaustive at=0203a058 value=02057302 text=mov r0,#0x2057302 function=FUN_02039fb2@02039fb2 (GhidraScript)  
INFO  V15DecoderAnalysis.java> EVIDENCE_PCODE_CONST phase=exhaustive at=0203a058 value=02057302 op=COPY text=mov r0,#0x2057302 function=FUN_02039fb2@02039fb2 (GhidraScript)  
INFO  V15DecoderAnalysis.java> EVIDENCE_REF phase=exhaustive from=0203a05e text=add r1,r0,#0x269 to=0205756b type=PARAM function=FUN_02039fb2@02039fb2 (GhidraScript)  
INFO  V15DecoderAnalysis.java> EVIDENCE_SCALAR phase=exhaustive at=0203a080 value=02057302 text=mov r0,#0x2057302 function=FUN_02039fb2@02039fb2 (GhidraScript)  
INFO  V15DecoderAnalysis.java> EVIDENCE_PCODE_CONST phase=exhaustive at=0203a080 value=02057302 op=COPY text=mov r0,#0x2057302 function=FUN_02039fb2@02039fb2 (GhidraScript)  
INFO  V15DecoderAnalysis.java> EVIDENCE_REF phase=exhaustive from=0203a086 text=add r1,r0,#0xde to=020573e0 type=PARAM function=FUN_02039fb2@02039fb2 (GhidraScript)  
INFO  V15DecoderAnalysis.java> EVIDENCE_REF phase=exhaustive from=0203a092 text=sw r6,[r9 + 0x4] to=02057608 type=WRITE function=FUN_02039fb2@02039fb2 (GhidraScript)  
INFO  V15DecoderAnalysis.java> EVIDENCE_SCALAR phase=exhaustive at=0203a09c value=02057302 text=mov r0,#0x2057302 function=FUN_02039fb2@02039fb2 (GhidraScript)  
INFO  V15DecoderAnalysis.java> EVIDENCE_PCODE_CONST phase=exhaustive at=0203a09c value=02057302 op=COPY text=mov r0,#0x2057302 function=FUN_02039fb2@02039fb2 (GhidraScript)  
INFO  V15DecoderAnalysis.java> EVIDENCE_REF phase=exhaustive from=0203a0a6 text=sw r0,[r9 + 0x4] to=02057608 type=WRITE function=FUN_02039fb2@02039fb2 (GhidraScript)  
INFO  V15DecoderAnalysis.java> EVIDENCE_REF phase=exhaustive from=0203a0a6 text=sw r0,[r9 + 0x4] to=02057572 type=DATA function=FUN_02039fb2@02039fb2 (GhidraScript)  
INFO  V15DecoderAnalysis.java> EVIDENCE_SCALAR phase=exhaustive at=0203a0ec value=0205761c text=mov r9,#0x205761c function=- (GhidraScript)  
INFO  V15DecoderAnalysis.java> EVIDENCE_PCODE_CONST phase=exhaustive at=0203a0ec value=0205761c op=COPY text=mov r9,#0x205761c function=- (GhidraScript)  
INFO  V15DecoderAnalysis.java> EVIDENCE_REF phase=exhaustive from=0203a156 text=add r0,r9,#0x18a to=020577a6 type=PARAM function=- (GhidraScript)  
INFO  V15DecoderAnalysis.java> EVIDENCE_SCALAR phase=exhaustive at=0203bb50 value=02057d84 text=mov r0,#0x2057d84 function=- (GhidraScript)  
INFO  V15DecoderAnalysis.java> EVIDENCE_PCODE_CONST phase=exhaustive at=0203bb50 value=02057d84 op=COPY text=mov r0,#0x2057d84 function=- (GhidraScript)  
INFO  V15DecoderAnalysis.java> EVIDENCE_REF phase=exhaustive from=0203bb60 text=lb.z r4,[r0 ++= 1] to=02057d84 type=READ function=- (GhidraScript)  
INFO  V15DecoderAnalysis.java> EVIDENCE_REF phase=exhaustive from=0203bb60 text=lb.z r4,[r0 ++= 1] to=02057d85 type=READ function=- (GhidraScript)  
INFO  V15DecoderAnalysis.java> EVIDENCE_REF phase=exhaustive from=0203bb68 text=lb.z r2,[r3 ++= 1] to=020580b2 type=READ function=- (GhidraScript)  
INFO  V15DecoderAnalysis.java> EVIDENCE_REF phase=exhaustive from=0203bb68 text=lb.z r2,[r3 ++= 1] to=020580b3 type=READ function=- (GhidraScript)  
INFO  V15DecoderAnalysis.java> EVIDENCE_REF phase=exhaustive from=0203bb68 text=lb.z r2,[r3 ++= 1] to=020580b4 type=PARAM function=- (GhidraScript)  
INFO  V15DecoderAnalysis.java> EVIDENCE_SCALAR phase=exhaustive at=0203cb04 value=02057352 text=mov r12,#0x2057352 function=FUN_0203ca56@0203ca56 (GhidraScript)  
INFO  V15DecoderAnalysis.java> EVIDENCE_PCODE_CONST phase=exhaustive at=0203cb04 value=02057352 op=COPY text=mov r12,#0x2057352 function=FUN_0203ca56@0203ca56 (GhidraScript)  
INFO  V15DecoderAnalysis.java> EVIDENCE_REF phase=exhaustive from=0203cb16 text=add r1,r12,#0x89 to=020573db type=PARAM function=FUN_0203ca56@0203ca56 (GhidraScript)  
INFO  V15DecoderAnalysis.java> EVIDENCE_REF phase=exhaustive from=0203cbfa text=mov r0,r12 to=02057352 type=PARAM function=FUN_0203ca56@0203ca56 (GhidraScript)  
ERROR Pcode error at 0203d84c: Program does not contain referenced instruction: 0203d850 (SleighInstructionPrototype)  
INFO  V15DecoderAnalysis.java> EVIDENCE_REF phase=exhaustive from=0203db6c text=sb r0,[r9 + 0x0] to=02057604 type=WRITE function=FUN_0203db66@0203db66 (GhidraScript)  
INFO  V15DecoderAnalysis.java> EVIDENCE_REF phase=exhaustive from=0203e39a text=mov r0,#0x2057a82 to=02057a82 type=PARAM function=- (GhidraScript)  
INFO  V15DecoderAnalysis.java> EVIDENCE_SCALAR phase=exhaustive at=0203e39a value=02057a82 text=mov r0,#0x2057a82 function=- (GhidraScript)  
INFO  V15DecoderAnalysis.java> EVIDENCE_PCODE_CONST phase=exhaustive at=0203e39a value=02057a82 op=COPY text=mov r0,#0x2057a82 function=- (GhidraScript)  
INFO  V15DecoderAnalysis.java> EVIDENCE_SCALAR phase=exhaustive at=0203e640 value=020574d2 text=mov r4,#0x20574d2 function=- (GhidraScript)  
INFO  V15DecoderAnalysis.java> EVIDENCE_PCODE_CONST phase=exhaustive at=0203e640 value=020574d2 op=COPY text=mov r4,#0x20574d2 function=- (GhidraScript)  
INFO  V15DecoderAnalysis.java> EVIDENCE_REF phase=exhaustive from=0203e646 text=add r1,r4,#0x39f to=02057871 type=PARAM function=- (GhidraScript)  
INFO  V15DecoderAnalysis.java> EVIDENCE_REF phase=exhaustive from=0203e650 text=mov r2,r4 to=020574d2 type=PARAM function=- (GhidraScript)  
INFO  V15DecoderAnalysis.java> EVIDENCE_REF phase=exhaustive from=0203e69a text=add r2,r4,#0x533 to=02057a05 type=PARAM function=- (GhidraScript)  
INFO  V15DecoderAnalysis.java> EVIDENCE_SCALAR phase=exhaustive at=0203e75a value=0205736e text=mov r7,#0x205736e function=FUN_0203e754@0203e754 (GhidraScript)  
INFO  V15DecoderAnalysis.java> EVIDENCE_PCODE_CONST phase=exhaustive at=0203e75a value=0205736e op=COPY text=mov r7,#0x205736e function=FUN_0203e754@0203e754 (GhidraScript)  
INFO  V15DecoderAnalysis.java> EVIDENCE_REF phase=exhaustive from=0203e760 text=add r1,r7,#0xc to=0205737a type=PARAM function=FUN_0203e754@0203e754 (GhidraScript)  
INFO  V15DecoderAnalysis.java> EVIDENCE_REF phase=exhaustive from=0203e76c text=add r1,r7,#0x14 to=02057382 type=PARAM function=FUN_0203e754@0203e754 (GhidraScript)  
INFO  V15DecoderAnalysis.java> EVIDENCE_REF phase=exhaustive from=0203e76e text=mov r0,r5 to=0205737e type=PARAM function=FUN_0203e754@0203e754 (GhidraScript)  
INFO  V15DecoderAnalysis.java> EVIDENCE_REF phase=exhaustive from=0203e778 text=add r1,r7,#0x18 to=02057386 type=PARAM function=FUN_0203e754@0203e754 (GhidraScript)  
INFO  V15DecoderAnalysis.java> EVIDENCE_REF phase=exhaustive from=0203e77a text=mov r0,r4 to=02057372 type=PARAM function=FUN_0203e754@0203e754 (GhidraScript)  
INFO  V15DecoderAnalysis.java> EVIDENCE_REF phase=exhaustive from=0203e784 text=add r1,r7,#0x1c to=0205738a type=PARAM function=FUN_0203e754@0203e754 (GhidraScript)  
INFO  V15DecoderAnalysis.java> EVIDENCE_REF phase=exhaustive from=0203e786 text=mov r0,r6 to=0205736e type=PARAM function=FUN_0203e754@0203e754 (GhidraScript)  
INFO  V15DecoderAnalysis.java> EVIDENCE_REF phase=exhaustive from=0203e790 text=add r1,r7,#0x20 to=0205738e type=PARAM function=FUN_0203e754@0203e754 (GhidraScript)  
INFO  V15DecoderAnalysis.java> EVIDENCE_REF phase=exhaustive from=0203e794 text=mov r0,r5 to=0205736e type=PARAM function=FUN_0203e754@0203e754 (GhidraScript)  
INFO  V15DecoderAnalysis.java> EVIDENCE_REF phase=exhaustive from=0203e7a0 text=add r1,r7,#0x24 to=02057392 type=PARAM function=FUN_0203e754@0203e754 (GhidraScript)  
INFO  V15DecoderAnalysis.java> EVIDENCE_REF phase=exhaustive from=0203e7a4 text=mov r0,r4 to=0205741c type=PARAM function=FUN_0203e754@0203e754 (GhidraScript)  
INFO  V15DecoderAnalysis.java> EVIDENCE_REF phase=exhaustive from=0203e7a8 text=add r1,r7,#0xa4 to=02057412 type=PARAM function=FUN_0203e754@0203e754 (GhidraScript)  
INFO  V15DecoderAnalysis.java> EVIDENCE_REF phase=exhaustive from=0203e9fc text=mov r3,#0x2057376 to=02057376 type=PARAM function=FUN_0203e8c2@0203e8c2 (GhidraScript)  
INFO  V15DecoderAnalysis.java> EVIDENCE_SCALAR phase=exhaustive at=0203e9fc value=02057376 text=mov r3,#0x2057376 function=FUN_0203e8c2@0203e8c2 (GhidraScript)  
INFO  V15DecoderAnalysis.java> EVIDENCE_PCODE_CONST phase=exhaustive at=0203e9fc value=02057376 op=COPY text=mov r3,#0x2057376 function=FUN_0203e8c2@0203e8c2 (GhidraScript)  
INFO  V15DecoderAnalysis.java> EVIDENCE_REF phase=exhaustive from=0203ea0a text=lw r2,[r0 ++= 4] to=02057978 type=READ function=FUN_0203e8c2@0203e8c2 (GhidraScript)  
INFO  V15DecoderAnalysis.java> EVIDENCE_REF phase=exhaustive from=0203ea0a text=lw r2,[r0 ++= 4] to=0205797c type=READ function=FUN_0203e8c2@0203e8c2 (GhidraScript)  
INFO  V15DecoderAnalysis.java> EVIDENCE_REF phase=exhaustive from=0203eab6 text=sw r0,[r12 + 0x8] to=02058054 type=DATA function=FUN_0203e8c2@0203e8c2 (GhidraScript)  
INFO  V15DecoderAnalysis.java> EVIDENCE_SCALAR phase=exhaustive at=0203eae4 value=02057376 text=mov r0,#0x2057376 function=FUN_0203eaba@0203eaba (GhidraScript)  
INFO  V15DecoderAnalysis.java> EVIDENCE_PCODE_CONST phase=exhaustive at=0203eae4 value=02057376 op=COPY text=mov r0,#0x2057376 function=FUN_0203eaba@0203eaba (GhidraScript)  
INFO  V15DecoderAnalysis.java> EVIDENCE_REF phase=exhaustive from=0203eaee text=sw r0,[r5 + 0x0] to=02058054 type=DATA function=FUN_0203eaba@0203eaba (GhidraScript)  
INFO  V15DecoderAnalysis.java> EVIDENCE_REF phase=exhaustive from=0203eb10 text=mov r1,#0x2057376 to=02057376 type=PARAM function=FUN_0203eaba@0203eaba (GhidraScript)  
INFO  V15DecoderAnalysis.java> EVIDENCE_SCALAR phase=exhaustive at=0203eb10 value=02057376 text=mov r1,#0x2057376 function=FUN_0203eaba@0203eaba (GhidraScript)  
INFO  V15DecoderAnalysis.java> EVIDENCE_PCODE_CONST phase=exhaustive at=0203eb10 value=02057376 op=COPY text=mov r1,#0x2057376 function=FUN_0203eaba@0203eaba (GhidraScript)  
INFO  V15DecoderAnalysis.java> EVIDENCE_SCALAR phase=exhaustive at=0203eb64 value=02057376 text=mov r0,#0x2057376 function=FUN_0203eaba@0203eaba (GhidraScript)  
INFO  V15DecoderAnalysis.java> EVIDENCE_PCODE_CONST phase=exhaustive at=0203eb64 value=02057376 op=COPY text=mov r0,#0x2057376 function=FUN_0203eaba@0203eaba (GhidraScript)  
INFO  V15DecoderAnalysis.java> EVIDENCE_REF phase=exhaustive from=0203eb6a text=add r1,r0,#0x20 to=02057396 type=PARAM function=FUN_0203eaba@0203eaba (GhidraScript)  
INFO  V15DecoderAnalysis.java> EVIDENCE_REF phase=exhaustive from=0203eb7e text=mov r1,#0x2057376 to=02057376 type=PARAM function=FUN_0203eaba@0203eaba (GhidraScript)  
INFO  V15DecoderAnalysis.java> EVIDENCE_SCALAR phase=exhaustive at=0203eb7e value=02057376 text=mov r1,#0x2057376 function=FUN_0203eaba@0203eaba (GhidraScript)  
INFO  V15DecoderAnalysis.java> EVIDENCE_PCODE_CONST phase=exhaustive at=0203eb7e value=02057376 op=COPY text=mov r1,#0x2057376 function=FUN_0203eaba@0203eaba (GhidraScript)  
INFO  V15DecoderAnalysis.java> EVIDENCE_REF phase=exhaustive from=0203eb8e text=add r1,r0,#0xb0 to=02057426 type=PARAM function=FUN_0203eaba@0203eaba (GhidraScript)  
INFO  V15DecoderAnalysis.java> EVIDENCE_SCALAR phase=exhaustive at=0203eb9e value=02057376 text=mov r0,#0x2057376 function=FUN_0203eaba@0203eaba (GhidraScript)  
INFO  V15DecoderAnalysis.java> EVIDENCE_PCODE_CONST phase=exhaustive at=0203eb9e value=02057376 op=COPY text=mov r0,#0x2057376 function=FUN_0203eaba@0203eaba (GhidraScript)  
INFO  V15DecoderAnalysis.java> EVIDENCE_REF phase=exhaustive from=0203ebdc text=mov r2,#0x2057376 to=02057376 type=PARAM function=FUN_0203eaba@0203eaba (GhidraScript)  
INFO  V15DecoderAnalysis.java> EVIDENCE_SCALAR phase=exhaustive at=0203ebdc value=02057376 text=mov r2,#0x2057376 function=FUN_0203eaba@0203eaba (GhidraScript)  
INFO  V15DecoderAnalysis.java> EVIDENCE_PCODE_CONST phase=exhaustive at=0203ebdc value=02057376 op=COPY text=mov r2,#0x2057376 function=FUN_0203eaba@0203eaba (GhidraScript)  
INFO  V15DecoderAnalysis.java> EVIDENCE_REF phase=exhaustive from=0203ebe4 text=add r1,r2,#0x2d6 to=0205764c type=PARAM function=FUN_0203eaba@0203eaba (GhidraScript)  
INFO  V15DecoderAnalysis.java> EVIDENCE_REF phase=exhaustive from=0203ebf0 text=mov r2,#0x2057376 to=02057376 type=PARAM function=FUN_0203eaba@0203eaba (GhidraScript)  
INFO  V15DecoderAnalysis.java> EVIDENCE_SCALAR phase=exhaustive at=0203ebf0 value=02057376 text=mov r2,#0x2057376 function=FUN_0203eaba@0203eaba (GhidraScript)  
INFO  V15DecoderAnalysis.java> EVIDENCE_PCODE_CONST phase=exhaustive at=0203ebf0 value=02057376 op=COPY text=mov r2,#0x2057376 function=FUN_0203eaba@0203eaba (GhidraScript)  
INFO  V15DecoderAnalysis.java> EVIDENCE_REF phase=exhaustive from=0203ec38 text=mov r2,#0x2057376 to=02057376 type=PARAM function=FUN_0203eaba@0203eaba (GhidraScript)  
INFO  V15DecoderAnalysis.java> EVIDENCE_SCALAR phase=exhaustive at=0203ec38 value=02057376 text=mov r2,#0x2057376 function=FUN_0203eaba@0203eaba (GhidraScript)  
INFO  V15DecoderAnalysis.java> EVIDENCE_PCODE_CONST phase=exhaustive at=0203ec38 value=02057376 op=COPY text=mov r2,#0x2057376 function=FUN_0203eaba@0203eaba (GhidraScript)  
INFO  V15DecoderAnalysis.java> EVIDENCE_REF phase=exhaustive from=0203ec8c text=sw r0,[r10 + 0x20] to=0205739a type=DATA function=FUN_0203eaba@0203eaba (GhidraScript)  
INFO  V15DecoderAnalysis.java> EVIDENCE_SCALAR phase=exhaustive at=0203ed0c value=02057376 text=mov r2,#0x2057376 function=FUN_0203eaba@0203eaba (GhidraScript)  
INFO  V15DecoderAnalysis.java> EVIDENCE_PCODE_CONST phase=exhaustive at=0203ed0c value=02057376 op=COPY text=mov r2,#0x2057376 function=FUN_0203eaba@0203eaba (GhidraScript)  
INFO  V15DecoderAnalysis.java> EVIDENCE_REF phase=exhaustive from=0203ed14 text=add r0,r2,#0x162 to=020574d8 type=PARAM function=FUN_0203eaba@0203eaba (GhidraScript)  
INFO  V15DecoderAnalysis.java> EVIDENCE_REF phase=exhaustive from=0203ee04 text=ldw r1,r9,#0x10 to=02057614 type=READ function=FUN_0203eaba@0203eaba (GhidraScript)  
INFO  V15DecoderAnalysis.java> EVIDENCE_REF phase=exhaustive from=0203ee0c text=lw r1,[r6 + 0x14] to=02057618 type=READ function=FUN_0203eaba@0203eaba (GhidraScript)  
INFO  V15DecoderAnalysis.java> EVIDENCE_REF phase=exhaustive from=0203ee56 text=sw r0,[r6 + 0xc] to=02057610 type=WRITE function=FUN_0203eaba@0203eaba (GhidraScript)  
INFO  V15DecoderAnalysis.java> EVIDENCE_SCALAR phase=exhaustive at=0203eea0 value=02057376 text=mov r0,#0x2057376 function=FUN_0203eaba@0203eaba (GhidraScript)  
INFO  V15DecoderAnalysis.java> EVIDENCE_PCODE_CONST phase=exhaustive at=0203eea0 value=02057376 op=COPY text=mov r0,#0x2057376 function=FUN_0203eaba@0203eaba (GhidraScript)  
INFO  V15DecoderAnalysis.java> EVIDENCE_REF phase=exhaustive from=0203eea6 text=add r2,r0,#0x168 to=020574de type=PARAM function=FUN_0203eaba@0203eaba (GhidraScript)  
INFO  V15DecoderAnalysis.java> EVIDENCE_SCALAR phase=exhaustive at=0203f12a value=02057366 text=mov r11,#0x2057366 function=FUN_0203f10c@0203f10c (GhidraScript)  
INFO  V15DecoderAnalysis.java> EVIDENCE_PCODE_CONST phase=exhaustive at=0203f12a value=02057366 op=COPY text=mov r11,#0x2057366 function=FUN_0203f10c@0203f10c (GhidraScript)  
INFO  V15DecoderAnalysis.java> EVIDENCE_REF phase=exhaustive from=0203f5a4 text=lb.z r2,[r9 + 0x8] to=0205760c type=READ function=FUN_0203f59c@0203f59c (GhidraScript)  
INFO  V15DecoderAnalysis.java> EVIDENCE_SCALAR phase=exhaustive at=0203f802 value=0205739e text=mov r9,#0x205739e function=FUN_0203f7c8@0203f7c8 (GhidraScript)  
INFO  V15DecoderAnalysis.java> EVIDENCE_PCODE_CONST phase=exhaustive at=0203f802 value=0205739e op=COPY text=mov r9,#0x205739e function=FUN_0203f7c8@0203f7c8 (GhidraScript)  
INFO  V15DecoderAnalysis.java> EVIDENCE_REF phase=exhaustive from=0203f81e text=mov r1,r9 to=0205739e type=PARAM function=FUN_0203f7c8@0203f7c8 (GhidraScript)  
INFO  V15DecoderAnalysis.java> EVIDENCE_REF phase=exhaustive from=0203f828 text=add r1,r9,#0x205 to=020575a3 type=PARAM function=FUN_0203f7c8@0203f7c8 (GhidraScript)  
INFO  V15DecoderAnalysis.java> EVIDENCE_REF phase=exhaustive from=0203f836 text=add r1,r9,#0x158 to=020574f6 type=PARAM function=FUN_0203f7c8@0203f7c8 (GhidraScript)  
INFO  V15DecoderAnalysis.java> EVIDENCE_REF phase=exhaustive from=0203f844 text=add r1,r9,#0x152 to=020574f0 type=PARAM function=FUN_0203f7c8@0203f7c8 (GhidraScript)  
INFO  V15DecoderAnalysis.java> EVIDENCE_REF phase=exhaustive from=0203f852 text=add r1,r9,#0x8d to=0205742b type=PARAM function=FUN_0203f7c8@0203f7c8 (GhidraScript)  
INFO  V15DecoderAnalysis.java> EVIDENCE_REF phase=exhaustive from=0203f860 text=add r1,r9,#0x92 to=02057430 type=PARAM function=FUN_0203f7c8@0203f7c8 (GhidraScript)  
INFO  V15DecoderAnalysis.java> EVIDENCE_REF phase=exhaustive from=0203f86e text=add r1,r9,#0x14c to=020574ea type=PARAM function=FUN_0203f7c8@0203f7c8 (GhidraScript)  
INFO  V15DecoderAnalysis.java> EVIDENCE_REF phase=exhaustive from=0203f87c text=add r1,r9,#0x2ae to=0205764c type=PARAM function=FUN_0203f7c8@0203f7c8 (GhidraScript)  
INFO  V15DecoderAnalysis.java> EVIDENCE_REF phase=exhaustive from=0203f8e2 text=sw r0,[r5 + 0x30] to=02058054 type=DATA function=FUN_0203f7c8@0203f7c8 (GhidraScript)  
INFO  V15DecoderAnalysis.java> EVIDENCE_REF phase=exhaustive from=0203f906 text=add r0,r9,#0x13a to=020574d8 type=PARAM function=FUN_0203f7c8@0203f7c8 (GhidraScript)  
INFO  V15DecoderAnalysis.java> EVIDENCE_REF phase=exhaustive from=0203fb3a text=add r0,r9,#0x6e4 to=02057a82 type=PARAM function=FUN_0203f7c8@0203f7c8 (GhidraScript)  
INFO  V15DecoderAnalysis.java> EVIDENCE_SCALAR phase=exhaustive at=0203fc1c value=02057a82 text=mov r5,#0x2057a82 function=FUN_0203fbfe@0203fbfe (GhidraScript)  
INFO  V15DecoderAnalysis.java> EVIDENCE_PCODE_CONST phase=exhaustive at=0203fc1c value=02057a82 op=COPY text=mov r5,#0x2057a82 function=FUN_0203fbfe@0203fbfe (GhidraScript)  
INFO  V15DecoderAnalysis.java> EVIDENCE_REF phase=exhaustive from=0203fc32 text=mov r0,r5 to=02057a82 type=PARAM function=FUN_0203fbfe@0203fbfe (GhidraScript)  
INFO  V15DecoderAnalysis.java> EVIDENCE_SCALAR phase=exhaustive at=0203fc86 value=0205739e text=mov r6,#0x205739e function=FUN_0203fc68@0203fc68 (GhidraScript)  
INFO  V15DecoderAnalysis.java> EVIDENCE_PCODE_CONST phase=exhaustive at=0203fc86 value=0205739e op=COPY text=mov r6,#0x205739e function=FUN_0203fc68@0203fc68 (GhidraScript)  
INFO  V15DecoderAnalysis.java> EVIDENCE_REF phase=exhaustive from=0203fc98 text=add r0,r6,#0x6e4 to=02057a82 type=PARAM function=FUN_0203fc68@0203fc68 (GhidraScript)  
INFO  V15DecoderAnalysis.java> EVIDENCE_REF phase=exhaustive from=0203fd04 text=mov r1,r6 to=0205739e type=PARAM function=FUN_0203fc68@0203fc68 (GhidraScript)  
INFO  V15DecoderAnalysis.java> EVIDENCE_SCALAR phase=exhaustive at=0203fdc6 value=0205739e text=mov r8,#0x205739e function=- (GhidraScript)  
INFO  V15DecoderAnalysis.java> EVIDENCE_PCODE_CONST phase=exhaustive at=0203fdc6 value=0205739e op=COPY text=mov r8,#0x205739e function=- (GhidraScript)  
INFO  V15DecoderAnalysis.java> EVIDENCE_REF phase=exhaustive from=0203fecc text=mov r1,r8 to=0205739e type=PARAM function=- (GhidraScript)  
INFO  V15DecoderAnalysis.java> EVIDENCE_SCALAR phase=exhaustive at=020409e2 value=02057396 text=mov r6,#0x2057396 function=- (GhidraScript)  
INFO  V15DecoderAnalysis.java> EVIDENCE_PCODE_CONST phase=exhaustive at=020409e2 value=02057396 op=COPY text=mov r6,#0x2057396 function=- (GhidraScript)  
INFO  V15DecoderAnalysis.java> EVIDENCE_REF phase=exhaustive from=020409f2 text=mov r1,r6 to=02057396 type=PARAM function=- (GhidraScript)  
INFO  V15DecoderAnalysis.java> EVIDENCE_REF phase=exhaustive from=02040a84 text=add r1,r6,#0x5ee to=02057396 type=DATA function=- (GhidraScript)  
INFO  V15DecoderAnalysis.java> EVIDENCE_REF phase=exhaustive from=02040a90 text=sw r1,[sp+0xc] to=02057984 type=DATA function=- (GhidraScript)  
INFO  V15DecoderAnalysis.java> EVIDENCE_SCALAR phase=exhaustive at=02040bf0 value=02057396 text=mov r0,#0x2057396 function=- (GhidraScript)  
INFO  V15DecoderAnalysis.java> EVIDENCE_PCODE_CONST phase=exhaustive at=02040bf0 value=02057396 op=COPY text=mov r0,#0x2057396 function=- (GhidraScript)  
INFO  V15DecoderAnalysis.java> EVIDENCE_REF phase=exhaustive from=02040bf6 text=add r0,r0,#0x5ee to=02057396 type=DATA function=- (GhidraScript)  
INFO  V15DecoderAnalysis.java> EVIDENCE_REF phase=exhaustive from=02040c02 text=sw r0,[sp+0xc] to=02057984 type=DATA function=- (GhidraScript)  
INFO  V15DecoderAnalysis.java> EVIDENCE_SCALAR phase=exhaustive at=02041212 value=020577ce text=mov r5,#0x20577ce function=FUN_020411fc@020411fc (GhidraScript)  
INFO  V15DecoderAnalysis.java> EVIDENCE_PCODE_CONST phase=exhaustive at=02041212 value=020577ce op=COPY text=mov r5,#0x20577ce function=FUN_020411fc@020411fc (GhidraScript)  
INFO  V15DecoderAnalysis.java> EVIDENCE_REF phase=exhaustive from=02041218 text=sw r5,[r11 + 0x8] to=020577ce type=DATA function=FUN_020411fc@020411fc (GhidraScript)  
INFO  V15DecoderAnalysis.java> EVIDENCE_REF phase=exhaustive from=02041360 text=lb.s r0,[r2+#0x5] to=020577d3 type=READ function=FUN_020411fc@020411fc (GhidraScript)  
INFO  V15DecoderAnalysis.java> EVIDENCE_REF phase=exhaustive from=02041378 text=lb.s r2,[r2+#0x7] to=020577da type=READ function=FUN_020411fc@020411fc (GhidraScript)  
INFO  V15DecoderAnalysis.java> EVIDENCE_REF phase=exhaustive from=0204137c text=add r1,r5,#0x494 to=02057c62 type=PARAM function=FUN_020411fc@020411fc (GhidraScript)  
INFO  V15DecoderAnalysis.java> EVIDENCE_REF phase=exhaustive from=020414ea text=mov r0,r9 to=02057604 type=PARAM function=caseD_80044103@0204145c (GhidraScript)  
INFO  V15DecoderAnalysis.java> EVIDENCE_REF phase=exhaustive from=020419c0 text=add r1,r5,#0xa to=020577d8 type=PARAM function=FUN_020411fc@020411fc (GhidraScript)  
INFO  V15DecoderAnalysis.java> EVIDENCE_REF phase=exhaustive from=020422b0 text=mov r1,#0x20574ea to=020574ea type=PARAM function=- (GhidraScript)  
INFO  V15DecoderAnalysis.java> EVIDENCE_SCALAR phase=exhaustive at=020422b0 value=020574ea text=mov r1,#0x20574ea function=- (GhidraScript)  
INFO  V15DecoderAnalysis.java> EVIDENCE_PCODE_CONST phase=exhaustive at=020422b0 value=020574ea op=COPY text=mov r1,#0x20574ea function=- (GhidraScript)  
INFO  V15DecoderAnalysis.java> EVIDENCE_SCALAR phase=exhaustive at=02042904 value=020574ea text=mov r5,#0x20574ea function=- (GhidraScript)  
INFO  V15DecoderAnalysis.java> EVIDENCE_PCODE_CONST phase=exhaustive at=02042904 value=020574ea op=COPY text=mov r5,#0x20574ea function=- (GhidraScript)  
INFO  V15DecoderAnalysis.java> EVIDENCE_REF phase=exhaustive from=02042918 text=sw r5,[sp] to=020574ea type=DATA function=- (GhidraScript)  
INFO  V15DecoderAnalysis.java> EVIDENCE_SCALAR phase=exhaustive at=02042ad2 value=020573aa text=mov r10,#0x20573aa function=- (GhidraScript)  
INFO  V15DecoderAnalysis.java> EVIDENCE_PCODE_CONST phase=exhaustive at=02042ad2 value=020573aa op=COPY text=mov r10,#0x20573aa function=- (GhidraScript)  
INFO  V15DecoderAnalysis.java> EVIDENCE_REF phase=exhaustive from=02042ad8 text=mov r0,r10 to=020573aa type=PARAM function=- (GhidraScript)  
INFO  V15DecoderAnalysis.java> EVIDENCE_SCALAR phase=exhaustive at=02042c44 value=020574f0 text=mov r6,#0x20574f0 function=- (GhidraScript)  
INFO  V15DecoderAnalysis.java> EVIDENCE_PCODE_CONST phase=exhaustive at=02042c44 value=020574f0 op=COPY text=mov r6,#0x20574f0 function=- (GhidraScript)  
INFO  V15DecoderAnalysis.java> EVIDENCE_REF phase=exhaustive from=02042c4a text=add r1,r6,#0x6 to=020574f6 type=PARAM function=- (GhidraScript)  
INFO  V15DecoderAnalysis.java> EVIDENCE_REF phase=exhaustive from=02042c5a text=mov r1,r6 to=020574f0 type=PARAM function=- (GhidraScript)  
INFO  V15DecoderAnalysis.java> EVIDENCE_REF phase=exhaustive from=02043024 text=mov r0,#0x20574fc to=020574fc type=PARAM function=- (GhidraScript)  
INFO  V15DecoderAnalysis.java> EVIDENCE_SCALAR phase=exhaustive at=02043024 value=020574fc text=mov r0,#0x20574fc function=- (GhidraScript)  
INFO  V15DecoderAnalysis.java> EVIDENCE_PCODE_CONST phase=exhaustive at=02043024 value=020574fc op=COPY text=mov r0,#0x20574fc function=- (GhidraScript)  
INFO  V15DecoderAnalysis.java> EVIDENCE_SCALAR phase=exhaustive at=020432a6 value=020574f0 text=mov r10,#0x20574f0 function=- (GhidraScript)  
INFO  V15DecoderAnalysis.java> EVIDENCE_PCODE_CONST phase=exhaustive at=020432a6 value=020574f0 op=COPY text=mov r10,#0x20574f0 function=- (GhidraScript)  
INFO  V15DecoderAnalysis.java> EVIDENCE_REF phase=exhaustive from=020432c6 text=mov r1,r8 to=020574f6 type=DATA function=- (GhidraScript)  
INFO  V15DecoderAnalysis.java> EVIDENCE_REF phase=exhaustive from=020432c6 text=mov r1,r8 to=020574f0 type=DATA function=- (GhidraScript)  
INFO  V15DecoderAnalysis.java> EVIDENCE_SCALAR phase=exhaustive at=0204359e value=0205742b text=mov r6,#0x205742b function=- (GhidraScript)  
INFO  V15DecoderAnalysis.java> EVIDENCE_PCODE_CONST phase=exhaustive at=0204359e value=0205742b op=COPY text=mov r6,#0x205742b function=- (GhidraScript)  
INFO  V15DecoderAnalysis.java> EVIDENCE_REF phase=exhaustive from=020435a6 text=mov r1,r6 to=0205742b type=PARAM function=- (GhidraScript)  
INFO  V15DecoderAnalysis.java> EVIDENCE_REF phase=exhaustive from=020435b2 text=add r1,r6,#0x5 to=02057430 type=PARAM function=- (GhidraScript)  
INFO  V15DecoderAnalysis.java> EVIDENCE_SCALAR phase=exhaustive at=020436cc value=02057234 text=mov r12,#0x2057234 function=FUN_020435ca@020435ca (GhidraScript)  
INFO  V15DecoderAnalysis.java> EVIDENCE_PCODE_CONST phase=exhaustive at=020436cc value=02057234 op=COPY text=mov r12,#0x2057234 function=FUN_020435ca@020435ca (GhidraScript)  
INFO  V15DecoderAnalysis.java> EVIDENCE_REF phase=exhaustive from=020436dc text=lb.z r0,[r0 + r5] to=02057238 type=DATA function=FUN_020435ca@020435ca (GhidraScript)  
INFO  V15DecoderAnalysis.java> EVIDENCE_REF phase=exhaustive from=020436f0 text=lb.z r0,[r0 + r6] to=02057239 type=DATA function=FUN_020435ca@020435ca (GhidraScript)  
INFO  V15DecoderAnalysis.java> EVIDENCE_REF phase=exhaustive from=02043704 text=lb.z r0,[r0 + r7] to=0205723a type=DATA function=FUN_020435ca@020435ca (GhidraScript)  
INFO  V15DecoderAnalysis.java> EVIDENCE_REF phase=exhaustive from=02043714 text=lb.z r0,[r0 + r5] to=02057238 type=DATA function=FUN_020435ca@020435ca (GhidraScript)  
INFO  V15DecoderAnalysis.java> EVIDENCE_REF phase=exhaustive from=02043722 text=lb.z r0,[r0 + r6] to=02057239 type=DATA function=FUN_020435ca@020435ca (GhidraScript)  
INFO  V15DecoderAnalysis.java> EVIDENCE_REF phase=exhaustive from=02043730 text=lb.z r0,[r0 + r7] to=0205723a type=DATA function=FUN_020435ca@020435ca (GhidraScript)  
INFO  V15DecoderAnalysis.java> EVIDENCE_REF phase=exhaustive from=0204373e text=lb.z r0,[r0 + r5] to=02057238 type=DATA function=FUN_020435ca@020435ca (GhidraScript)  
INFO  V15DecoderAnalysis.java> EVIDENCE_REF phase=exhaustive from=0204374e text=lb.z r0,[r0 + r6] to=02057239 type=DATA function=FUN_020435ca@020435ca (GhidraScript)  
INFO  V15DecoderAnalysis.java> EVIDENCE_REF phase=exhaustive from=0204375e text=lb.z r0,[r0 + r7] to=0205723a type=DATA function=FUN_020435ca@020435ca (GhidraScript)  
INFO  V15DecoderAnalysis.java> EVIDENCE_REF phase=exhaustive from=0204376e text=lb.z r0,[r0 + r5] to=02057238 type=DATA function=FUN_020435ca@020435ca (GhidraScript)  
INFO  V15DecoderAnalysis.java> EVIDENCE_REF phase=exhaustive from=0204377e text=lb.z r0,[r0 + r6] to=02057239 type=DATA function=FUN_020435ca@020435ca (GhidraScript)  
INFO  V15DecoderAnalysis.java> EVIDENCE_REF phase=exhaustive from=0204378e text=lb.z r0,[r0 + r7] to=0205723a type=DATA function=FUN_020435ca@020435ca (GhidraScript)  
INFO  V15DecoderAnalysis.java> EVIDENCE_REF phase=exhaustive from=020437a0 text=lb.z r0,[r0 + r5] to=02057238 type=DATA function=FUN_020435ca@020435ca (GhidraScript)  
INFO  V15DecoderAnalysis.java> EVIDENCE_REF phase=exhaustive from=020437b0 text=lb.z r0,[r0 + r5] to=02057238 type=DATA function=FUN_020435ca@020435ca (GhidraScript)  
INFO  V15DecoderAnalysis.java> EVIDENCE_REF phase=exhaustive from=020437c0 text=lb.z r0,[r0 + r5] to=02057238 type=DATA function=FUN_020435ca@020435ca (GhidraScript)  
INFO  V15DecoderAnalysis.java> EVIDENCE_REF phase=exhaustive from=020437d4 text=lb.z r0,[r0 + r5] to=02057239 type=DATA function=FUN_020435ca@020435ca (GhidraScript)  
INFO  V15DecoderAnalysis.java> EVIDENCE_REF phase=exhaustive from=020437e4 text=lb.z r0,[r0 + r5] to=02057239 type=DATA function=FUN_020435ca@020435ca (GhidraScript)  
INFO  V15DecoderAnalysis.java> EVIDENCE_REF phase=exhaustive from=020437f4 text=lb.z r0,[r0 + r5] to=02057239 type=DATA function=FUN_020435ca@020435ca (GhidraScript)  
INFO  V15DecoderAnalysis.java> EVIDENCE_REF phase=exhaustive from=02043808 text=lb.z r0,[r0 + r5] to=0205723a type=DATA function=FUN_020435ca@020435ca (GhidraScript)  
INFO  V15DecoderAnalysis.java> EVIDENCE_REF phase=exhaustive from=02043818 text=lb.z r0,[r0 + r5] to=0205723a type=DATA function=FUN_020435ca@020435ca (GhidraScript)  
INFO  V15DecoderAnalysis.java> EVIDENCE_REF phase=exhaustive from=02043828 text=lb.z r0,[r0 + r5] to=0205723a type=DATA function=FUN_020435ca@020435ca (GhidraScript)  
INFO  V15DecoderAnalysis.java> EVIDENCE_REF phase=exhaustive from=02043850 text=lb.z r0,[r0 + r12] to=02057234 type=DATA function=FUN_020435ca@020435ca (GhidraScript)  
INFO  V15DecoderAnalysis.java> EVIDENCE_REF phase=exhaustive from=02043862 text=lb.z r0,[r0 + r12] to=02057234 type=DATA function=FUN_020435ca@020435ca (GhidraScript)  
INFO  V15DecoderAnalysis.java> EVIDENCE_REF phase=exhaustive from=02043874 text=lb.z r0,[r0 + r12] to=02057234 type=DATA function=FUN_020435ca@020435ca (GhidraScript)  
INFO  V15DecoderAnalysis.java> EVIDENCE_REF phase=exhaustive from=0204389c text=lb.z r0,[r0 + r12] to=02057234 type=DATA function=FUN_020435ca@020435ca (GhidraScript)  
INFO  V15DecoderAnalysis.java> EVIDENCE_REF phase=exhaustive from=020438ae text=lb.z r0,[r0 + r12] to=02057234 type=DATA function=FUN_020435ca@020435ca (GhidraScript)  
INFO  V15DecoderAnalysis.java> EVIDENCE_REF phase=exhaustive from=020438be text=lb.z r0,[r0 + r12] to=02057234 type=DATA function=FUN_020435ca@020435ca (GhidraScript)  
INFO  V15DecoderAnalysis.java> EVIDENCE_REF phase=exhaustive from=020438d0 text=lb.z r0,[r0 + r12] to=02057234 type=DATA function=FUN_020435ca@020435ca (GhidraScript)  
INFO  V15DecoderAnalysis.java> EVIDENCE_SCALAR phase=exhaustive at=02043eb8 value=02057234 text=mov r9,#0x2057234 function=FUN_02043e50@02043e50 (GhidraScript)  
INFO  V15DecoderAnalysis.java> EVIDENCE_PCODE_CONST phase=exhaustive at=02043eb8 value=02057234 op=COPY text=mov r9,#0x2057234 function=FUN_02043e50@02043e50 (GhidraScript)  
INFO  V15DecoderAnalysis.java> EVIDENCE_REF phase=exhaustive from=02043ecc text=lb.z r0,[r0 + 0x4] to=02057238 type=DATA function=FUN_02043e50@02043e50 (GhidraScript)  
INFO  V15DecoderAnalysis.java> EVIDENCE_REF phase=exhaustive from=02043ee4 text=lb.z r0,[r0 + r4] to=02057238 type=DATA function=FUN_02043e50@02043e50 (GhidraScript)  
INFO  V15DecoderAnalysis.java> EVIDENCE_REF phase=exhaustive from=02043ef2 text=lb.z r0,[r0 + r4] to=02057238 type=DATA function=FUN_02043e50@02043e50 (GhidraScript)  
INFO  V15DecoderAnalysis.java> EVIDENCE_REF phase=exhaustive from=02043f04 text=lb.z r0,[r0 + 0x5] to=02057239 type=DATA function=FUN_02043e50@02043e50 (GhidraScript)  
INFO  V15DecoderAnalysis.java> EVIDENCE_REF phase=exhaustive from=02043f16 text=lb.z r0,[r0 + 0x6] to=0205723a type=DATA function=FUN_02043e50@02043e50 (GhidraScript)  
INFO  V15DecoderAnalysis.java> EVIDENCE_REF phase=exhaustive from=02043f24 text=lb.z r0,[r0 + 0x5] to=02057239 type=DATA function=FUN_02043e50@02043e50 (GhidraScript)  
INFO  V15DecoderAnalysis.java> EVIDENCE_REF phase=exhaustive from=02043f36 text=lb.z r0,[r0 + 0x6] to=0205723a type=DATA function=FUN_02043e50@02043e50 (GhidraScript)  
INFO  V15DecoderAnalysis.java> EVIDENCE_REF phase=exhaustive from=02043f5a text=lb.z r0,[r0 + r9] to=02057234 type=DATA function=FUN_02043e50@02043e50 (GhidraScript)  
INFO  V15DecoderAnalysis.java> EVIDENCE_REF phase=exhaustive from=02043f6c text=lb.z r0,[r0 + r9] to=02057234 type=DATA function=FUN_02043e50@02043e50 (GhidraScript)  
INFO  V15DecoderAnalysis.java> EVIDENCE_SCALAR phase=exhaustive at=020441e2 value=0205742b text=mov r11,#0x205742b function=FUN_020441c6@020441c6 (GhidraScript)  
INFO  V15DecoderAnalysis.java> EVIDENCE_PCODE_CONST phase=exhaustive at=020441e2 value=0205742b op=COPY text=mov r11,#0x205742b function=FUN_020441c6@020441c6 (GhidraScript)  
INFO  V15DecoderAnalysis.java> EVIDENCE_REF phase=exhaustive from=0204429c text=_sw r4,[sp] to=0205742b type=DATA function=FUN_020441c6@020441c6 (GhidraScript)  
INFO  V15DecoderAnalysis.java> EVIDENCE_REF phase=exhaustive from=020442c8 text=sw r4,[sp] to=0205742b type=DATA function=FUN_020441c6@020441c6 (GhidraScript)  
INFO  V15DecoderAnalysis.java> EVIDENCE_SCALAR phase=exhaustive at=02044500 value=0205742b text=mov r6,#0x205742b function=- (GhidraScript)  
INFO  V15DecoderAnalysis.java> EVIDENCE_PCODE_CONST phase=exhaustive at=02044500 value=0205742b op=COPY text=mov r6,#0x205742b function=- (GhidraScript)  
INFO  V15DecoderAnalysis.java> EVIDENCE_REF phase=exhaustive from=02044508 text=mov r1,r6 to=0205742b type=PARAM function=- (GhidraScript)  
INFO  V15DecoderAnalysis.java> EVIDENCE_REF phase=exhaustive from=02044514 text=add r1,r6,#0x5 to=02057430 type=PARAM function=- (GhidraScript)  
INFO  V15DecoderAnalysis.java> EVIDENCE_SCALAR phase=exhaustive at=02044762 value=0205742b text=mov r10,#0x205742b function=- (GhidraScript)  
INFO  V15DecoderAnalysis.java> EVIDENCE_PCODE_CONST phase=exhaustive at=02044762 value=0205742b op=COPY text=mov r10,#0x205742b function=- (GhidraScript)  
INFO  V15DecoderAnalysis.java> EVIDENCE_REF phase=exhaustive from=02044780 text=sw r6,[sp] to=0205742b type=DATA function=- (GhidraScript)  
INFO  V15DecoderAnalysis.java> EVIDENCE_REF phase=exhaustive from=02044780 text=sw r6,[sp] to=02057430 type=DATA function=- (GhidraScript)  
INFO  V15DecoderAnalysis.java> EVIDENCE_SCALAR phase=exhaustive at=0204487c value=020571f0 text=mov r1,#0x20571f0 function=- (GhidraScript)  
INFO  V15DecoderAnalysis.java> EVIDENCE_PCODE_CONST phase=exhaustive at=0204487c value=020571f0 op=COPY text=mov r1,#0x20571f0 function=- (GhidraScript)  
INFO  V15DecoderAnalysis.java> EVIDENCE_REF phase=exhaustive from=02044882 text=sw r1,[r4 + 0x350] to=020571f0 type=DATA function=- (GhidraScript)  
INFO  V15DecoderAnalysis.java> EVIDENCE_REF phase=exhaustive from=02044886 text=lb.z r0,[r1 + 0x2] to=020571f2 type=READ function=- (GhidraScript)  
INFO  V15DecoderAnalysis.java> EVIDENCE_REF phase=exhaustive from=0204488c text=lb.z r1,[r1 + 0x3] to=020571f3 type=READ function=- (GhidraScript)  
INFO  V15DecoderAnalysis.java> EVIDENCE_SCALAR phase=exhaustive at=0204532c value=02057250 text=mov r3,#0x2057250 function=FUN_02045316@02045316 (GhidraScript)  
INFO  V15DecoderAnalysis.java> EVIDENCE_PCODE_CONST phase=exhaustive at=0204532c value=02057250 op=COPY text=mov r3,#0x2057250 function=FUN_02045316@02045316 (GhidraScript)  
INFO  V15DecoderAnalysis.java> EVIDENCE_SCALAR phase=exhaustive at=02045684 value=0205739a text=mov r14,#0x205739a function=- (GhidraScript)  
INFO  V15DecoderAnalysis.java> EVIDENCE_PCODE_CONST phase=exhaustive at=02045684 value=0205739a op=COPY text=mov r14,#0x205739a function=- (GhidraScript)  
INFO  V15DecoderAnalysis.java> EVIDENCE_REF phase=exhaustive from=02045698 text=sw r14,[sp+0x0] to=0205739a type=DATA function=- (GhidraScript)  
INFO  V15DecoderAnalysis.java> EVIDENCE_SCALAR phase=exhaustive at=02045954 value=0205739a text=mov r10,#0x205739a function=FUN_02045934@02045934 (GhidraScript)  
INFO  V15DecoderAnalysis.java> EVIDENCE_PCODE_CONST phase=exhaustive at=02045954 value=0205739a op=COPY text=mov r10,#0x205739a function=FUN_02045934@02045934 (GhidraScript)  
INFO  V15DecoderAnalysis.java> EVIDENCE_REF phase=exhaustive from=020459c6 text=sw r10,[sp+0x0] to=0205739a type=DATA function=FUN_02045934@02045934 (GhidraScript)  
INFO  V15DecoderAnalysis.java> EVIDENCE_SCALAR phase=exhaustive at=02045c34 value=0205739e text=mov r5,#0x205739e function=- (GhidraScript)  
INFO  V15DecoderAnalysis.java> EVIDENCE_PCODE_CONST phase=exhaustive at=02045c34 value=0205739e op=COPY text=mov r5,#0x205739e function=- (GhidraScript)  
INFO  V15DecoderAnalysis.java> EVIDENCE_REF phase=exhaustive from=02045c44 text=add r1,r5,#0x205 to=020575a3 type=PARAM function=- (GhidraScript)  
INFO  V15DecoderAnalysis.java> EVIDENCE_SCALAR phase=exhaustive at=02045c60 value=02057250 text=mov r6,#0x2057250 function=FUN_02045c5a@02045c5a (GhidraScript)  
INFO  V15DecoderAnalysis.java> EVIDENCE_PCODE_CONST phase=exhaustive at=02045c60 value=02057250 op=COPY text=mov r6,#0x2057250 function=FUN_02045c5a@02045c5a (GhidraScript)  
INFO  V15DecoderAnalysis.java> EVIDENCE_REF phase=exhaustive from=02045c6a text=mov r1,r10 to=0205739e type=PARAM function=FUN_02045c5a@02045c5a (GhidraScript)  
INFO  V15DecoderAnalysis.java> EVIDENCE_REF phase=exhaustive from=02045c7a text=add r1,r6,#0x353 to=020575a3 type=PARAM function=FUN_02045c5a@02045c5a (GhidraScript)  
INFO  V15DecoderAnalysis.java> EVIDENCE_REF phase=exhaustive from=02045c98 text=lb.z r7,[r0 + r5] to=020573a2 type=READ function=FUN_02045c5a@02045c5a (GhidraScript)  
INFO  V15DecoderAnalysis.java> EVIDENCE_REF phase=exhaustive from=02045cc8 text=lb.z r7,[r0 + r5] to=0205765c type=READ function=FUN_02045c5a@02045c5a (GhidraScript)  
INFO  V15DecoderAnalysis.java> EVIDENCE_REF phase=exhaustive from=02045ce0 text=add r1,r6,#0x353 to=020575a3 type=PARAM function=FUN_02045c5a@02045c5a (GhidraScript)  
INFO  V15DecoderAnalysis.java> EVIDENCE_REF phase=exhaustive from=02045d00 text=mov r1,r10 to=0205739e type=PARAM function=FUN_02045c5a@02045c5a (GhidraScript)  
INFO  V15DecoderAnalysis.java> EVIDENCE_SCALAR phase=exhaustive at=0204609c value=0205739e text=mov r7,#0x205739e function=FUN_02046094@02046094 (GhidraScript)  
INFO  V15DecoderAnalysis.java> EVIDENCE_PCODE_CONST phase=exhaustive at=0204609c value=0205739e op=COPY text=mov r7,#0x205739e function=FUN_02046094@02046094 (GhidraScript)  
INFO  V15DecoderAnalysis.java> EVIDENCE_REF phase=exhaustive from=020460a2 text=mov r1,r7 to=0205739e type=PARAM function=FUN_02046094@02046094 (GhidraScript)  
INFO  V15DecoderAnalysis.java> EVIDENCE_REF phase=exhaustive from=020460b2 text=add r1,r7,#0x205 to=020575a3 type=PARAM function=FUN_02046094@02046094 (GhidraScript)  
INFO  V15DecoderAnalysis.java> EVIDENCE_SCALAR phase=exhaustive at=02046206 value=02057250 text=mov r13,#0x2057250 function=FUN_02046200@02046200 (GhidraScript)  
INFO  V15DecoderAnalysis.java> EVIDENCE_PCODE_CONST phase=exhaustive at=02046206 value=02057250 op=COPY text=mov r13,#0x2057250 function=FUN_02046200@02046200 (GhidraScript)  
INFO  V15DecoderAnalysis.java> EVIDENCE_REF phase=exhaustive from=02046212 text=mov r1,r11 to=0205739e type=PARAM function=FUN_02046200@02046200 (GhidraScript)  
INFO  V15DecoderAnalysis.java> EVIDENCE_REF phase=exhaustive from=02046288 text=mov r1,r11 to=0205739e type=PARAM function=FUN_02046200@02046200 (GhidraScript)  
INFO  V15DecoderAnalysis.java> EVIDENCE_SCALAR phase=exhaustive at=0204691a value=0205739e text=mov r6,#0x205739e function=FUN_02046914@02046914 (GhidraScript)  
INFO  V15DecoderAnalysis.java> EVIDENCE_PCODE_CONST phase=exhaustive at=0204691a value=0205739e op=COPY text=mov r6,#0x205739e function=FUN_02046914@02046914 (GhidraScript)  
INFO  V15DecoderAnalysis.java> EVIDENCE_REF phase=exhaustive from=02046920 text=mov r1,r6 to=0205739e type=PARAM function=FUN_02046914@02046914 (GhidraScript)  
INFO  V15DecoderAnalysis.java> EVIDENCE_REF phase=exhaustive from=02046936 text=add r1,r6,#0x205 to=020575a3 type=PARAM function=FUN_02046914@02046914 (GhidraScript)  
INFO  V15DecoderAnalysis.java> EVIDENCE_SCALAR phase=exhaustive at=020469ea value=0205739e text=mov r5,#0x205739e function=FUN_020469d6@020469d6 (GhidraScript)  
INFO  V15DecoderAnalysis.java> EVIDENCE_PCODE_CONST phase=exhaustive at=020469ea value=0205739e op=COPY text=mov r5,#0x205739e function=FUN_020469d6@020469d6 (GhidraScript)  
INFO  V15DecoderAnalysis.java> EVIDENCE_REF phase=exhaustive from=020469f0 text=mov r1,r5 to=0205739e type=PARAM function=FUN_020469d6@020469d6 (GhidraScript)  
INFO  V15DecoderAnalysis.java> EVIDENCE_REF phase=exhaustive from=02046a0c text=add r1,r5,#0x205 to=020575a3 type=PARAM function=FUN_020469d6@020469d6 (GhidraScript)  
INFO  V15DecoderAnalysis.java> EVIDENCE_REF phase=exhaustive from=02046a1a text=add r1,r5,#0x8 to=020573a6 type=PARAM function=FUN_020469d6@020469d6 (GhidraScript)  
INFO  V15DecoderAnalysis.java> EVIDENCE_SCALAR phase=exhaustive at=02046b96 value=02057250 text=mov r8,#0x2057250 function=FUN_02042434@02042434 (GhidraScript)  
INFO  V15DecoderAnalysis.java> EVIDENCE_PCODE_CONST phase=exhaustive at=02046b96 value=02057250 op=COPY text=mov r8,#0x2057250 function=FUN_02042434@02042434 (GhidraScript)  
INFO  V15DecoderAnalysis.java> EVIDENCE_REF phase=exhaustive from=02046cf6 text=mov r0,#0x205739e to=0205739e type=PARAM function=- (GhidraScript)  
INFO  V15DecoderAnalysis.java> EVIDENCE_SCALAR phase=exhaustive at=02046cf6 value=0205739e text=mov r0,#0x205739e function=- (GhidraScript)  
INFO  V15DecoderAnalysis.java> EVIDENCE_PCODE_CONST phase=exhaustive at=02046cf6 value=0205739e op=COPY text=mov r0,#0x205739e function=- (GhidraScript)  
INFO  V15DecoderAnalysis.java> EVIDENCE_REF phase=exhaustive from=02046d1e text=add r0,r0,#0x205 to=020575a3 type=PARAM function=- (GhidraScript)  
INFO  V15DecoderAnalysis.java> EVIDENCE_REF phase=exhaustive from=02046f5a text=mov r3,#0x205739e to=0205739e type=PARAM function=- (GhidraScript)  
INFO  V15DecoderAnalysis.java> EVIDENCE_SCALAR phase=exhaustive at=02046f5a value=0205739e text=mov r3,#0x205739e function=- (GhidraScript)  
INFO  V15DecoderAnalysis.java> EVIDENCE_PCODE_CONST phase=exhaustive at=02046f5a value=0205739e op=COPY text=mov r3,#0x205739e function=- (GhidraScript)  
INFO  V15DecoderAnalysis.java> EVIDENCE_REF phase=exhaustive from=02046f60 text=add r0,r3,#0x205 to=020575a3 type=PARAM function=- (GhidraScript)  
INFO  V15DecoderAnalysis.java> EVIDENCE_REF phase=exhaustive from=02046f68 text=mov r0,r3 to=0205739e type=PARAM function=- (GhidraScript)  
INFO  V15DecoderAnalysis.java> EVIDENCE_REF phase=exhaustive from=02047004 text=mov r1,#0x205739e to=0205739e type=PARAM function=FUN_02046fe0@02046fe0 (GhidraScript)  
INFO  V15DecoderAnalysis.java> EVIDENCE_SCALAR phase=exhaustive at=02047004 value=0205739e text=mov r1,#0x205739e function=FUN_02046fe0@02046fe0 (GhidraScript)  
INFO  V15DecoderAnalysis.java> EVIDENCE_PCODE_CONST phase=exhaustive at=02047004 value=0205739e op=COPY text=mov r1,#0x205739e function=FUN_02046fe0@02046fe0 (GhidraScript)  
ERROR Pcode error at 0204a0b8: Could not find cached delayslot parser context (SleighInstructionPrototype)  
ERROR Pcode error at 0204a12a: Could not find cached delayslot parser context (SleighInstructionPrototype)  
ERROR Pcode error at 0204a15a: Could not find cached delayslot parser context (SleighInstructionPrototype)  
ERROR Pcode error at 0204a2c6: Program does not contain referenced instruction: 0204a2c8 (SleighInstructionPrototype)  
ERROR Pcode error at 0204a45c: Program does not contain referenced instruction: 0204a45e (SleighInstructionPrototype)  
ERROR Pcode error at 0204a478: Program does not contain referenced instruction: 0204a47c (SleighInstructionPrototype)  
ERROR Pcode error at 0204a4a4: Program does not contain referenced instruction: 0204a4a8 (SleighInstructionPrototype)  
ERROR Pcode error at 0204a4c4: Could not find cached delayslot parser context (SleighInstructionPrototype)  
ERROR Pcode error at 0204a59c: Program does not contain referenced instruction: 0204a59e (SleighInstructionPrototype)  
ERROR Pcode error at 0204a69c: Program does not contain referenced instruction: 0204a6a0 (SleighInstructionPrototype)  
ERROR Pcode error at 0204a6d8: Program does not contain referenced instruction: 0204a6da (SleighInstructionPrototype)  
ERROR Pcode error at 0204a6f4: Could not find cached delayslot parser context (SleighInstructionPrototype)  
ERROR Pcode error at 0204a6fa: Could not find cached delayslot parser context (SleighInstructionPrototype)  
ERROR Pcode error at 0204a712: Program does not contain referenced instruction: 0204a714 (SleighInstructionPrototype)  
ERROR Pcode error at 0204a7da: Program does not contain referenced instruction: 0204a7dc (SleighInstructionPrototype)  
ERROR Pcode error at 0204a888: Could not find cached delayslot parser context (SleighInstructionPrototype)  
ERROR Pcode error at 0204a9e0: Program does not contain referenced instruction: 0204a9e2 (SleighInstructionPrototype)  
ERROR Pcode error at 0204ab6a: Program does not contain referenced instruction: 0204ab6e (SleighInstructionPrototype)  
ERROR Pcode error at 0204abb2: Could not find cached delayslot parser context (SleighInstructionPrototype)  
ERROR Pcode error at 0204abba: Program does not contain referenced instruction: 0204abbe (SleighInstructionPrototype)  
ERROR Pcode error at 0204ac78: Program does not contain referenced instruction: 0204ac7a (SleighInstructionPrototype)  
ERROR Pcode error at 0204ac94: Could not find cached delayslot parser context (SleighInstructionPrototype)  
ERROR Pcode error at 0204ad4e: Could not find cached delayslot parser context (SleighInstructionPrototype)  
ERROR Pcode error at 0204ae92: Program does not contain referenced instruction: 0204ae94 (SleighInstructionPrototype)  
ERROR Pcode error at 0204af18: Program does not contain referenced instruction: 0204af1a (SleighInstructionPrototype)  
ERROR Pcode error at 0204af1e: Program does not contain referenced instruction: 0204af20 (SleighInstructionPrototype)  
ERROR Pcode error at 0204af58: Program does not contain referenced instruction: 0204af5a (SleighInstructionPrototype)  
ERROR Pcode error at 0204afc8: Could not find cached delayslot parser context (SleighInstructionPrototype)  
ERROR Pcode error at 0204b20a: Program does not contain referenced instruction: 0204b20c (SleighInstructionPrototype)  
ERROR Pcode error at 0204b27c: Program does not contain referenced instruction: 0204b280 (SleighInstructionPrototype)  
ERROR Pcode error at 0204b320: Delay Slot recursion problem for Instruction at 0204b322 (SleighInstructionPrototype)  
ERROR Pcode error at 0204b322: Program does not contain referenced instruction: 0204b324 (SleighInstructionPrototype)  
ERROR Pcode error at 0204b374: Could not find cached delayslot parser context (SleighInstructionPrototype)  
ERROR Pcode error at 0204b3d4: Could not find cached delayslot parser context (SleighInstructionPrototype)  
INFO  V15DecoderAnalysis.java> EVIDENCE_REF phase=exhaustive from=0204b422 text=jbe r2,#0xfe0,0x02057626 to=02057626 type=CONDITIONAL_JUMP function=FUN_0204b422@0204b422 (GhidraScript)  
ERROR Pcode error at 0204b456: Program does not contain referenced instruction: 0204b45a (SleighInstructionPrototype)  
ERROR Pcode error at 0204b4da: Program does not contain referenced instruction: 0204b4de (SleighInstructionPrototype)  
ERROR Pcode error at 0204b4e0: Program does not contain referenced instruction: 0204b4e2 (SleighInstructionPrototype)  
ERROR Pcode error at 0204b4f8: Program does not contain referenced instruction: 0204b4fa (SleighInstructionPrototype)  
ERROR Pcode error at 0204b508: Program does not contain referenced instruction: 0204b50a (SleighInstructionPrototype)  
ERROR Pcode error at 0204b51c: Program does not contain referenced instruction: 0204b520 (SleighInstructionPrototype)  
ERROR Pcode error at 0204b572: Program does not contain referenced instruction: 0204b576 (SleighInstructionPrototype)  
ERROR Pcode error at 0204b5f6: Program does not contain referenced instruction: 0204b5f8 (SleighInstructionPrototype)  
ERROR Pcode error at 0204b6c2: Could not find cached delayslot parser context (SleighInstructionPrototype)  
ERROR Pcode error at 0204b732: Program does not contain referenced instruction: 0204b736 (SleighInstructionPrototype)  
ERROR Pcode error at 0204b77c: Program does not contain referenced instruction: 0204b77e (SleighInstructionPrototype)  
ERROR Pcode error at 0204b846: Could not find cached delayslot parser context (SleighInstructionPrototype)  
ERROR Pcode error at 0204b9e0: Program does not contain referenced instruction: 0204b9e2 (SleighInstructionPrototype)  
ERROR Pcode error at 0204ba64: Could not find cached delayslot parser context (SleighInstructionPrototype)  
ERROR Pcode error at 0204baa8: Could not find cached delayslot parser context (SleighInstructionPrototype)  
ERROR Pcode error at 0204bab0: Could not find cached delayslot parser context (SleighInstructionPrototype)  
ERROR Pcode error at 0204bab8: Could not find cached delayslot parser context (SleighInstructionPrototype)  
ERROR Pcode error at 0204beb0: Could not find cached delayslot parser context (SleighInstructionPrototype)  
ERROR Pcode error at 0204bf38: Could not find cached delayslot parser context (SleighInstructionPrototype)  
ERROR Pcode error at 0204c0c2: Program does not contain referenced instruction: 0204c0c6 (SleighInstructionPrototype)  
ERROR Pcode error at 0204c14a: Program does not contain referenced instruction: 0204c14e (SleighInstructionPrototype)  
ERROR Pcode error at 0204c158: Program does not contain referenced instruction: 0204c15a (SleighInstructionPrototype)  
ERROR Pcode error at 0204c18a: Program does not contain referenced instruction: 0204c18e (SleighInstructionPrototype)  
ERROR Pcode error at 0204c194: Program does not contain referenced instruction: 0204c196 (SleighInstructionPrototype)  
ERROR Pcode error at 0204c198: Program does not contain referenced instruction: 0204c19a (SleighInstructionPrototype)  
ERROR Pcode error at 0204c212: Program does not contain referenced instruction: 0204c216 (SleighInstructionPrototype)  
ERROR Pcode error at 0204c228: Delay Slot recursion problem for Instruction at 0204c22a (SleighInstructionPrototype)  
ERROR Pcode error at 0204c22a: Delay Slot recursion problem for Instruction at 0204c22c (SleighInstructionPrototype)  
ERROR Pcode error at 0204c22c: Delay Slot recursion problem for Instruction at 0204c22e (SleighInstructionPrototype)  
ERROR Pcode error at 0204c22e: Delay Slot recursion problem for Instruction at 0204c230 (SleighInstructionPrototype)  
ERROR Pcode error at 0204c230: Delay Slot recursion problem for Instruction at 0204c232 (SleighInstructionPrototype)  
ERROR Pcode error at 0204c232: Delay Slot recursion problem for Instruction at 0204c234 (SleighInstructionPrototype)  
ERROR Pcode error at 0204c240: Program does not contain referenced instruction: 0204c244 (SleighInstructionPrototype)  
ERROR Pcode error at 0204c25e: Program does not contain referenced instruction: 0204c262 (SleighInstructionPrototype)  
ERROR Pcode error at 0204c2a4: Program does not contain referenced instruction: 0204c2a6 (SleighInstructionPrototype)  
ERROR Pcode error at 0204c36a: Program does not contain referenced instruction: 0204c36e (SleighInstructionPrototype)  
ERROR Pcode error at 0204c436: Delay Slot recursion problem for Instruction at 0204c438 (SleighInstructionPrototype)  
ERROR Pcode error at 0204c5ae: Program does not contain referenced instruction: 0204c5b0 (SleighInstructionPrototype)  
ERROR Pcode error at 0204c650: Could not find cached delayslot parser context (SleighInstructionPrototype)  
ERROR Pcode error at 0204c668: Could not find cached delayslot parser context (SleighInstructionPrototype)  
ERROR Pcode error at 0204c76e: Program does not contain referenced instruction: 0204c770 (SleighInstructionPrototype)  
ERROR Pcode error at 0204c81c: Program does not contain referenced instruction: 0204c81e (SleighInstructionPrototype)  
ERROR Pcode error at 0204c836: Program does not contain referenced instruction: 0204c838 (SleighInstructionPrototype)  
ERROR Pcode error at 0204c9b2: Program does not contain referenced instruction: 0204c9b4 (SleighInstructionPrototype)  
ERROR Pcode error at 0204ca30: Could not find cached delayslot parser context (SleighInstructionPrototype)  
ERROR Pcode error at 0204ca5a: Program does not contain referenced instruction: 0204ca5c (SleighInstructionPrototype)  
ERROR Pcode error at 0204cb26: Could not find cached delayslot parser context (SleighInstructionPrototype)  
ERROR Pcode error at 0204cb60: Could not find cached delayslot parser context (SleighInstructionPrototype)  
ERROR Pcode error at 0204cbf2: Program does not contain referenced instruction: 0204cbf4 (SleighInstructionPrototype)  
ERROR Pcode error at 0204cd1a: Program does not contain referenced instruction: 0204cd1e (SleighInstructionPrototype)  
ERROR Pcode error at 0204cdec: Could not find cached delayslot parser context (SleighInstructionPrototype)  
ERROR Pcode error at 0204ce26: Could not find cached delayslot parser context (SleighInstructionPrototype)  
ERROR Pcode error at 0204cee4: Program does not contain referenced instruction: 0204cee6 (SleighInstructionPrototype)  
ERROR Pcode error at 0204d064: Program does not contain referenced instruction: 0204d066 (SleighInstructionPrototype)  
ERROR Pcode error at 0204d10e: Could not find cached delayslot parser context (SleighInstructionPrototype)  
ERROR Pcode error at 0204d3aa: Program does not contain referenced instruction: 0204d3ae (SleighInstructionPrototype)  
ERROR Pcode error at 0204d426: Could not find cached delayslot parser context (SleighInstructionPrototype)  
ERROR Pcode error at 0204d4ec: Program does not contain referenced instruction: 0204d4ee (SleighInstructionPrototype)  
ERROR Pcode error at 0204d53c: Could not find cached delayslot parser context (SleighInstructionPrototype)  
ERROR Pcode error at 0204d5d8: Program does not contain referenced instruction: 0204d5da (SleighInstructionPrototype)  
ERROR Pcode error at 0204d624: Program does not contain referenced instruction: 0204d626 (SleighInstructionPrototype)  
ERROR Pcode error at 0204d712: Program does not contain referenced instruction: 0204d716 (SleighInstructionPrototype)  
ERROR Pcode error at 0204d972: Program does not contain referenced instruction: 0204d974 (SleighInstructionPrototype)  
ERROR Pcode error at 0204daae: Program does not contain referenced instruction: 0204dab0 (SleighInstructionPrototype)  
ERROR Pcode error at 0204db16: Program does not contain referenced instruction: 0204db1a (SleighInstructionPrototype)  
ERROR Pcode error at 0204dc78: Program does not contain referenced instruction: 0204dc7c (SleighInstructionPrototype)  
ERROR Pcode error at 0204dc90: Could not find cached delayslot parser context (SleighInstructionPrototype)  
ERROR Pcode error at 0204dd28: Could not find cached delayslot parser context (SleighInstructionPrototype)  
ERROR Pcode error at 0204dd88: Program does not contain referenced instruction: 0204dd8a (SleighInstructionPrototype)  
ERROR Pcode error at 0204dd94: Could not find cached delayslot parser context (SleighInstructionPrototype)  
ERROR Pcode error at 0204ddd4: Could not find cached delayslot parser context (SleighInstructionPrototype)  
ERROR Pcode error at 0204dec6: Could not find cached delayslot parser context (SleighInstructionPrototype)  
ERROR Pcode error at 0204dee8: Could not find cached delayslot parser context (SleighInstructionPrototype)  
ERROR Pcode error at 0204df14: Program does not contain referenced instruction: 0204df16 (SleighInstructionPrototype)  
ERROR Pcode error at 0204df2e: Program does not contain referenced instruction: 0204df30 (SleighInstructionPrototype)  
ERROR Pcode error at 0204df48: Program does not contain referenced instruction: 0204df4a (SleighInstructionPrototype)  
ERROR Pcode error at 0204df8e: Program does not contain referenced instruction: 0204df90 (SleighInstructionPrototype)  
ERROR Pcode error at 0204dfb8: Program does not contain referenced instruction: 0204dfbc (SleighInstructionPrototype)  
INFO  V15DecoderAnalysis.java> EVIDENCE_REF phase=exhaustive from=0204e0dc text=jmz r15,r15,0x02057ee0 to=02057ee0 type=CONDITIONAL_JUMP function=- (GhidraScript)  
ERROR Pcode error at 0204e106: Program does not contain referenced instruction: 0204e108 (SleighInstructionPrototype)  
ERROR Pcode error at 0204e110: Delay Slot recursion problem for Instruction at 0204e112 (SleighInstructionPrototype)  
ERROR Pcode error at 0204e112: Could not find cached delayslot parser context (SleighInstructionPrototype)  
ERROR Pcode error at 0204e130: Program does not contain referenced instruction: 0204e134 (SleighInstructionPrototype)  
ERROR Pcode error at 0204e1f6: Could not find cached delayslot parser context (SleighInstructionPrototype)  
ERROR Pcode error at 0204e21a: Program does not contain referenced instruction: 0204e21e (SleighInstructionPrototype)  
ERROR Pcode error at 0204e35a: Program does not contain referenced instruction: 0204e35c (SleighInstructionPrototype)  
ERROR Pcode error at 0204e41a: Program does not contain referenced instruction: 0204e41c (SleighInstructionPrototype)  
ERROR Pcode error at 0204e466: Could not find cached delayslot parser context (SleighInstructionPrototype)  
ERROR Pcode error at 0204e50a: Program does not contain referenced instruction: 0204e50c (SleighInstructionPrototype)  
ERROR Pcode error at 0204e512: Could not find cached delayslot parser context (SleighInstructionPrototype)  
ERROR Pcode error at 0204e544: Program does not contain referenced instruction: 0204e546 (SleighInstructionPrototype)  
ERROR Pcode error at 0204e7b8: Program does not contain referenced instruction: 0204e7bc (SleighInstructionPrototype)  
ERROR Pcode error at 0204e7d0: Could not find cached delayslot parser context (SleighInstructionPrototype)  
ERROR Pcode error at 0204e904: Program does not contain referenced instruction: 0204e906 (SleighInstructionPrototype)  
ERROR Pcode error at 0204e94a: Could not find cached delayslot parser context (SleighInstructionPrototype)  
ERROR Pcode error at 0204ea06: Program does not contain referenced instruction: 0204ea0a (SleighInstructionPrototype)  
ERROR Pcode error at 0204ea4c: Program does not contain referenced instruction: 0204ea4e (SleighInstructionPrototype)  
ERROR Pcode error at 0204ea68: Program does not contain referenced instruction: 0204ea6a (SleighInstructionPrototype)  
ERROR Pcode error at 0204ea80: Program does not contain referenced instruction: 0204ea84 (SleighInstructionPrototype)  
ERROR Pcode error at 0204edaa: Program does not contain referenced instruction: 0204edac (SleighInstructionPrototype)  
ERROR Pcode error at 0204ee8a: Could not find cached delayslot parser context (SleighInstructionPrototype)  
ERROR Pcode error at 0204ee92: Program does not contain referenced instruction: 0204ee94 (SleighInstructionPrototype)  
ERROR Pcode error at 0204ef70: Program does not contain referenced instruction: 0204ef74 (SleighInstructionPrototype)  
ERROR Pcode error at 0204ef7e: Could not find cached delayslot parser context (SleighInstructionPrototype)  
ERROR Pcode error at 0204f284: Could not find cached delayslot parser context (SleighInstructionPrototype)  
ERROR Pcode error at 0204f5a6: Could not find cached delayslot parser context (SleighInstructionPrototype)  
ERROR Pcode error at 0204f5de: Could not find cached delayslot parser context (SleighInstructionPrototype)  
ERROR Pcode error at 0204f604: Could not find cached delayslot parser context (SleighInstructionPrototype)  
ERROR Pcode error at 0204f76e: Could not find cached delayslot parser context (SleighInstructionPrototype)  
ERROR Pcode error at 0204fb48: Program does not contain referenced instruction: 0204fb4a (SleighInstructionPrototype)  
ERROR Pcode error at 0204fb58: Program does not contain referenced instruction: 0204fb5a (SleighInstructionPrototype)  
ERROR Pcode error at 0204fb80: Program does not contain referenced instruction: 0204fb82 (SleighInstructionPrototype)  
ERROR Pcode error at 0204fb88: Program does not contain referenced instruction: 0204fb8a (SleighInstructionPrototype)  
ERROR Pcode error at 0204fbb0: Program does not contain referenced instruction: 0204fbb2 (SleighInstructionPrototype)  
ERROR Pcode error at 0204fbe2: Program does not contain referenced instruction: 0204fbe4 (SleighInstructionPrototype)  
ERROR Pcode error at 0204fc02: Program does not contain referenced instruction: 0204fc04 (SleighInstructionPrototype)  
ERROR Pcode error at 0204fc32: Program does not contain referenced instruction: 0204fc34 (SleighInstructionPrototype)  
ERROR Pcode error at 0204fc3c: Program does not contain referenced instruction: 0204fc3e (SleighInstructionPrototype)  
ERROR Pcode error at 0204fc78: Program does not contain referenced instruction: 0204fc7a (SleighInstructionPrototype)  
ERROR Pcode error at 0204fc94: Program does not contain referenced instruction: 0204fc96 (SleighInstructionPrototype)  
ERROR Pcode error at 0204fcae: Program does not contain referenced instruction: 0204fcb0 (SleighInstructionPrototype)  
ERROR Pcode error at 0204fcd8: Program does not contain referenced instruction: 0204fcda (SleighInstructionPrototype)  
ERROR Pcode error at 0204fcde: Program does not contain referenced instruction: 0204fce0 (SleighInstructionPrototype)  
ERROR Pcode error at 0204fd04: Program does not contain referenced instruction: 0204fd06 (SleighInstructionPrototype)  
ERROR Pcode error at 0204fd54: Program does not contain referenced instruction: 0204fd58 (SleighInstructionPrototype)  
ERROR Pcode error at 0204fd68: Program does not contain referenced instruction: 0204fd6a (SleighInstructionPrototype)  
ERROR Pcode error at 0204fd72: Program does not contain referenced instruction: 0204fd76 (SleighInstructionPrototype)  
ERROR Pcode error at 0204fe34: Program does not contain referenced instruction: 0204fe36 (SleighInstructionPrototype)  
ERROR Pcode error at 0204fe9a: Program does not contain referenced instruction: 0204fe9e (SleighInstructionPrototype)  
ERROR Pcode error at 0204fedc: Program does not contain referenced instruction: 0204fede (SleighInstructionPrototype)  
ERROR Pcode error at 0205001c: Could not find cached delayslot parser context (SleighInstructionPrototype)  
ERROR Pcode error at 02050076: Program does not contain referenced instruction: 02050078 (SleighInstructionPrototype)  
ERROR Pcode error at 020500b6: Program does not contain referenced instruction: 020500b8 (SleighInstructionPrototype)  
ERROR Pcode error at 020501c4: Program does not contain referenced instruction: 020501c6 (SleighInstructionPrototype)  
ERROR Pcode error at 0205022e: Delay Slot recursion problem for Instruction at 02050232 (SleighInstructionPrototype)  
ERROR Pcode error at 02050232: Could not find cached delayslot parser context (SleighInstructionPrototype)  
ERROR Pcode error at 020502a0: Program does not contain referenced instruction: 020502a2 (SleighInstructionPrototype)  
ERROR Pcode error at 02050406: Program does not contain referenced instruction: 02050408 (SleighInstructionPrototype)  
ERROR Pcode error at 020505c4: Program does not contain referenced instruction: 020505c6 (SleighInstructionPrototype)  
ERROR Pcode error at 0205069c: Program does not contain referenced instruction: 0205069e (SleighInstructionPrototype)  
ERROR Pcode error at 0205070e: Program does not contain referenced instruction: 02050710 (SleighInstructionPrototype)  
ERROR Pcode error at 02050806: Program does not contain referenced instruction: 02050808 (SleighInstructionPrototype)  
ERROR Pcode error at 02050a10: Program does not contain referenced instruction: 02050a14 (SleighInstructionPrototype)  
ERROR Pcode error at 02050ba6: Program does not contain referenced instruction: 02050baa (SleighInstructionPrototype)  
ERROR Pcode error at 02050bb2: Program does not contain referenced instruction: 02050bb4 (SleighInstructionPrototype)  
ERROR Pcode error at 02050c92: Program does not contain referenced instruction: 02050c94 (SleighInstructionPrototype)  
ERROR Pcode error at 02050cac: Program does not contain referenced instruction: 02050cae (SleighInstructionPrototype)  
ERROR Pcode error at 02050da8: Program does not contain referenced instruction: 02050daa (SleighInstructionPrototype)  
ERROR Pcode error at 02051002: Program does not contain referenced instruction: 02051004 (SleighInstructionPrototype)  
ERROR Pcode error at 0205101e: Program does not contain referenced instruction: 02051022 (SleighInstructionPrototype)  
ERROR Pcode error at 02051246: Program does not contain referenced instruction: 02051248 (SleighInstructionPrototype)  
ERROR Pcode error at 0205125c: Program does not contain referenced instruction: 0205125e (SleighInstructionPrototype)  
ERROR Pcode error at 020512be: Program does not contain referenced instruction: 020512c0 (SleighInstructionPrototype)  
ERROR Pcode error at 02051310: Could not find cached delayslot parser context (SleighInstructionPrototype)  
ERROR Pcode error at 02051392: Program does not contain referenced instruction: 02051394 (SleighInstructionPrototype)  
ERROR Pcode error at 020513b6: Program does not contain referenced instruction: 020513ba (SleighInstructionPrototype)  
ERROR Pcode error at 020513c4: Could not find cached delayslot parser context (SleighInstructionPrototype)  
ERROR Pcode error at 0205143c: Program does not contain referenced instruction: 0205143e (SleighInstructionPrototype)  
ERROR Pcode error at 020515b2: Program does not contain referenced instruction: 020515b4 (SleighInstructionPrototype)  
ERROR Pcode error at 020515c8: Could not find cached delayslot parser context (SleighInstructionPrototype)  
ERROR Pcode error at 02051758: Program does not contain referenced instruction: 0205175a (SleighInstructionPrototype)  
ERROR Pcode error at 020517c8: Program does not contain referenced instruction: 020517ca (SleighInstructionPrototype)  
ERROR Pcode error at 020517e4: Could not find cached delayslot parser context (SleighInstructionPrototype)  
ERROR Pcode error at 02051852: Program does not contain referenced instruction: 02051854 (SleighInstructionPrototype)  
ERROR Pcode error at 0205186e: Could not find cached delayslot parser context (SleighInstructionPrototype)  
ERROR Pcode error at 020518e2: Program does not contain referenced instruction: 020518e4 (SleighInstructionPrototype)  
ERROR Pcode error at 02051934: Could not find cached delayslot parser context (SleighInstructionPrototype)  
ERROR Pcode error at 02051970: Program does not contain referenced instruction: 02051972 (SleighInstructionPrototype)  
ERROR Pcode error at 02051b44: Program does not contain referenced instruction: 02051b46 (SleighInstructionPrototype)  
ERROR Pcode error at 02051bc2: Program does not contain referenced instruction: 02051bc4 (SleighInstructionPrototype)  
ERROR Pcode error at 02051bde: Could not find cached delayslot parser context (SleighInstructionPrototype)  
ERROR Pcode error at 02051c20: Program does not contain referenced instruction: 02051c22 (SleighInstructionPrototype)  
ERROR Pcode error at 02051cdc: Program does not contain referenced instruction: 02051cde (SleighInstructionPrototype)  
ERROR Pcode error at 02051d9a: Program does not contain referenced instruction: 02051d9c (SleighInstructionPrototype)  
ERROR Pcode error at 02051dbc: Could not find cached delayslot parser context (SleighInstructionPrototype)  
ERROR Pcode error at 02051e34: Program does not contain referenced instruction: 02051e38 (SleighInstructionPrototype)  
ERROR Pcode error at 02051e88: Program does not contain referenced instruction: 02051e8a (SleighInstructionPrototype)  
ERROR Pcode error at 02051eae: Program does not contain referenced instruction: 02051eb0 (SleighInstructionPrototype)  
ERROR Pcode error at 02051f10: Could not find cached delayslot parser context (SleighInstructionPrototype)  
ERROR Pcode error at 02051f9c: Program does not contain referenced instruction: 02051f9e (SleighInstructionPrototype)  
ERROR Pcode error at 02051fca: Could not find cached delayslot parser context (SleighInstructionPrototype)  
ERROR Pcode error at 020521a4: Program does not contain referenced instruction: 020521a6 (SleighInstructionPrototype)  
ERROR Pcode error at 02052216: Program does not contain referenced instruction: 02052218 (SleighInstructionPrototype)  
ERROR Pcode error at 02052220: Program does not contain referenced instruction: 02052224 (SleighInstructionPrototype)  
ERROR Pcode error at 0205250e: Could not find cached delayslot parser context (SleighInstructionPrototype)  
ERROR Pcode error at 02052578: Program does not contain referenced instruction: 0205257a (SleighInstructionPrototype)  
ERROR Pcode error at 0205258a: Program does not contain referenced instruction: 0205258c (SleighInstructionPrototype)  
ERROR Pcode error at 02052590: Could not find cached delayslot parser context (SleighInstructionPrototype)  
ERROR Pcode error at 02052628: Program does not contain referenced instruction: 0205262a (SleighInstructionPrototype)  
ERROR Pcode error at 02052632: Program does not contain referenced instruction: 02052636 (SleighInstructionPrototype)  
ERROR Pcode error at 02052682: Program does not contain referenced instruction: 02052684 (SleighInstructionPrototype)  
ERROR Pcode error at 020526e2: Could not find cached delayslot parser context (SleighInstructionPrototype)  
ERROR Pcode error at 02052794: Could not find cached delayslot parser context (SleighInstructionPrototype)  
ERROR Pcode error at 020529a0: Could not find cached delayslot parser context (SleighInstructionPrototype)  
ERROR Pcode error at 020529a4: Program does not contain referenced instruction: 020529a6 (SleighInstructionPrototype)  
ERROR Pcode error at 02052ab6: Could not find cached delayslot parser context (SleighInstructionPrototype)  
ERROR Pcode error at 02052b58: Could not find cached delayslot parser context (SleighInstructionPrototype)  
ERROR Pcode error at 02052b60: Program does not contain referenced instruction: 02052b62 (SleighInstructionPrototype)  
ERROR Pcode error at 02052ef8: Program does not contain referenced instruction: 02052efa (SleighInstructionPrototype)  
ERROR Pcode error at 02052fc4: Program does not contain referenced instruction: 02052fc6 (SleighInstructionPrototype)  
ERROR Pcode error at 0205302c: Could not find cached delayslot parser context (SleighInstructionPrototype)  
ERROR Pcode error at 020530b0: Could not find cached delayslot parser context (SleighInstructionPrototype)  
ERROR Pcode error at 02053100: Program does not contain referenced instruction: 02053102 (SleighInstructionPrototype)  
ERROR Pcode error at 02053192: Program does not contain referenced instruction: 02053194 (SleighInstructionPrototype)  
ERROR Pcode error at 020531b6: Program does not contain referenced instruction: 020531b8 (SleighInstructionPrototype)  
ERROR Pcode error at 02053316: Could not find cached delayslot parser context (SleighInstructionPrototype)  
ERROR Pcode error at 0205338c: Program does not contain referenced instruction: 0205338e (SleighInstructionPrototype)  
ERROR Pcode error at 02053418: Program does not contain referenced instruction: 0205341a (SleighInstructionPrototype)  
ERROR Pcode error at 020535b4: Program does not contain referenced instruction: 020535b6 (SleighInstructionPrototype)  
ERROR Pcode error at 020535be: Could not find cached delayslot parser context (SleighInstructionPrototype)  
ERROR Pcode error at 020536a0: Program does not contain referenced instruction: 020536a4 (SleighInstructionPrototype)  
ERROR Pcode error at 020536d6: Program does not contain referenced instruction: 020536d8 (SleighInstructionPrototype)  
ERROR Pcode error at 020537aa: Program does not contain referenced instruction: 020537ac (SleighInstructionPrototype)  
ERROR Pcode error at 0205381e: Program does not contain referenced instruction: 02053820 (SleighInstructionPrototype)  
ERROR Pcode error at 020538a6: Program does not contain referenced instruction: 020538a8 (SleighInstructionPrototype)  
ERROR Pcode error at 020538bc: Could not find cached delayslot parser context (SleighInstructionPrototype)  
ERROR Pcode error at 02053c78: Program does not contain referenced instruction: 02053c7c (SleighInstructionPrototype)  
ERROR Pcode error at 02053c80: Program does not contain referenced instruction: 02053c82 (SleighInstructionPrototype)  
ERROR Pcode error at 02053d2e: Program does not contain referenced instruction: 02053d32 (SleighInstructionPrototype)  
ERROR Pcode error at 02053de2: Program does not contain referenced instruction: 02053de4 (SleighInstructionPrototype)  
ERROR Pcode error at 02053e9c: Program does not contain referenced instruction: 02053ea0 (SleighInstructionPrototype)  
ERROR Pcode error at 02053f70: Program does not contain referenced instruction: 02053f74 (SleighInstructionPrototype)  
INFO  V15DecoderAnalysis.java> EVIDENCE_REF phase=exhaustive from=02054026 text=jb r15,#0xfff,0x0205800e to=0205800e type=CONDITIONAL_JUMP function=- (GhidraScript)  
ERROR Pcode error at 0205406e: Program does not contain referenced instruction: 02054070 (SleighInstructionPrototype)  
ERROR Pcode error at 0205408a: Program does not contain referenced instruction: 0205408c (SleighInstructionPrototype)  
ERROR Pcode error at 02054126: Program does not contain referenced instruction: 02054128 (SleighInstructionPrototype)  
ERROR Pcode error at 02054228: Could not find cached delayslot parser context (SleighInstructionPrototype)  
ERROR Pcode error at 0205427a: Program does not contain referenced instruction: 0205427e (SleighInstructionPrototype)  
ERROR Pcode error at 02054286: Program does not contain referenced instruction: 02054288 (SleighInstructionPrototype)  
ERROR Pcode error at 02054322: Program does not contain referenced instruction: 02054324 (SleighInstructionPrototype)  
ERROR Pcode error at 02054350: Program does not contain referenced instruction: 02054352 (SleighInstructionPrototype)  
ERROR Pcode error at 020543d8: Could not find cached delayslot parser context (SleighInstructionPrototype)  
ERROR Pcode error at 020543f2: Program does not contain referenced instruction: 020543f4 (SleighInstructionPrototype)  
ERROR Pcode error at 020544c0: Program does not contain referenced instruction: 020544c4 (SleighInstructionPrototype)  
ERROR Pcode error at 020544c8: Could not find cached delayslot parser context (SleighInstructionPrototype)  
ERROR Pcode error at 0205450c: Could not find cached delayslot parser context (SleighInstructionPrototype)  
ERROR Pcode error at 020545f6: Program does not contain referenced instruction: 020545fa (SleighInstructionPrototype)  
ERROR Pcode error at 02054638: Program does not contain referenced instruction: 0205463a (SleighInstructionPrototype)  
ERROR Pcode error at 0205486e: Program does not contain referenced instruction: 02054872 (SleighInstructionPrototype)  
ERROR Pcode error at 0205487c: Could not find cached delayslot parser context (SleighInstructionPrototype)  
ERROR Pcode error at 02054a9c: Program does not contain referenced instruction: 02054a9e (SleighInstructionPrototype)  
ERROR Pcode error at 02054b5a: Could not find cached delayslot parser context (SleighInstructionPrototype)  
ERROR Pcode error at 02054bac: Could not find cached delayslot parser context (SleighInstructionPrototype)  
INFO  V15DecoderAnalysis.java> EVIDENCE_REF phase=exhaustive from=02054bfa text=jae r0,#0xf09,0x02057de0 to=02057de0 type=CONDITIONAL_JUMP function=- (GhidraScript)  
ERROR Pcode error at 02054f9a: Could not find cached delayslot parser context (SleighInstructionPrototype)  
ERROR Pcode error at 02055022: Could not find cached delayslot parser context (SleighInstructionPrototype)  
ERROR Pcode error at 0205518c: Program does not contain referenced instruction: 0205518e (SleighInstructionPrototype)  
ERROR Pcode error at 0205519e: Program does not contain referenced instruction: 020551a0 (SleighInstructionPrototype)  
ERROR Pcode error at 020551a2: Program does not contain referenced instruction: 020551a4 (SleighInstructionPrototype)  
ERROR Pcode error at 020551b0: Program does not contain referenced instruction: 020551b2 (SleighInstructionPrototype)  
ERROR Pcode error at 020551ba: Program does not contain referenced instruction: 020551bc (SleighInstructionPrototype)  
ERROR Pcode error at 020551f0: Program does not contain referenced instruction: 020551f4 (SleighInstructionPrototype)  
ERROR Pcode error at 020551f8: Program does not contain referenced instruction: 020551fa (SleighInstructionPrototype)  
ERROR Pcode error at 02055214: Program does not contain referenced instruction: 02055218 (SleighInstructionPrototype)  
ERROR Pcode error at 0205521e: Program does not contain referenced instruction: 02055220 (SleighInstructionPrototype)  
ERROR Pcode error at 0205522e: Program does not contain referenced instruction: 02055230 (SleighInstructionPrototype)  
ERROR Pcode error at 0205523c: Program does not contain referenced instruction: 0205523e (SleighInstructionPrototype)  
ERROR Pcode error at 02055240: Program does not contain referenced instruction: 02055242 (SleighInstructionPrototype)  
ERROR Pcode error at 02055244: Program does not contain referenced instruction: 02055246 (SleighInstructionPrototype)  
ERROR Pcode error at 0205524c: Program does not contain referenced instruction: 0205524e (SleighInstructionPrototype)  
ERROR Pcode error at 02055256: Program does not contain referenced instruction: 02055258 (SleighInstructionPrototype)  
ERROR Pcode error at 02055262: Program does not contain referenced instruction: 02055264 (SleighInstructionPrototype)  
ERROR Pcode error at 0205529c: Program does not contain referenced instruction: 0205529e (SleighInstructionPrototype)  
ERROR Pcode error at 020552ec: Program does not contain referenced instruction: 020552f0 (SleighInstructionPrototype)  
ERROR Pcode error at 020552f8: Program does not contain referenced instruction: 020552fa (SleighInstructionPrototype)  
ERROR Pcode error at 0205531a: Program does not contain referenced instruction: 0205531c (SleighInstructionPrototype)  
ERROR Pcode error at 02055324: Program does not contain referenced instruction: 02055326 (SleighInstructionPrototype)  
ERROR Pcode error at 02055336: Program does not contain referenced instruction: 02055338 (SleighInstructionPrototype)  
ERROR Pcode error at 02055398: Program does not contain referenced instruction: 0205539a (SleighInstructionPrototype)  
ERROR Pcode error at 020553a4: Program does not contain referenced instruction: 020553a6 (SleighInstructionPrototype)  
ERROR Pcode error at 020553ba: Delay Slot recursion problem for Instruction at 020553bc (SleighInstructionPrototype)  
ERROR Pcode error at 020553d0: Program does not contain referenced instruction: 020553d2 (SleighInstructionPrototype)  
ERROR Pcode error at 020553de: Program does not contain referenced instruction: 020553e0 (SleighInstructionPrototype)  
ERROR Pcode error at 02055422: Program does not contain referenced instruction: 02055424 (SleighInstructionPrototype)  
ERROR Pcode error at 0205543e: Program does not contain referenced instruction: 02055440 (SleighInstructionPrototype)  
ERROR Pcode error at 02055444: Program does not contain referenced instruction: 02055446 (SleighInstructionPrototype)  
ERROR Pcode error at 0205545a: Could not find cached delayslot parser context (SleighInstructionPrototype)  
ERROR Pcode error at 0205548a: Program does not contain referenced instruction: 0205548c (SleighInstructionPrototype)  
ERROR Pcode error at 02055492: Delay Slot recursion problem for Instruction at 02055494 (SleighInstructionPrototype)  
ERROR Pcode error at 020554e4: Program does not contain referenced instruction: 020554e8 (SleighInstructionPrototype)  
ERROR Pcode error at 020554ea: Could not find cached delayslot parser context (SleighInstructionPrototype)  
ERROR Pcode error at 0205558c: Program does not contain referenced instruction: 0205558e (SleighInstructionPrototype)  
ERROR Pcode error at 020555ae: Delay Slot recursion problem for Instruction at 020555b0 (SleighInstructionPrototype)  
ERROR Pcode error at 020555c2: Could not find cached delayslot parser context (SleighInstructionPrototype)  
ERROR Pcode error at 020555dc: Could not find cached delayslot parser context (SleighInstructionPrototype)  
ERROR Pcode error at 020555ea: Delay Slot recursion problem for Instruction at 020555ec (SleighInstructionPrototype)  
ERROR Pcode error at 02055600: Program does not contain referenced instruction: 02055602 (SleighInstructionPrototype)  
ERROR Pcode error at 0205560e: Delay Slot recursion problem for Instruction at 02055610 (SleighInstructionPrototype)  
ERROR Pcode error at 02055610: Delay Slot recursion problem for Instruction at 02055612 (SleighInstructionPrototype)  
ERROR Pcode error at 02055612: Delay Slot recursion problem for Instruction at 02055614 (SleighInstructionPrototype)  
ERROR Pcode error at 02055614: Delay Slot recursion problem for Instruction at 02055616 (SleighInstructionPrototype)  
ERROR Pcode error at 02055616: Delay Slot recursion problem for Instruction at 02055618 (SleighInstructionPrototype)  
ERROR Pcode error at 02055618: Could not find cached delayslot parser context (SleighInstructionPrototype)  
ERROR Pcode error at 0205567e: Could not find cached delayslot parser context (SleighInstructionPrototype)  
ERROR Pcode error at 02055684: Program does not contain referenced instruction: 02055686 (SleighInstructionPrototype)  
ERROR Pcode error at 020556aa: Could not find cached delayslot parser context (SleighInstructionPrototype)  
ERROR Pcode error at 020556b0: Program does not contain referenced instruction: 020556b2 (SleighInstructionPrototype)  
ERROR Pcode error at 020556ec: Program does not contain referenced instruction: 020556ee (SleighInstructionPrototype)  
ERROR Pcode error at 020556f4: Delay Slot recursion problem for Instruction at 020556f6 (SleighInstructionPrototype)  
ERROR Pcode error at 020556f6: Program does not contain referenced instruction: 020556f8 (SleighInstructionPrototype)  
ERROR Pcode error at 020556fc: Program does not contain referenced instruction: 020556fe (SleighInstructionPrototype)  
ERROR Pcode error at 02055748: Program does not contain referenced instruction: 0205574c (SleighInstructionPrototype)  
ERROR Pcode error at 02055752: Program does not contain referenced instruction: 02055754 (SleighInstructionPrototype)  
ERROR Pcode error at 0205576c: Program does not contain referenced instruction: 0205576e (SleighInstructionPrototype)  
ERROR Pcode error at 02055788: Delay Slot recursion problem for Instruction at 0205578a (SleighInstructionPrototype)  
ERROR Pcode error at 0205579c: Program does not contain referenced instruction: 0205579e (SleighInstructionPrototype)  
ERROR Pcode error at 020557ce: Could not find cached delayslot parser context (SleighInstructionPrototype)  
ERROR Pcode error at 020557d8: Program does not contain referenced instruction: 020557da (SleighInstructionPrototype)  
ERROR Pcode error at 020557fc: Delay Slot recursion problem for Instruction at 020557fe (SleighInstructionPrototype)  
ERROR Pcode error at 02055806: Delay Slot recursion problem for Instruction at 02055808 (SleighInstructionPrototype)  
ERROR Pcode error at 02055808: Program does not contain referenced instruction: 0205580a (SleighInstructionPrototype)  
ERROR Pcode error at 02055818: Program does not contain referenced instruction: 0205581c (SleighInstructionPrototype)  
ERROR Pcode error at 02055830: Delay Slot recursion problem for Instruction at 02055832 (SleighInstructionPrototype)  
ERROR Pcode error at 02055832: Program does not contain referenced instruction: 02055834 (SleighInstructionPrototype)  
ERROR Pcode error at 02055836: Program does not contain referenced instruction: 02055838 (SleighInstructionPrototype)  
ERROR Pcode error at 020558b0: Program does not contain referenced instruction: 020558b2 (SleighInstructionPrototype)  
ERROR Pcode error at 020558b8: Could not find cached delayslot parser context (SleighInstructionPrototype)  
ERROR Pcode error at 020558c2: Delay Slot recursion problem for Instruction at 020558c4 (SleighInstructionPrototype)  
ERROR Pcode error at 020558c4: Program does not contain referenced instruction: 020558c6 (SleighInstructionPrototype)  
ERROR Pcode error at 020558d2: Program does not contain referenced instruction: 020558d4 (SleighInstructionPrototype)  
ERROR Pcode error at 020558ea: Could not find cached delayslot parser context (SleighInstructionPrototype)  
ERROR Pcode error at 0205592a: Program does not contain referenced instruction: 0205592c (SleighInstructionPrototype)  
ERROR Pcode error at 02055934: Delay Slot recursion problem for Instruction at 02055936 (SleighInstructionPrototype)  
ERROR Pcode error at 02055936: Delay Slot recursion problem for Instruction at 02055938 (SleighInstructionPrototype)  
ERROR Pcode error at 02055950: Program does not contain referenced instruction: 02055954 (SleighInstructionPrototype)  
ERROR Pcode error at 0205595e: Program does not contain referenced instruction: 02055962 (SleighInstructionPrototype)  
INFO  V15DecoderAnalysis.java> EVIDENCE_REF phase=exhaustive from=0205599a text=jne r0,#0x1e,0x02057200 to=02057200 type=CONDITIONAL_JUMP function=- (GhidraScript)  
INFO  V15DecoderAnalysis.java> EVIDENCE_REF phase=exhaustive from=020559aa text=jne r0,#0x56,0x02057610 to=02057610 type=CONDITIONAL_JUMP function=- (GhidraScript)  
INFO  V15DecoderAnalysis.java> EVIDENCE_REF phase=exhaustive from=02055a0a text=jne r0,#0xd3,0x020571d0 to=020571d0 type=CONDITIONAL_JUMP function=- (GhidraScript)  
INFO  V15DecoderAnalysis.java> EVIDENCE_REF phase=exhaustive from=02055a12 text=jne r0,#0xe4,0x020571d8 to=020571d8 type=CONDITIONAL_JUMP function=- (GhidraScript)  
INFO  V15DecoderAnalysis.java> EVIDENCE_REF phase=exhaustive from=02055a1a text=jne r0,#0xf7,0x020571e0 to=020571e0 type=CONDITIONAL_JUMP function=- (GhidraScript)  
INFO  V15DecoderAnalysis.java> EVIDENCE_REF phase=exhaustive from=02055a22 text=jne r0,#0x10a,0x020571e8 to=020571e8 type=CONDITIONAL_JUMP function=- (GhidraScript)  
INFO  V15DecoderAnalysis.java> EVIDENCE_REF phase=exhaustive from=02055a2a text=jae r0,#0x11b,0x020571f0 to=020571f0 type=CONDITIONAL_JUMP function=- (GhidraScript)  
INFO  V15DecoderAnalysis.java> EVIDENCE_REF phase=exhaustive from=02055a32 text=jne r0,#0x12e,0x020571f8 to=020571f8 type=CONDITIONAL_JUMP function=- (GhidraScript)  
INFO  V15DecoderAnalysis.java> EVIDENCE_REF phase=exhaustive from=02055a3a text=jne r0,#0x141,0x02057200 to=02057200 type=CONDITIONAL_JUMP function=- (GhidraScript)  
INFO  V15DecoderAnalysis.java> EVIDENCE_REF phase=exhaustive from=02055a42 text=jne r0,#0x154,0x02057208 to=02057208 type=CONDITIONAL_JUMP function=- (GhidraScript)  
ERROR Pcode error at 02055a6a: Could not find cached delayslot parser context (SleighInstructionPrototype)  
INFO  V15DecoderAnalysis.java> EVIDENCE_REF phase=exhaustive from=02055a7a text=jne r0,#0x19e,0x02058300 to=02058300 type=CONDITIONAL_JUMP function=- (GhidraScript)  
INFO  V15DecoderAnalysis.java> EVIDENCE_REF phase=exhaustive from=02055a8a text=je r0,#0x1e2,0x02057410 to=02057410 type=CONDITIONAL_JUMP function=- (GhidraScript)  
INFO  V15DecoderAnalysis.java> EVIDENCE_REF phase=exhaustive from=02055a92 text=jne r0,#0x1f5,0x02057558 to=02057558 type=CONDITIONAL_JUMP function=- (GhidraScript)  
INFO  V15DecoderAnalysis.java> EVIDENCE_REF phase=exhaustive from=02055a9a text=jne r0,#0x20a,0x02057720 to=02057720 type=CONDITIONAL_JUMP function=- (GhidraScript)  
INFO  V15DecoderAnalysis.java> EVIDENCE_REF phase=exhaustive from=02055aa2 text=jne r0,#0x221,0x02057168 to=02057168 type=CONDITIONAL_JUMP function=- (GhidraScript)  
INFO  V15DecoderAnalysis.java> EVIDENCE_REF phase=exhaustive from=02055aaa text=jne r0,#0x232,0x02057070 to=02057070 type=CONDITIONAL_JUMP function=- (GhidraScript)  
INFO  V15DecoderAnalysis.java> EVIDENCE_REF phase=exhaustive from=02055ab2 text=jne r0,#0x243,0x02057718 to=02057718 type=CONDITIONAL_JUMP function=- (GhidraScript)  
INFO  V15DecoderAnalysis.java> EVIDENCE_REF phase=exhaustive from=02055aba text=jne r0,#0x25a,0x02057780 to=02057780 type=CONDITIONAL_JUMP function=- (GhidraScript)  
INFO  V15DecoderAnalysis.java> EVIDENCE_REF phase=exhaustive from=02055ad2 text=je r0,#0x282,0x02057458 to=02057458 type=CONDITIONAL_JUMP function=- (GhidraScript)  
INFO  V15DecoderAnalysis.java> EVIDENCE_REF phase=exhaustive from=02055ada text=jne r0,#0x297,0x02057040 to=02057040 type=CONDITIONAL_JUMP function=- (GhidraScript)  
INFO  V15DecoderAnalysis.java> EVIDENCE_REF phase=exhaustive from=02055ae2 text=jne r0,#0x2a8,0x02057e48 to=02057e48 type=CONDITIONAL_JUMP function=- (GhidraScript)  
INFO  V15DecoderAnalysis.java> EVIDENCE_REF phase=exhaustive from=02055aea text=jne r0,#0x2c5,0x020577b0 to=020577b0 type=CONDITIONAL_JUMP function=- (GhidraScript)  
INFO  V15DecoderAnalysis.java> EVIDENCE_REF phase=exhaustive from=02055af2 text=jne r0,#0x2dc,0x020578f8 to=020578f8 type=CONDITIONAL_JUMP function=- (GhidraScript)  
INFO  V15DecoderAnalysis.java> EVIDENCE_REF phase=exhaustive from=02055afa text=jne r0,#0x2f5,0x020572e0 to=020572e0 type=CONDITIONAL_JUMP function=- (GhidraScript)  
INFO  V15DecoderAnalysis.java> EVIDENCE_REF phase=exhaustive from=02055b02 text=jne r0,#0x308,0x02057908 to=02057908 type=CONDITIONAL_JUMP function=- (GhidraScript)  
INFO  V15DecoderAnalysis.java> EVIDENCE_REF phase=exhaustive from=02055b12 text=jne r0,#0x339,0x02057318 to=02057318 type=CONDITIONAL_JUMP function=- (GhidraScript)  
INFO  V15DecoderAnalysis.java> EVIDENCE_REF phase=exhaustive from=02055b1a text=je r0,#0x34e,0x02057260 to=02057260 type=CONDITIONAL_JUMP function=- (GhidraScript)  
INFO  V15DecoderAnalysis.java> EVIDENCE_REF phase=exhaustive from=02055b22 text=jne r0,#0x361,0x020577a8 to=020577a8 type=CONDITIONAL_JUMP function=- (GhidraScript)  
INFO  V15DecoderAnalysis.java> EVIDENCE_REF phase=exhaustive from=02055b2a text=jne r0,#0x376,0x02057690 to=02057690 type=CONDITIONAL_JUMP function=- (GhidraScript)  
INFO  V15DecoderAnalysis.java> EVIDENCE_REF phase=exhaustive from=02055b32 text=je r0,#0x38f,0x02058258 to=02058258 type=CONDITIONAL_JUMP function=- (GhidraScript)  
INFO  V15DecoderAnalysis.java> EVIDENCE_REF phase=exhaustive from=02055b3a text=je r0,#0x3b3,0x020575e0 to=020575e0 type=CONDITIONAL_JUMP function=- (GhidraScript)  
INFO  V15DecoderAnalysis.java> EVIDENCE_REF phase=exhaustive from=02055b42 text=jne r0,#0x3ca,0x02057508 to=02057508 type=CONDITIONAL_JUMP function=- (GhidraScript)  
INFO  V15DecoderAnalysis.java> EVIDENCE_REF phase=exhaustive from=02055b4a text=je r0,#0x3e1,0x02057550 to=02057550 type=CONDITIONAL_JUMP function=- (GhidraScript)  
ERROR Pcode error at 02055b80: Could not find cached delayslot parser context (SleighInstructionPrototype)  
INFO  V15DecoderAnalysis.java> EVIDENCE_REF phase=exhaustive from=02055b92 text=jne r0,#0x450,0x020570d8 to=020570d8 type=CONDITIONAL_JUMP function=- (GhidraScript)  
INFO  V15DecoderAnalysis.java> EVIDENCE_REF phase=exhaustive from=02055b9a text=jne r0,#0x45d,0x02057460 to=02057460 type=CONDITIONAL_JUMP function=- (GhidraScript)  
INFO  V15DecoderAnalysis.java> EVIDENCE_REF phase=exhaustive from=02055ba2 text=jne r0,#0x470,0x020572a8 to=020572a8 type=CONDITIONAL_JUMP function=- (GhidraScript)  
INFO  V15DecoderAnalysis.java> EVIDENCE_REF phase=exhaustive from=02055bb2 text=jne r0,#0x48c,0x02057418 to=02057418 type=CONDITIONAL_JUMP function=- (GhidraScript)  
INFO  V15DecoderAnalysis.java> EVIDENCE_REF phase=exhaustive from=02055be2 text=jne r0,#0x4d5,0x02057fc8 to=02057fc8 type=CONDITIONAL_JUMP function=- (GhidraScript)  
INFO  V15DecoderAnalysis.java> EVIDENCE_REF phase=exhaustive from=02055bea text=jne r0,#0x4eb,0x02057410 to=02057410 type=CONDITIONAL_JUMP function=- (GhidraScript)  
INFO  V15DecoderAnalysis.java> EVIDENCE_REF phase=exhaustive from=02055bf2 text=jne r0,#0x4f8,0x020573b8 to=020573b8 type=CONDITIONAL_JUMP function=- (GhidraScript)  
INFO  V15DecoderAnalysis.java> EVIDENCE_REF phase=exhaustive from=02055bfa text=jne r0,#0x506,0x020574a0 to=020574a0 type=CONDITIONAL_JUMP function=- (GhidraScript)  
INFO  V15DecoderAnalysis.java> EVIDENCE_REF phase=exhaustive from=02055c12 text=jne r0,#0x535,0x02057018 to=02057018 type=CONDITIONAL_JUMP function=- (GhidraScript)  
INFO  V15DecoderAnalysis.java> EVIDENCE_REF phase=exhaustive from=02055c22 text=jne r0,#0x54b,0x02057448 to=02057448 type=CONDITIONAL_JUMP function=- (GhidraScript)  
INFO  V15DecoderAnalysis.java> EVIDENCE_REF phase=exhaustive from=02055c2a text=jne r0,#0x559,0x020572d0 to=020572d0 type=CONDITIONAL_JUMP function=- (GhidraScript)  
INFO  V15DecoderAnalysis.java> EVIDENCE_REF phase=exhaustive from=02055c32 text=je r0,#0x569,0x02057df8 to=02057df8 type=CONDITIONAL_JUMP function=- (GhidraScript)  
INFO  V15DecoderAnalysis.java> EVIDENCE_REF phase=exhaustive from=02055c3a text=jne r0,#0x57e,0x020572e0 to=020572e0 type=CONDITIONAL_JUMP function=- (GhidraScript)  
INFO  V15DecoderAnalysis.java> EVIDENCE_REF phase=exhaustive from=02055c42 text=jne r0,#0x58c,0x020572e8 to=020572e8 type=CONDITIONAL_JUMP function=- (GhidraScript)  
ERROR Pcode error at 02055dd4: Program does not contain referenced instruction: 02055dd6 (SleighInstructionPrototype)  
ERROR Pcode error at 02055e10: Program does not contain referenced instruction: 02055e12 (SleighInstructionPrototype)  
ERROR Pcode error at 02055e1a: Program does not contain referenced instruction: 02055e1c (SleighInstructionPrototype)  
ERROR Pcode error at 02055e90: Could not find cached delayslot parser context (SleighInstructionPrototype)  
ERROR Pcode error at 02055f4e: Could not find cached delayslot parser context (SleighInstructionPrototype)  
ERROR Pcode error at 02055fb0: Program does not contain referenced instruction: 02055fb2 (SleighInstructionPrototype)  
ERROR Pcode error at 020560a2: Could not find cached delayslot parser context (SleighInstructionPrototype)  
ERROR Pcode error at 020562b8: Program does not contain referenced instruction: 020562ba (SleighInstructionPrototype)  
ERROR Pcode error at 0205647a: Program does not contain referenced instruction: 0205647c (SleighInstructionPrototype)  
ERROR Pcode error at 020564b0: Could not find cached delayslot parser context (SleighInstructionPrototype)  
ERROR Pcode error at 02056ba2: Could not find cached delayslot parser context (SleighInstructionPrototype)  
ERROR Pcode error at 02056ca4: Program does not contain referenced instruction: 02056ca6 (SleighInstructionPrototype)  
ERROR Pcode error at 02056cf4: Program does not contain referenced instruction: 02056cf6 (SleighInstructionPrototype)  
ERROR Pcode error at 02056d5c: Program does not contain referenced instruction: 02056d5e (SleighInstructionPrototype)  
INFO  V15DecoderAnalysis.java> EVIDENCE_REF phase=exhaustive from=02056d8c text=goto 0x0205723a to=0205723a type=UNCONDITIONAL_JUMP function=- (GhidraScript)  
ERROR Pcode error at 02056d94: Program does not contain referenced instruction: 02056d96 (SleighInstructionPrototype)  
INFO  V15DecoderAnalysis.java> EVIDENCE_REF phase=exhaustive from=02056e30 text=goto 0x02057534 to=02057534 type=UNCONDITIONAL_JUMP function=- (GhidraScript)  
INFO  V15DecoderAnalysis.java> EVIDENCE_REF phase=exhaustive from=02056ebc text=goto 0x02057262 to=02057262 type=UNCONDITIONAL_JUMP function=- (GhidraScript)  
INFO  V15DecoderAnalysis.java> PHASE exhaustive (GhidraScript)  
INFO  V15DecoderAnalysis.java> METRIC phase=exhaustive key=instruction_count value=112211 (GhidraScript)  
INFO  V15DecoderAnalysis.java> METRIC phase=exhaustive key=instruction_bytes value=325010 (GhidraScript)  
INFO  V15DecoderAnalysis.java> METRIC phase=exhaustive key=code_region_bytes value=356352 (GhidraScript)  
INFO  V15DecoderAnalysis.java> METRIC phase=exhaustive key=undecoded_even_slots value=15671 (GhidraScript)  
INFO  V15DecoderAnalysis.java> METRIC phase=exhaustive key=function_count value=1668 (GhidraScript)  
INFO  V15DecoderAnalysis.java> METRIC phase=exhaustive key=call_instruction_count value=8227 (GhidraScript)  
INFO  V15DecoderAnalysis.java> METRIC phase=exhaustive key=direct_call_reference_count value=7831 (GhidraScript)  
INFO  V15DecoderAnalysis.java> METRIC phase=exhaustive key=branch_instruction_count value=14786 (GhidraScript)  
INFO  V15DecoderAnalysis.java> METRIC phase=exhaustive key=computed_flow_count value=725 (GhidraScript)  
INFO  V15DecoderAnalysis.java> METRIC phase=exhaustive key=no_pcode_instruction_count value=0 (GhidraScript)  
INFO  V15DecoderAnalysis.java> METRIC phase=exhaustive key=pcode_exception_count value=0 (GhidraScript)  
INFO  V15DecoderAnalysis.java> METRIC phase=exhaustive key=evidence_reference_count value=759 (GhidraScript)  
INFO  V15DecoderAnalysis.java> METRIC phase=exhaustive key=evidence_scalar_count value=206 (GhidraScript)  
INFO  V15DecoderAnalysis.java> METRIC phase=exhaustive key=evidence_pcode_constant_count value=206 (GhidraScript)  
INFO  V15DecoderAnalysis.java> HISTOGRAM phase=exhaustive key=instruction_size value={2=68134, 4=37860, 6=6217} (GhidraScript)  
INFO  V15DecoderAnalysis.java> HISTOGRAM phase=exhaustive key=mnemonic value={_add=31, _and=6, _bitclr=1, _bitset=1, _bkpt=1, _call=4, _cli=2, _csync=2, _goto=3, _hbkpt=1, _ja=2, _jb=10, _jbe=4, _jl=3, _jle=3, _jmnz=1, _jmz=2, _jne=3, _jnz=2, _jz=3, _lb.z=340, _lh.z=208, _lockclr=1, _lsl=6, _lw=1672, _mov=12, _movs=1, _mul=2, _nop=47, _or=14, _pfetch=9, _pop=1, _qasl=1, _qasr=6, _rep=8, _rte=2, _sb=246, _sh=170, _sti=18, _sub=15, _sw=839, _swi=1, _tbb=1, _tbh=1, abs=18, add=12452, addc=43, addldw=121, addsdw=22, and=1511, bit.and=71, bit.nand=9, bit.or=18, bit.xor=2, bitclr=171, bitset=406, bittgl=179, bkpt=34, btbclr=1, call=8180, clc=3, cli=297, clr=475, clz=14, csync=950, decjnz=2, div=128, div.s=191, flush=5, flushinv=8, goto=3261, hbkpt=27, idle=56, if=848, iflush=19, ifs=315, insert=330, ja=483, jae=207, jb=597, jbe=403, je=1499, jg=203, jge=147, jl=436, jle=276, jmnz=618, jmz=238, jne=1790, jnz=1475, jz=2531, lb=110, lb.s=65, lb.z=4078, ldw=1513, lh=258, lh.s=341, lh.z=1471, lockclr=178, lockset=106, lsl=1409, lslr=2, lsr=772, lw=6424, mov=20886, movh=1, movl=6, movs=352, movz=2572, mul=1229, mul.z=57, muladd.s=148, nop=3637, not=130, or=2021, pfetch=129, pop=1514, push=1212, qasl=113, qasr=332, rep=663, rev8=6, rte=2, rti=25, rts=328, rtx=1, sb=2866, sdw=175, sextra=199, sh=1836, smin=58, ssync=9, sti=1059, sub=1578, subc=51, sw=3801, swi=70, sxtb=63, sxth=534, syscall=5, tbb=176, tbh=46, testset=143, uextra=435, umin=28, uxtb=483, uxth=285, xor=142, } =1147, } else { =155} (GhidraScript)  
INFO  V15DecoderAnalysis.java> TARGET_XREF phase=exhaustive target=midi_route_ascii from=02005010 to=0205773c type=PARAM source=ANALYSIS function=FUN_02004f06@02004f06 (GhidraScript)  
INFO  V15DecoderAnalysis.java> TARGET_XREF phase=exhaustive target=midi_route_ascii from=02005026 to=02057742 type=READ source=ANALYSIS function=FUN_02004f06@02004f06 (GhidraScript)  
INFO  V15DecoderAnalysis.java> TARGET_XREF phase=exhaustive target=midi_route_ascii from=02005026 to=02057744 type=READ source=ANALYSIS function=FUN_02004f06@02004f06 (GhidraScript)  
INFO  V15DecoderAnalysis.java> TARGET_XREF_COUNT phase=exhaustive target=midi_route_ascii exact=0 interior=3 (GhidraScript)  
INFO  V15DecoderAnalysis.java> TARGET_XREF_COUNT phase=exhaustive target=midi_streaming_interface exact=0 interior=0 (GhidraScript)  
INFO  V15DecoderAnalysis.java> TARGET_XREF phase=exhaustive target=midi_streaming_header from=02024dd2 to=020579b7 type=PARAM source=ANALYSIS function=FUN_02024d4c@02024d4c (GhidraScript)  
INFO  V15DecoderAnalysis.java> TARGET_XREF phase=exhaustive target=midi_streaming_header from=02024da2 to=020579b7 type=PARAM source=ANALYSIS function=FUN_02024d4c@02024d4c (GhidraScript)  
INFO  V15DecoderAnalysis.java> TARGET_XREF_COUNT phase=exhaustive target=midi_streaming_header exact=2 interior=0 (GhidraScript)  
INFO  V15DecoderAnalysis.java> TARGET_XREF phase=exhaustive target=usb_midi_cin_payload_lengths from=0200100c to=02057abe type=PARAM source=ANALYSIS function=- (GhidraScript)  
INFO  V15DecoderAnalysis.java> TARGET_XREF_COUNT phase=exhaustive target=usb_midi_cin_payload_lengths exact=0 interior=1 (GhidraScript)  
INFO  V15DecoderAnalysis.java> TARGET_XREF_COUNT phase=exhaustive target=usb_device_descriptor exact=0 interior=0 (GhidraScript)  
INFO  V15DecoderAnalysis.java> TARGET_XREF_COUNT phase=exhaustive target=midi_product_utf16le exact=0 interior=0 (GhidraScript)  
INFO  V15DecoderAnalysis.java> TARGET_XREF phase=exhaustive target=midi_in_endpoint from=02027a36 to=02057fc8 type=DATA source=ANALYSIS function=- (GhidraScript)  
INFO  V15DecoderAnalysis.java> TARGET_XREF phase=exhaustive target=midi_in_endpoint from=02055be2 to=02057fc8 type=CONDITIONAL_JUMP source=DEFAULT function=- (GhidraScript)  
INFO  V15DecoderAnalysis.java> TARGET_XREF_COUNT phase=exhaustive target=midi_in_endpoint exact=0 interior=2 (GhidraScript)  
INFO  V15DecoderAnalysis.java> TARGET_XREF_COUNT phase=exhaustive target=midi_in_cs_endpoint exact=0 interior=0 (GhidraScript)  
INFO  V15DecoderAnalysis.java> TARGET_XREF_COUNT phase=exhaustive target=midi_out_endpoint exact=0 interior=0 (GhidraScript)  
INFO  V15DecoderAnalysis.java> TARGET_XREF_COUNT phase=exhaustive target=midi_out_cs_endpoint exact=0 interior=0 (GhidraScript)  
INFO  V15DecoderAnalysis.java> TARGET_XREF phase=exhaustive target=midi_jack_graph from=020277d4 to=02058278 type=PARAM source=ANALYSIS function=- (GhidraScript)  
INFO  V15DecoderAnalysis.java> TARGET_XREF phase=exhaustive target=midi_jack_graph from=0205827e to=02058280 type=DATA source=ANALYSIS function=- (GhidraScript)  
INFO  V15DecoderAnalysis.java> TARGET_XREF phase=exhaustive target=midi_jack_graph from=020096a6 to=0205829c type=PARAM source=ANALYSIS function=- (GhidraScript)  
INFO  V15DecoderAnalysis.java> TARGET_XREF_COUNT phase=exhaustive target=midi_jack_graph exact=0 interior=3 (GhidraScript)  
INFO  V15DecoderAnalysis.java> LISTING phase=exhaustive path=/Users/spectrum/Documents/SMK37ProMod/baselines/v15/analysis/quarkslab/results/quarkslab-exhaustive-listing.tsv (GhidraScript)  
INFO  ANALYZING changes made by post scripts: file:///Users/spectrum/Documents/SMK37ProMod/build/v15-official-app.bin (HeadlessAnalyzer)  
INFO  REPORT: Post-analysis succeeded for file: file:///Users/spectrum/Documents/SMK37ProMod/build/v15-official-app.bin (HeadlessAnalyzer)  
INFO  /v15-official-app.bin: file created (spectrum) (LocalFileSystem)  
INFO  REPORT: Save succeeded for: /v15-official-app.bin (v15-quarkslab-full2:/v15-official-app.bin) (HeadlessAnalyzer)  
INFO  REPORT: Import succeeded (HeadlessAnalyzer)  
