Picked up JAVA_TOOL_OPTIONS: -Duser.home=/Users/spectrum/jcode-v16-analysis/home-20261001T031441Z
Picked up JAVA_TOOL_OPTIONS: -Duser.home=/Users/spectrum/jcode-v16-analysis/home-20261001T031441Z
Picked up JAVA_TOOL_OPTIONS: -Duser.home=/Users/spectrum/jcode-v16-analysis/home-20261001T031441Z
Picked up JAVA_TOOL_OPTIONS: -Duser.home=/Users/spectrum/jcode-v16-analysis/home-20261001T031441Z
openjdk version "21.0.11" 2026-04-21
OpenJDK Runtime Environment Homebrew (build 21.0.11)
OpenJDK 64-Bit Server VM Homebrew (build 21.0.11, mixed mode)
INFO  Using log config file: jar:file:/opt/homebrew/Cellar/ghidra/12.1.2/libexec/Ghidra/Framework/Generic/lib/Generic.jar!/generic.log4j.xml (LoggingInitialization)  
INFO  Using log file: /Users/spectrum/jcode-v16-analysis/home-20261001T031441Z/Library/ghidra/ghidra_12.1.2_PUBLIC/application.log (LoggingInitialization)  
INFO  Loading user preferences: /Users/spectrum/jcode-v16-analysis/home-20261001T031441Z/Library/ghidra/ghidra_12.1.2_PUBLIC/preferences (Preferences)  
INFO  Searching for classes... (ClassSearcher)  
INFO  Class search complete (839 ms) (ClassSearcher)  
INFO  Initializing SSL Context (DefaultSSLContextInitializer)  
INFO  Initializing Random Number Generator... (SecureRandomFactory)  
INFO  Random Number Generator initialization complete: NativePRNGNonBlocking (SecureRandomFactory)  
INFO  Trust manager disabled, cacerts have not been set (DefaultTrustManagerFactory)  
WARN  pi32v2.slaspec:427: Delay slot used in table "parainst" constructor from pi32v2.slaspec:427 (SleighCompile)  
WARN  pi32v2.slaspec:441: Delay slot used in table "parainst" constructor from pi32v2.slaspec:441 (SleighCompile)  
WARN  NOP detected at pi32v2.slaspec:510 (SleighCompile)  
WARN  NOP detected at pi32v2.slaspec:515 (SleighCompile)  
WARN  NOP detected at pi32v2.slaspec:521 (SleighCompile)  
WARN  NOP detected at pi32v2.slaspec:538 (SleighCompile)  
WARN  NOP detected at pi32v2.slaspec:542 (SleighCompile)  
WARN  NOP detected at pi32v2.slaspec:549 (SleighCompile)  
WARN  NOP detected at pi32v2.slaspec:553 (SleighCompile)  
WARN  NOP detected at pi32v2.slaspec:560 (SleighCompile)  
WARN  NOP detected at pi32v2.slaspec:563 (SleighCompile)  
WARN  NOP detected at pi32v2.slaspec:567 (SleighCompile)  
WARN  NOP detected at pi32v2_ins_stack.sinc:62 (SleighCompile)  
WARN  NOP detected at pi32v2_ins_stack.sinc:63 (SleighCompile)  
WARN  NOP detected at pi32v2_ins_stack.sinc:64 (SleighCompile)  
WARN  NOP detected at pi32v2_ins_stack.sinc:65 (SleighCompile)  
WARN  NOP detected at pi32v2_ins_stack.sinc:66 (SleighCompile)  
WARN  NOP detected at pi32v2_ins_stack.sinc:67 (SleighCompile)  
WARN  NOP detected at pi32v2_ins_stack.sinc:68 (SleighCompile)  
WARN  NOP detected at pi32v2_ins_stack.sinc:69 (SleighCompile)  
WARN  NOP detected at pi32v2_ins_stack.sinc:70 (SleighCompile)  
WARN  NOP detected at pi32v2_ins_stack.sinc:71 (SleighCompile)  
WARN  NOP detected at pi32v2_ins_stack.sinc:72 (SleighCompile)  
WARN  NOP detected at pi32v2_ins_stack.sinc:73 (SleighCompile)  
WARN  NOP detected at pi32v2_ins_stack.sinc:78 (SleighCompile)  
WARN  NOP detected at pi32v2_ins_stack.sinc:79 (SleighCompile)  
WARN  NOP detected at pi32v2_ins_stack.sinc:85 (SleighCompile)  
WARN  NOP detected at pi32v2_ins_stack.sinc:86 (SleighCompile)  
WARN  NOP detected at pi32v2_ins_stack.sinc:91 (SleighCompile)  
WARN  NOP detected at pi32v2_ins_stack.sinc:92 (SleighCompile)  
WARN  NOP detected at pi32v2_ins_stack.sinc:98 (SleighCompile)  
WARN  NOP detected at pi32v2_ins_stack.sinc:99 (SleighCompile)  
WARN  NOP detected at pi32v2_ins_stack.sinc:123 (SleighCompile)  
WARN  NOP detected at pi32v2_ins_stack.sinc:124 (SleighCompile)  
WARN  NOP detected at pi32v2_ins_stack.sinc:129 (SleighCompile)  
WARN  NOP detected at pi32v2_ins_stack.sinc:130 (SleighCompile)  
WARN  NOP detected at pi32v2_ins_stack.sinc:135 (SleighCompile)  
WARN  NOP detected at pi32v2_ins_stack.sinc:136 (SleighCompile)  
WARN  NOP detected at pi32v2_ins_stack.sinc:141 (SleighCompile)  
WARN  NOP detected at pi32v2_ins_stack.sinc:142 (SleighCompile)  
WARN  NOP detected at pi32v2_ins_loadstore.sinc:52 (SleighCompile)  
WARN  NOP detected at pi32v2_ins_loadstore.sinc:54 (SleighCompile)  
WARN  NOP detected at pi32v2_ins_loadstore.sinc:55 (SleighCompile)  
WARN  NOP detected at pi32v2_ins_loadstore.sinc:56 (SleighCompile)  
WARN  NOP detected at pi32v2_ins_loadstore.sinc:57 (SleighCompile)  
WARN  NOP detected at pi32v2_ins_loadstore.sinc:58 (SleighCompile)  
WARN  NOP detected at pi32v2_ins_loadstore.sinc:59 (SleighCompile)  
WARN  NOP detected at pi32v2_ins_loadstore.sinc:60 (SleighCompile)  
WARN  NOP detected at pi32v2_ins_loadstore.sinc:65 (SleighCompile)  
WARN  NOP detected at pi32v2_ins_loadstore.sinc:66 (SleighCompile)  
WARN  NOP detected at pi32v2_ins_loadstore.sinc:72 (SleighCompile)  
WARN  NOP detected at pi32v2_ins_loadstore.sinc:73 (SleighCompile)  
WARN  50 NOP constructors found (SleighCompile)  
WARN  1 unnecessary extensions/truncations were converted to copies (SleighCompile)  
WARN  Use -u switch to list each individually (SleighCompile)  
INFO  Headless startup complete (2950 ms) (AnalyzeHeadless)  
INFO  Class searcher loaded 92 extension points (46 false positives) (ClassSearcher)  
INFO  HEADLESS Script Paths:
    /opt/homebrew/Cellar/ghidra/12.1.2/libexec/Ghidra/Features/SystemEmulation/ghidra_scripts
    /opt/homebrew/Cellar/ghidra/12.1.2/libexec/Ghidra/Features/Base/ghidra_scripts
    /opt/homebrew/Cellar/ghidra/12.1.2/libexec/Ghidra/Features/FunctionID/ghidra_scripts
    /opt/homebrew/Cellar/ghidra/12.1.2/libexec/Ghidra/Features/WildcardAssembler/ghidra_scripts
    /opt/homebrew/Cellar/ghidra/12.1.2/libexec/Ghidra/Features/MicrosoftCodeAnalyzer/ghidra_scripts
    /opt/homebrew/Cellar/ghidra/12.1.2/libexec/Ghidra/Features/FileFormats/ghidra_scripts
    /opt/homebrew/Cellar/ghidra/12.1.2/libexec/Ghidra/Processors/Atmel/ghidra_scripts
    /opt/homebrew/Cellar/ghidra/12.1.2/libexec/Ghidra/Features/DecompilerDependent/ghidra_scripts
    /opt/homebrew/Cellar/ghidra/12.1.2/libexec/Ghidra/Processors/8051/ghidra_scripts
    /opt/homebrew/Cellar/ghidra/12.1.2/libexec/Ghidra/Processors/DATA/ghidra_scripts
    /Users/spectrum/Documents/SMK37ProMod/baselines/v15/analysis/v15-vs-v16-app-diff-2026-10-01
    /opt/homebrew/Cellar/ghidra/12.1.2/libexec/Ghidra/Processors/JVM/ghidra_scripts
    /opt/homebrew/Cellar/ghidra/12.1.2/libexec/Ghidra/Features/GnuDemangler/ghidra_scripts
    /opt/homebrew/Cellar/ghidra/12.1.2/libexec/Ghidra/Debug/Debugger/ghidra_scripts
    /opt/homebrew/Cellar/ghidra/12.1.2/libexec/Ghidra/Features/BSim/ghidra_scripts
    /opt/homebrew/Cellar/ghidra/12.1.2/libexec/Ghidra/Features/BytePatterns/ghidra_scripts
    /opt/homebrew/Cellar/ghidra/12.1.2/libexec/Ghidra/Features/PyGhidra/ghidra_scripts
    /opt/homebrew/Cellar/ghidra/12.1.2/libexec/Ghidra/Debug/Debugger-rmi-trace/ghidra_scripts
    /opt/homebrew/Cellar/ghidra/12.1.2/libexec/Ghidra/Features/Decompiler/ghidra_scripts
    /opt/homebrew/Cellar/ghidra/12.1.2/libexec/Ghidra/Features/SwiftDemangler/ghidra_scripts
    /opt/homebrew/Cellar/ghidra/12.1.2/libexec/Ghidra/Features/VersionTracking/ghidra_scripts
    /opt/homebrew/Cellar/ghidra/12.1.2/libexec/Ghidra/Features/PDB/ghidra_scripts
    /opt/homebrew/Cellar/ghidra/12.1.2/libexec/Ghidra/Processors/PIC/ghidra_scripts (HeadlessAnalyzer)  
INFO  HEADLESS: execution starts (HeadlessAnalyzer)  
INFO  Creating project: /Users/spectrum/jcode-v16-analysis/projects/v16-20261001T031441Z (HeadlessAnalyzer)  
INFO  Creating project: /Users/spectrum/jcode-v16-analysis/projects/v16-20261001T031441Z (DefaultProject)  
INFO  REPORT: Processing input files:  (HeadlessAnalyzer)  
INFO       project: /Users/spectrum/jcode-v16-analysis/projects/v16-20261001T031441Z (HeadlessAnalyzer)  
INFO  IMPORTING: file:///Users/spectrum/Documents/SMK37ProMod/build/v16-analysis/app-016-decoded.bin (HeadlessAnalyzer)  
INFO  Successfully applied "-loader-baseAddr" to "Base Address" (old: "null", new: "0x02000000") (ProgramLoader)  
INFO  Using Loader: Raw Binary (ProgramLoader)  
INFO  Using Language/Compiler: pi32v2:LE:32:default:default (ProgramLoader)  
INFO  Using Library Search Path: [., /System/Library/dyld/dyld_shared_cache_arm64e, /System/Library/dyld/dyld_shared_cache_x86_64, /System/Library/dyld/dyld_shared_cache_x86_64h, /System/Cryptexes/OS/System/Library/dyld/dyld_shared_cache_arm64e, /System/Cryptexes/OS/System/Library/dyld/dyld_shared_cache_x86_64, /System/Cryptexes/OS/System/Library/dyld/dyld_shared_cache_x86_64h, /Users/spectrum/Library/Java/Extensions, /Library/Java/Extensions, /Network/Library/Java/Extensions, /System/Library/Java/Extensions, /usr/lib/java] (ProgramLoader)  
INFO  IMPORTING: Loaded 0 additional files (HeadlessAnalyzer)  
INFO  ANALYZING all memory and code: file:///Users/spectrum/Documents/SMK37ProMod/build/v16-analysis/app-016-decoded.bin (HeadlessAnalyzer)  
INFO  Packed database cache: /var/tmp/spectrum-ghidra/packed-db-cache (PackedDatabaseCache)  
INFO  Applied data type archive: generic_clib (ApplyDataArchiveAnalyzer)  
ERROR Pcode error at 0201a228: Program does not contain referenced instruction: 0201a22c (SleighInstructionPrototype)  
WARN  Decompiling 0207def2, pcode error at 0207e0ee: Unable to resolve constructor at 0207e0ee (DecompileCallback)  
ERROR Pcode error at 0201a228: Program does not contain referenced instruction: 0201a22c (SleighInstructionPrototype)  
WARN  Decompiling 02003aae, pcode error at 02003b1c: Unable to resolve constructor at 02003b1c (DecompileCallback)  
WARN  Decompiling 02003aae, pcode error at 02003b20: Unable to resolve constructor at 02003b20 (DecompileCallback)  
WARN  Decompiling 02003aae, pcode error at 02003d1e: Unable to resolve constructor at 02003d1e (DecompileCallback)  
WARN  Decompiling 02003aae, pcode error at 02003cdc: Unable to resolve constructor at 02003cdc (DecompileCallback)  
WARN  Decompiling 02003aae, pcode error at 02003bda: Unable to resolve constructor at 02003bda (DecompileCallback)  
WARN  Decompiling 02003aae, pcode error at 02003ba4: Unable to resolve constructor at 02003ba4 (DecompileCallback)  
WARN  Decompiling 02003aae, pcode error at 02003c2e: Unable to resolve constructor at 02003c2e (DecompileCallback)  
WARN  Decompiling 02003aae, pcode error at 02003ba0: Unable to resolve constructor at 02003ba0 (DecompileCallback)  
WARN  Decompiling 02003aae, pcode error at 02004136: Unable to resolve constructor at 02004136 (DecompileCallback)  
WARN  Decompiling 02003aae, pcode error at 02003cea: Unable to resolve constructor at 02003cea (DecompileCallback)  
WARN  Decompiling 02003aae, pcode error at 02003c72: Unable to resolve constructor at 02003c72 (DecompileCallback)  
WARN  Decompiling 02003aae, pcode error at 02003bc8: Unable to resolve constructor at 02003bc8 (DecompileCallback)  
WARN  Decompiling 02003aae, pcode error at 02003c9e: Unable to resolve constructor at 02003c9e (DecompileCallback)  
WARN  Decompiling 02003aae, pcode error at 02003c1c: Unable to resolve constructor at 02003c1c (DecompileCallback)  
WARN  Decompiling 02003aae, pcode error at 02003bec: Unable to resolve constructor at 02003bec (DecompileCallback)  
WARN  Decompiling 02003aae, pcode error at 02003bcc: Unable to resolve constructor at 02003bcc (DecompileCallback)  
WARN  Decompiling 02003aae, pcode error at 02003c2a: Unable to resolve constructor at 02003c2a (DecompileCallback)  
WARN  Decompiling 0200392c, pcode error at 02003260: Unable to resolve constructor at 02003260 (DecompileCallback)  
WARN  Decompiling 0200392c, pcode error at 02003a70: Unable to resolve constructor at 02003a70 (DecompileCallback)  
WARN  Decompiling 0200392c, pcode error at 02003b1c: Unable to resolve constructor at 02003b1c (DecompileCallback)  
WARN  Decompiling 0200392c, pcode error at 020039ea: Unable to resolve constructor at 020039ea (DecompileCallback)  
WARN  Decompiling 0200392c, pcode error at 02003a8c: Unable to resolve constructor at 02003a8c (DecompileCallback)  
WARN  Decompiling 0200392c, pcode error at 02003a38: Unable to resolve constructor at 02003a38 (DecompileCallback)  
WARN  Decompiling 0200392c, pcode error at 02003974: Unable to resolve constructor at 02003974 (DecompileCallback)  
WARN  Decompiling 0200392c, pcode error at 02003a4c: Unable to resolve constructor at 02003a4c (DecompileCallback)  
WARN  Decompiling 0200392c, pcode error at 02003aa8: Unable to resolve constructor at 02003aa8 (DecompileCallback)  
WARN  Decompiling 0200392c, pcode error at 02003970: Unable to resolve constructor at 02003970 (DecompileCallback)  
ERROR Pcode error at 020323ea: Program does not contain referenced instruction: 020323ee (SleighInstructionPrototype)  
ERROR Pcode error at 020340b2: Program does not contain referenced instruction: 020340b6 (SleighInstructionPrototype)  
WARN  Decompiling 0203054a, pcode error at 0203084e: Unable to resolve constructor at 0203084e (DecompileCallback)  
WARN  Decompiling 0203054a, pcode error at 020307a4: Unable to resolve constructor at 020307a4 (DecompileCallback)  
ERROR Pcode error at 020323ea: Program does not contain referenced instruction: 020323ee (SleighInstructionPrototype)  
ERROR Pcode error at 02031bd0: Program does not contain referenced instruction: 02031bd4 (SleighInstructionPrototype)  
ERROR Pcode error at 02031bd0: Program does not contain referenced instruction: 02031bd4 (SleighInstructionPrototype)  
ERROR Pcode error at 02031bd0: Program does not contain referenced instruction: 02031bd4 (SleighInstructionPrototype)  
ERROR Pcode error at 020323ea: Program does not contain referenced instruction: 020323ee (SleighInstructionPrototype)  
ERROR Pcode error at 0201a228: Program does not contain referenced instruction: 0201a22c (SleighInstructionPrototype)  
INFO  -----------------------------------------------------
    ASCII Strings                              0.218 secs
    Apply Data Archives                        0.432 secs
    Basic Constant Reference Analyzer          0.593 secs
    Call-Fixup Installer                       0.004 secs
    Create Address Tables                      0.097 secs
    Create Address Tables - One Time           0.237 secs
    Create Function                            0.116 secs
    Data Reference                             0.164 secs
    Decompiler Switch Analysis                 3.303 secs
    Demangler GNU                              0.000 secs
    Disassemble Entry Points                   0.000 secs
    Embedded Media                             0.022 secs
    External Entry References                  0.001 secs
    Function ID                                0.028 secs
    Non-Returning Functions - Discovered       0.046 secs
    Reference                                  0.213 secs
    Shared Return Calls                        0.042 secs
    Stack                                      0.368 secs
    Subroutine References                      0.782 secs
    Subroutine References - One Time           0.000 secs
-----------------------------------------------------
     Total Time   6 secs
-----------------------------------------------------
 (AutoAnalysisManager)  
INFO  REPORT: Analysis succeeded for file: file:///Users/spectrum/Documents/SMK37ProMod/build/v16-analysis/app-016-decoded.bin (HeadlessAnalyzer)  
INFO  REPORT: Execute script: V16DecoderAnalysis.java '/Users/spectrum/Documents/SMK37ProMod/baselines/v15/analysis/v15-vs-v16-app-diff-2026-10-01/results/v16'  (HeadlessAnalyzer)  
INFO  SCRIPT: /Users/spectrum/Documents/SMK37ProMod/baselines/v15/analysis/v15-vs-v16-app-diff-2026-10-01/V16DecoderAnalysis.java (HeadlessAnalyzer)  
INFO  V16DecoderAnalysis.java> PROVENANCE image_sha256=0f64fbf6ffc454eea686d78cf89f35e593229765bdcf166f10a8bd714abcb09a (GhidraScript)  
INFO  V16DecoderAnalysis.java> PROVENANCE mapped_memory_base=02000000 (GhidraScript)  
INFO  V16DecoderAnalysis.java> PROVENANCE program_image_base_metadata=00000000 (GhidraScript)  
INFO  V16DecoderAnalysis.java> PROVENANCE image_size=619704 (GhidraScript)  
INFO  V16DecoderAnalysis.java> PROVENANCE language=pi32v2:LE:32:default (GhidraScript)  
INFO  V16DecoderAnalysis.java> PROVENANCE script_args=[/Users/spectrum/Documents/SMK37ProMod/baselines/v15/analysis/v15-vs-v16-app-diff-2026-10-01/results/v16] (GhidraScript)  
INFO  V16DecoderAnalysis.java> RAW_POINTER_COUNT target=midi_route_ascii exact=0 interior=0 (GhidraScript)  
INFO  V16DecoderAnalysis.java> RAW_POINTER_COUNT target=midi_streaming_interface exact=0 interior=0 (GhidraScript)  
INFO  V16DecoderAnalysis.java> RAW_POINTER_COUNT target=midi_streaming_header exact=0 interior=0 (GhidraScript)  
INFO  V16DecoderAnalysis.java> RAW_POINTER_COUNT target=usb_midi_cin_payload_lengths exact=0 interior=0 (GhidraScript)  
INFO  V16DecoderAnalysis.java> RAW_POINTER_COUNT target=usb_device_descriptor exact=0 interior=0 (GhidraScript)  
INFO  V16DecoderAnalysis.java> RAW_POINTER_COUNT target=midi_product_utf16le exact=0 interior=0 (GhidraScript)  
INFO  V16DecoderAnalysis.java> RAW_POINTER_COUNT target=midi_in_endpoint exact=0 interior=0 (GhidraScript)  
INFO  V16DecoderAnalysis.java> RAW_POINTER_COUNT target=midi_in_cs_endpoint exact=0 interior=0 (GhidraScript)  
INFO  V16DecoderAnalysis.java> RAW_POINTER_COUNT target=midi_out_endpoint exact=0 interior=0 (GhidraScript)  
INFO  V16DecoderAnalysis.java> RAW_POINTER_COUNT target=midi_out_cs_endpoint exact=0 interior=0 (GhidraScript)  
INFO  V16DecoderAnalysis.java> RAW_POINTER_COUNT target=midi_jack_graph exact=0 interior=0 (GhidraScript)  
INFO  V16DecoderAnalysis.java> RAW_POINTER_COUNT target=ui_label_local exact=0 interior=0 (GhidraScript)  
INFO  V16DecoderAnalysis.java> RAW_POINTER target=ui_label_usb_rec source=0201a78e value=0205e330 kind=interior (GhidraScript)  
INFO  V16DecoderAnalysis.java> RAW_POINTER_COUNT target=ui_label_usb_rec exact=0 interior=1 (GhidraScript)  
INFO  V16DecoderAnalysis.java> RAW_POINTER_COUNT target=ui_label_key_chn exact=0 interior=0 (GhidraScript)  
INFO  V16DecoderAnalysis.java> RAW_POINTER_COUNT target=ui_label_pad_chn exact=0 interior=0 (GhidraScript)  
ERROR Pcode error at 020009a6: Program does not contain referenced instruction: 020009a8 (SleighInstructionPrototype)  
ERROR Pcode error at 0200d35e: Program does not contain referenced instruction: 0200d362 (SleighInstructionPrototype)  
ERROR Pcode error at 0200f126: Program does not contain referenced instruction: 0200f12a (SleighInstructionPrototype)  
ERROR Pcode error at 020190c8: Program does not contain referenced instruction: 020190ca (SleighInstructionPrototype)  
ERROR Pcode error at 0201b8cc: Program does not contain referenced instruction: 0201b8ce (SleighInstructionPrototype)  
ERROR Pcode error at 0201ff5e: Program does not contain referenced instruction: 0201ff62 (SleighInstructionPrototype)  
ERROR Pcode error at 0208c58a: Program does not contain referenced instruction: 0208c58e (SleighInstructionPrototype)  
ERROR Pcode error at 0202d4aa: Program does not contain referenced instruction: 0202d4ac (SleighInstructionPrototype)  
ERROR Pcode error at 020335ce: Program does not contain referenced instruction: 020335d0 (SleighInstructionPrototype)  
ERROR Pcode error at 0203e216: Program does not contain referenced instruction: 0203e21a (SleighInstructionPrototype)  
ERROR Pcode error at 02050540: Program does not contain referenced instruction: 02050542 (SleighInstructionPrototype)  
ERROR Pcode error at 02055e4a: Program does not contain referenced instruction: 02055e4c (SleighInstructionPrototype)  
ERROR Pcode error at 0204df98: Program does not contain referenced instruction: 0204df9a (SleighInstructionPrototype)  
ERROR Pcode error at 02056970: Program does not contain referenced instruction: 02056972 (SleighInstructionPrototype)  
ERROR Pcode error at 0205690e: Could not find cached delayslot parser context (SleighInstructionPrototype)  
ERROR Pcode error at 02057562: Could not find cached delayslot parser context (SleighInstructionPrototype)  
INFO  V16DecoderAnalysis.java> RECURSIVE pointer_derived_seeds=724 accepted=724 (GhidraScript)  
ERROR Pcode error at 0201a228: Program does not contain referenced instruction: 0201a22c (SleighInstructionPrototype)  
ERROR Pcode error at 0200d35e: Program does not contain referenced instruction: 0200d362 (SleighInstructionPrototype)  
WARN  Decompiling 0201b66a, pcode error at 0201b76e: Unable to resolve constructor at 0201b76e (DecompileCallback)  
WARN  Decompiling 02002e80, pcode error at 02003384: Unable to resolve constructor at 02003384 (DecompileCallback)  
WARN  Decompiling 02002e80, pcode error at 02003362: Unable to resolve constructor at 02003362 (DecompileCallback)  
WARN  Decompiling 02020080, pcode error at 0202034c: Unable to resolve constructor at 0202034c (DecompileCallback)  
WARN  Decompiling 0202cbe4, pcode error at 02040f26: Unable to resolve constructor at 02040f26 (DecompileCallback)  
WARN  Decompiling 0202cbe4, pcode error at 0202f924: Unable to resolve constructor at 0202f924 (DecompileCallback)  
WARN  Decompiling 0202cbe4, pcode error at 020311f2: Unable to resolve constructor at 020311f2 (DecompileCallback)  
WARN  Decompiling 0202cbe4, pcode error at 0204a952: Unable to resolve constructor at 0204a952 (DecompileCallback)  
WARN  Decompiling 0202cbe4, pcode error at 0204bd88: Unable to resolve constructor at 0204bd88 (DecompileCallback)  
WARN  Decompiling 0202cbe4, pcode error at 0202fa84: Unable to resolve constructor at 0202fa84 (DecompileCallback)  
WARN  Decompiling 0202cbe4, pcode error at 0204aa36: Unable to resolve constructor at 0204aa36 (DecompileCallback)  
WARN  Decompiling 0202cbe4, pcode error at 0204aa2a: Unable to resolve constructor at 0204aa2a (DecompileCallback)  
WARN  Decompiling 0202cbe4, pcode error at 0204ae86: Unable to resolve constructor at 0204ae86 (DecompileCallback)  
WARN  Decompiling 0202cbe4, pcode error at 020341fe: Unable to resolve constructor at 020341fe (DecompileCallback)  
WARN  Decompiling 0202cbe4, pcode error at 0204bc9c: Unable to resolve constructor at 0204bc9c (DecompileCallback)  
WARN  Decompiling 0202cbe4, pcode error at 0202cd52: Unable to resolve constructor at 0202cd52 (DecompileCallback)  
WARN  Decompiling 0202cbe4, pcode error at 0204a642: Unable to resolve constructor at 0204a642 (DecompileCallback)  
WARN  Decompiling 0202cbe4, pcode error at 02039c38: Unable to resolve constructor at 02039c38 (DecompileCallback)  
WARN  Decompiling 0202cbe4, pcode error at 0204c484: Unable to resolve constructor at 0204c484 (DecompileCallback)  
WARN  Decompiling 0202cbe4, pcode error at 0203ecee: Unable to resolve constructor at 0203ecee (DecompileCallback)  
WARN  Decompiling 0202cbe4, pcode error at 020358d0: Unable to resolve constructor at 020358d0 (DecompileCallback)  
WARN  Decompiling 0202cbe4, pcode error at 0202f9a8: Unable to resolve constructor at 0202f9a8 (DecompileCallback)  
ERROR Pcode error at 02048fc6: Delay Slot recursion problem for Instruction at 02048fc8 (SleighInstructionPrototype)  
WARN  Decompiling 0202cbe4, pcode error at 0204afca: Unable to resolve constructor at 0204afca (DecompileCallback)  
WARN  Decompiling 0202cbe4, pcode error at 02042e48: Unable to resolve constructor at 02042e48 (DecompileCallback)  
WARN  Decompiling 0202cbe4, pcode error at 02041e58: Unable to resolve constructor at 02041e58 (DecompileCallback)  
WARN  Decompiling 0202cbe4, pcode error at 0203ec94: Unable to resolve constructor at 0203ec94 (DecompileCallback)  
WARN  Decompiling 0202cbe4, pcode error at 0204aeb0: Unable to resolve constructor at 0204aeb0 (DecompileCallback)  
WARN  Decompiling 0202cbe4, pcode error at 02040d10: Unable to resolve constructor at 02040d10 (DecompileCallback)  
WARN  Decompiling 0202cbe4, pcode error at 02035716: Unable to resolve constructor at 02035716 (DecompileCallback)  
WARN  Decompiling 0202cbe4, pcode error at 0204afda: Unable to resolve constructor at 0204afda (DecompileCallback)  
WARN  Decompiling 0202cbe4, pcode error at 0202ed2c: Unable to resolve constructor at 0202ed2c (DecompileCallback)  
WARN  Decompiling 0202cbe4, pcode error at 0202e956: Unable to resolve constructor at 0202e956 (DecompileCallback)  
WARN  Decompiling 0202cbe4, pcode error at 0202d4ee: Unable to resolve constructor at 0202d4ee (DecompileCallback)  
WARN  Decompiling 0202cbe4, pcode error at 0204bc8a: Unable to resolve constructor at 0204bc8a (DecompileCallback)  
WARN  Decompiling 0202cbe4, pcode error at 0202cd8e: Unable to resolve constructor at 0202cd8e (DecompileCallback)  
WARN  Decompiling 0202cbe4, pcode error at 0204bc84: Unable to resolve constructor at 0204bc84 (DecompileCallback)  
WARN  Decompiling 0202cbe4, pcode error at 0204cb8e: Unable to resolve constructor at 0204cb8e (DecompileCallback)  
WARN  Decompiling 0202cbe4, pcode error at 0204c582: Unable to resolve constructor at 0204c582 (DecompileCallback)  
WARN  Decompiling 0202cbe4, pcode error at 0204cb82: Unable to resolve constructor at 0204cb82 (DecompileCallback)  
WARN  Decompiling 0202cbe4, pcode error at 0204cd7c: Unable to resolve constructor at 0204cd7c (DecompileCallback)  
ERROR Pcode error at 0204ae84: Could not find cached delayslot parser context (SleighInstructionPrototype)  
WARN  Decompiling 0202cbe4, pcode error at 02034c78: Unable to resolve constructor at 02034c78 (DecompileCallback)  
WARN  Decompiling 0202cbe4, pcode error at 0202fd06: Unable to resolve constructor at 0202fd06 (DecompileCallback)  
WARN  Decompiling 0202cbe4, pcode error at 0202cc90: Unable to resolve constructor at 0202cc90 (DecompileCallback)  
WARN  Decompiling 0202cbe4, pcode error at 0204a286: Unable to resolve constructor at 0204a286 (DecompileCallback)  
WARN  Decompiling 0202cbe4, pcode error at 0202cc86: Unable to resolve constructor at 0202cc86 (DecompileCallback)  
WARN  Decompiling 0202cbe4, pcode error at 02045ef8: Unable to resolve constructor at 02045ef8 (DecompileCallback)  
WARN  Decompiling 0202cbe4, pcode error at 020494fa: Unable to resolve constructor at 020494fa (DecompileCallback)  
WARN  Decompiling 0202cbe4, pcode error at 020305e4: Unable to resolve constructor at 020305e4 (DecompileCallback)  
WARN  Decompiling 0202cbe4, pcode error at 0203d14c: Unable to resolve constructor at 0203d14c (DecompileCallback)  
WARN  Decompiling 0202cbe4, pcode error at 02032720: Unable to resolve constructor at 02032720 (DecompileCallback)  
ERROR Pcode error at 0202d5ae: Block does not contain cross-build instruction: 0202d5ae -> 0202d5b0 (SleighInstructionPrototype)  
WARN  Decompiling 0202cbe4, pcode error at 02039e76: Unable to resolve constructor at 02039e76 (DecompileCallback)  
WARN  Decompiling 0202cbe4, pcode error at 0203a978: Unable to resolve constructor at 0203a978 (DecompileCallback)  
WARN  Decompiling 0202cbe4, pcode error at 0204afc4: Unable to resolve constructor at 0204afc4 (DecompileCallback)  
WARN  Decompiling 0202cbe4, pcode error at 02035b1a: Unable to resolve constructor at 02035b1a (DecompileCallback)  
WARN  Decompiling 0202cbe4, pcode error at 0204bc86: Unable to resolve constructor at 0204bc86 (DecompileCallback)  
WARN  Decompiling 0202cbe4, pcode error at 02038c86: Unable to resolve constructor at 02038c86 (DecompileCallback)  
WARN  Decompiling 0202cbe4, pcode error at 0204ca94: Unable to resolve constructor at 0204ca94 (DecompileCallback)  
WARN  Decompiling 0202cbe4, pcode error at 0203a522: Unable to resolve constructor at 0203a522 (DecompileCallback)  
WARN  Decompiling 0202cbe4, pcode error at 0203a7f0: Unable to resolve constructor at 0203a7f0 (DecompileCallback)  
WARN  Decompiling 0202cbe4, pcode error at 0202cc9a: Unable to resolve constructor at 0202cc9a (DecompileCallback)  
WARN  Decompiling 0202cbe4, pcode error at 0202cd48: Unable to resolve constructor at 0202cd48 (DecompileCallback)  
WARN  Decompiling 0202cbe4, pcode error at 0202ccd4: Unable to resolve constructor at 0202ccd4 (DecompileCallback)  
WARN  Decompiling 0202cbe4, pcode error at 0202ccc4: Unable to resolve constructor at 0202ccc4 (DecompileCallback)  
WARN  Decompiling 0202cbe4, pcode error at 0202ce26: Unable to resolve constructor at 0202ce26 (DecompileCallback)  
WARN  Decompiling 0202cbe4, pcode error at 0202cd22: Unable to resolve constructor at 0202cd22 (DecompileCallback)  
WARN  Decompiling 0202cbe4, pcode error at 0202cd28: Unable to resolve constructor at 0202cd28 (DecompileCallback)  
WARN  Decompiling 0202cbe4, pcode error at 0202cc88: Unable to resolve constructor at 0202cc88 (DecompileCallback)  
WARN  Decompiling 0202cbe4, pcode error at 0202ccd8: Unable to resolve constructor at 0202ccd8 (DecompileCallback)  
WARN  Decompiling 0202cbe4, pcode error at 0202cd64: Unable to resolve constructor at 0202cd64 (DecompileCallback)  
WARN  Decompiling 0202cbe4, pcode error at 0202ce38: Unable to resolve constructor at 0202ce38 (DecompileCallback)  
WARN  Decompiling 0202cbe4, pcode error at 0202ccac: Unable to resolve constructor at 0202ccac (DecompileCallback)  
WARN  Decompiling 0202cbe4, pcode error at 0202ce64: Unable to resolve constructor at 0202ce64 (DecompileCallback)  
WARN  Decompiling 0202cbe4, pcode error at 0202cd1e: Unable to resolve constructor at 0202cd1e (DecompileCallback)  
WARN  Decompiling 0202cbe4, pcode error at 0202cdd4: Unable to resolve constructor at 0202cdd4 (DecompileCallback)  
ERROR Pcode error at 0202d5ae: Program does not contain referenced instruction: 0202d5b0 (SleighInstructionPrototype)  
ERROR Pcode error at 02032054: Program does not contain referenced instruction: 02032058 (SleighInstructionPrototype)  
ERROR Pcode error at 020347f4: Program does not contain referenced instruction: 020347f6 (SleighInstructionPrototype)  
ERROR Pcode error at 0204ae84: Could not find cached delayslot parser context (SleighInstructionPrototype)  
WARN  Decompiling 02057ed4, pcode error at 02057f0a: Unable to resolve constructor at 02057f0a (DecompileCallback)  
ERROR Pcode error at 0204df98: Program does not contain referenced instruction: 0204df9a (SleighInstructionPrototype)  
WARN  Decompiling 0203a3cc, pcode error at 0203a978: Unable to resolve constructor at 0203a978 (DecompileCallback)  
WARN  Decompiling 0203a3cc, pcode error at 0203a522: Unable to resolve constructor at 0203a522 (DecompileCallback)  
WARN  Decompiling 0203a3cc, pcode error at 0203a7f0: Unable to resolve constructor at 0203a7f0 (DecompileCallback)  
WARN  Decompiling 0202cbe4, pcode error at 02040f26: Unable to resolve constructor at 02040f26 (DecompileCallback)  
WARN  Decompiling 0202cbe4, pcode error at 0202f924: Unable to resolve constructor at 0202f924 (DecompileCallback)  
WARN  Decompiling 0202cbe4, pcode error at 020311f2: Unable to resolve constructor at 020311f2 (DecompileCallback)  
WARN  Decompiling 0202cbe4, pcode error at 0204a952: Unable to resolve constructor at 0204a952 (DecompileCallback)  
WARN  Decompiling 0202cbe4, pcode error at 0204bd88: Unable to resolve constructor at 0204bd88 (DecompileCallback)  
WARN  Decompiling 0202cbe4, pcode error at 0202fa84: Unable to resolve constructor at 0202fa84 (DecompileCallback)  
WARN  Decompiling 0202cbe4, pcode error at 0204aa36: Unable to resolve constructor at 0204aa36 (DecompileCallback)  
WARN  Decompiling 0202cbe4, pcode error at 0204aa2a: Unable to resolve constructor at 0204aa2a (DecompileCallback)  
WARN  Decompiling 0202cbe4, pcode error at 0204ae86: Unable to resolve constructor at 0204ae86 (DecompileCallback)  
WARN  Decompiling 0202cbe4, pcode error at 020341fe: Unable to resolve constructor at 020341fe (DecompileCallback)  
WARN  Decompiling 0202cbe4, pcode error at 0204bc9c: Unable to resolve constructor at 0204bc9c (DecompileCallback)  
WARN  Decompiling 0202cbe4, pcode error at 0202cd52: Unable to resolve constructor at 0202cd52 (DecompileCallback)  
WARN  Decompiling 0202cbe4, pcode error at 0204a642: Unable to resolve constructor at 0204a642 (DecompileCallback)  
WARN  Decompiling 0202cbe4, pcode error at 02039c38: Unable to resolve constructor at 02039c38 (DecompileCallback)  
WARN  Decompiling 0202cbe4, pcode error at 0204c484: Unable to resolve constructor at 0204c484 (DecompileCallback)  
WARN  Decompiling 0202cbe4, pcode error at 0203ecee: Unable to resolve constructor at 0203ecee (DecompileCallback)  
WARN  Decompiling 0202cbe4, pcode error at 020358d0: Unable to resolve constructor at 020358d0 (DecompileCallback)  
WARN  Decompiling 0202cbe4, pcode error at 0202f9a8: Unable to resolve constructor at 0202f9a8 (DecompileCallback)  
ERROR Pcode error at 02048fc6: Delay Slot recursion problem for Instruction at 02048fc8 (SleighInstructionPrototype)  
WARN  Decompiling 0202cbe4, pcode error at 0204afca: Unable to resolve constructor at 0204afca (DecompileCallback)  
WARN  Decompiling 0202cbe4, pcode error at 02042e48: Unable to resolve constructor at 02042e48 (DecompileCallback)  
WARN  Decompiling 0202cbe4, pcode error at 02041e58: Unable to resolve constructor at 02041e58 (DecompileCallback)  
WARN  Decompiling 0202cbe4, pcode error at 0203ec94: Unable to resolve constructor at 0203ec94 (DecompileCallback)  
WARN  Decompiling 0202cbe4, pcode error at 0204aeb0: Unable to resolve constructor at 0204aeb0 (DecompileCallback)  
WARN  Decompiling 0202cbe4, pcode error at 02040d10: Unable to resolve constructor at 02040d10 (DecompileCallback)  
WARN  Decompiling 0202cbe4, pcode error at 02035716: Unable to resolve constructor at 02035716 (DecompileCallback)  
WARN  Decompiling 0202cbe4, pcode error at 0204afda: Unable to resolve constructor at 0204afda (DecompileCallback)  
WARN  Decompiling 0202cbe4, pcode error at 0202ed2c: Unable to resolve constructor at 0202ed2c (DecompileCallback)  
WARN  Decompiling 0202cbe4, pcode error at 0202e956: Unable to resolve constructor at 0202e956 (DecompileCallback)  
WARN  Decompiling 0202cbe4, pcode error at 0202d4ee: Unable to resolve constructor at 0202d4ee (DecompileCallback)  
WARN  Decompiling 0202cbe4, pcode error at 0204bc8a: Unable to resolve constructor at 0204bc8a (DecompileCallback)  
WARN  Decompiling 0202cbe4, pcode error at 0202cd8e: Unable to resolve constructor at 0202cd8e (DecompileCallback)  
WARN  Decompiling 0202cbe4, pcode error at 0204bc84: Unable to resolve constructor at 0204bc84 (DecompileCallback)  
WARN  Decompiling 0202cbe4, pcode error at 0204cb8e: Unable to resolve constructor at 0204cb8e (DecompileCallback)  
WARN  Decompiling 0202cbe4, pcode error at 0204c582: Unable to resolve constructor at 0204c582 (DecompileCallback)  
WARN  Decompiling 0202cbe4, pcode error at 0204cb82: Unable to resolve constructor at 0204cb82 (DecompileCallback)  
WARN  Decompiling 0202cbe4, pcode error at 0204cd7c: Unable to resolve constructor at 0204cd7c (DecompileCallback)  
ERROR Pcode error at 0204ae84: Could not find cached delayslot parser context (SleighInstructionPrototype)  
WARN  Decompiling 0202cbe4, pcode error at 02034c78: Unable to resolve constructor at 02034c78 (DecompileCallback)  
WARN  Decompiling 0202cbe4, pcode error at 0202fd06: Unable to resolve constructor at 0202fd06 (DecompileCallback)  
WARN  Decompiling 0202cbe4, pcode error at 0202cc90: Unable to resolve constructor at 0202cc90 (DecompileCallback)  
WARN  Decompiling 0202cbe4, pcode error at 0204a286: Unable to resolve constructor at 0204a286 (DecompileCallback)  
WARN  Decompiling 0202cbe4, pcode error at 0202cc86: Unable to resolve constructor at 0202cc86 (DecompileCallback)  
WARN  Decompiling 0202cbe4, pcode error at 02045ef8: Unable to resolve constructor at 02045ef8 (DecompileCallback)  
WARN  Decompiling 0202cbe4, pcode error at 020494fa: Unable to resolve constructor at 020494fa (DecompileCallback)  
WARN  Decompiling 0202cbe4, pcode error at 020305e4: Unable to resolve constructor at 020305e4 (DecompileCallback)  
WARN  Decompiling 0202cbe4, pcode error at 0203d14c: Unable to resolve constructor at 0203d14c (DecompileCallback)  
WARN  Decompiling 0202cbe4, pcode error at 02032720: Unable to resolve constructor at 02032720 (DecompileCallback)  
ERROR Pcode error at 0202d5ae: Program does not contain referenced instruction: 0202d5b0 (SleighInstructionPrototype)  
WARN  Decompiling 0202cbe4, pcode error at 02039e76: Unable to resolve constructor at 02039e76 (DecompileCallback)  
WARN  Decompiling 0202cbe4, pcode error at 0203a978: Unable to resolve constructor at 0203a978 (DecompileCallback)  
WARN  Decompiling 0202cbe4, pcode error at 0204afc4: Unable to resolve constructor at 0204afc4 (DecompileCallback)  
WARN  Decompiling 0202cbe4, pcode error at 02035b1a: Unable to resolve constructor at 02035b1a (DecompileCallback)  
WARN  Decompiling 0202cbe4, pcode error at 0204bc86: Unable to resolve constructor at 0204bc86 (DecompileCallback)  
WARN  Decompiling 0202cbe4, pcode error at 02038c86: Unable to resolve constructor at 02038c86 (DecompileCallback)  
WARN  Decompiling 0202cbe4, pcode error at 0204ca94: Unable to resolve constructor at 0204ca94 (DecompileCallback)  
WARN  Decompiling 0202cbe4, pcode error at 0203a522: Unable to resolve constructor at 0203a522 (DecompileCallback)  
WARN  Decompiling 0202cbe4, pcode error at 0203a7f0: Unable to resolve constructor at 0203a7f0 (DecompileCallback)  
WARN  Decompiling 0202cbe4, pcode error at 0202cc9a: Unable to resolve constructor at 0202cc9a (DecompileCallback)  
WARN  Decompiling 0202cbe4, pcode error at 0202cd48: Unable to resolve constructor at 0202cd48 (DecompileCallback)  
WARN  Decompiling 0202cbe4, pcode error at 0202ccd4: Unable to resolve constructor at 0202ccd4 (DecompileCallback)  
WARN  Decompiling 0202cbe4, pcode error at 0202ccc4: Unable to resolve constructor at 0202ccc4 (DecompileCallback)  
WARN  Decompiling 0202cbe4, pcode error at 0202ce26: Unable to resolve constructor at 0202ce26 (DecompileCallback)  
WARN  Decompiling 0202cbe4, pcode error at 0202cd22: Unable to resolve constructor at 0202cd22 (DecompileCallback)  
WARN  Decompiling 0202cbe4, pcode error at 0202cd28: Unable to resolve constructor at 0202cd28 (DecompileCallback)  
WARN  Decompiling 0202cbe4, pcode error at 0202cc88: Unable to resolve constructor at 0202cc88 (DecompileCallback)  
WARN  Decompiling 0202cbe4, pcode error at 0202ccd8: Unable to resolve constructor at 0202ccd8 (DecompileCallback)  
WARN  Decompiling 0202cbe4, pcode error at 0202cd64: Unable to resolve constructor at 0202cd64 (DecompileCallback)  
WARN  Decompiling 0202cbe4, pcode error at 0202ce38: Unable to resolve constructor at 0202ce38 (DecompileCallback)  
WARN  Decompiling 0202cbe4, pcode error at 0202ccac: Unable to resolve constructor at 0202ccac (DecompileCallback)  
WARN  Decompiling 0202cbe4, pcode error at 0202ce64: Unable to resolve constructor at 0202ce64 (DecompileCallback)  
WARN  Decompiling 0202cbe4, pcode error at 0202cd1e: Unable to resolve constructor at 0202cd1e (DecompileCallback)  
WARN  Decompiling 0202cbe4, pcode error at 0202cdd4: Unable to resolve constructor at 0202cdd4 (DecompileCallback)  
ERROR Pcode error at 02031bd0: Program does not contain referenced instruction: 02031bd4 (SleighInstructionPrototype)  
ERROR Pcode error at 0204ae84: Could not find cached delayslot parser context (SleighInstructionPrototype)  
ERROR Pcode error at 0202d5ae: Program does not contain referenced instruction: 0202d5b0 (SleighInstructionPrototype)  
ERROR Pcode error at 02055e4a: Program does not contain referenced instruction: 02055e4c (SleighInstructionPrototype)  
ERROR Pcode error at 0201ff5e: Program does not contain referenced instruction: 0201ff62 (SleighInstructionPrototype)  
ERROR Pcode error at 020323ea: Program does not contain referenced instruction: 020323ee (SleighInstructionPrototype)  
ERROR Pcode error at 02032054: Program does not contain referenced instruction: 02032058 (SleighInstructionPrototype)  
ERROR Pcode error at 0208c58a: Program does not contain referenced instruction: 0208c58e (SleighInstructionPrototype)  
ERROR Pcode error at 020347f4: Program does not contain referenced instruction: 020347f6 (SleighInstructionPrototype)  
ERROR Pcode error at 0202d4aa: Program does not contain referenced instruction: 0202d4ac (SleighInstructionPrototype)  
ERROR Pcode error at 020009a6: Program does not contain referenced instruction: 020009a8 (SleighInstructionPrototype)  
ERROR Pcode error at 0200f126: Program does not contain referenced instruction: 0200f12a (SleighInstructionPrototype)  
ERROR Pcode error at 0201b8cc: Program does not contain referenced instruction: 0201b8ce (SleighInstructionPrototype)  
ERROR Pcode error at 020335ce: Program does not contain referenced instruction: 020335d0 (SleighInstructionPrototype)  
ERROR Pcode error at 0203e216: Program does not contain referenced instruction: 0203e21a (SleighInstructionPrototype)  
ERROR Pcode error at 0204df98: Program does not contain referenced instruction: 0204df9a (SleighInstructionPrototype)  
ERROR Pcode error at 02050540: Program does not contain referenced instruction: 02050542 (SleighInstructionPrototype)  
ERROR Pcode error at 02056970: Program does not contain referenced instruction: 02056972 (SleighInstructionPrototype)  
ERROR Pcode error at 0205690e: Could not find cached delayslot parser context (SleighInstructionPrototype)  
ERROR Pcode error at 02057562: Could not find cached delayslot parser context (SleighInstructionPrototype)  
INFO  Applied data type archive: generic_clib (ApplyDataArchiveAnalyzer)  
ERROR Pcode error at 020323ea: Program does not contain referenced instruction: 020323ee (SleighInstructionPrototype)  
ERROR Pcode error at 02032054: Program does not contain referenced instruction: 02032058 (SleighInstructionPrototype)  
ERROR Pcode error at 0204ae84: Could not find cached delayslot parser context (SleighInstructionPrototype)  
ERROR Pcode error at 0208c58a: Program does not contain referenced instruction: 0208c58e (SleighInstructionPrototype)  
ERROR Pcode error at 0202d5ae: Program does not contain referenced instruction: 0202d5b0 (SleighInstructionPrototype)  
ERROR Pcode error at 02055e4a: Program does not contain referenced instruction: 02055e4c (SleighInstructionPrototype)  
ERROR Pcode error at 0201ff5e: Program does not contain referenced instruction: 0201ff62 (SleighInstructionPrototype)  
ERROR Pcode error at 020347f4: Program does not contain referenced instruction: 020347f6 (SleighInstructionPrototype)  
ERROR Pcode error at 0202d4aa: Program does not contain referenced instruction: 0202d4ac (SleighInstructionPrototype)  
INFO  -----------------------------------------------------
    ASCII Strings                              0.040 secs
    Apply Data Archives                        0.011 secs
    Basic Constant Reference Analyzer          0.968 secs
    Call Convention ID                         0.004 secs
    Call-Fixup Installer                       0.004 secs
    Create Address Tables                      0.055 secs
    Create Address Tables - One Time           0.022 secs
    Create Function                            0.078 secs
    Data Reference                             0.067 secs
    Decompiler Switch Analysis                21.667 secs
    Demangler GNU                              0.002 secs
    Disassemble Entry Points                   0.009 secs
    Embedded Media                             0.004 secs
    External Entry References                  0.000 secs
    Function ID                                0.000 secs
    Non-Returning Functions - Discovered       0.511 secs
    Reference                                  0.073 secs
    Shared Return Calls                        0.064 secs
    Stack                                      0.558 secs
    Subroutine References                      0.048 secs
    Subroutine References - One Time           0.000 secs
-----------------------------------------------------
     Total Time   24 secs
-----------------------------------------------------
 (AutoAnalysisManager)  
INFO  V16DecoderAnalysis.java> EVIDENCE_REF phase=recursive from=0200082a text=mov r0,#0x2058241 to=02058241 type=PARAM function=FUN_02000812@02000812 (GhidraScript)  
INFO  V16DecoderAnalysis.java> EVIDENCE_SCALAR phase=recursive at=0200082a value=02058241 text=mov r0,#0x2058241 function=FUN_02000812@02000812 (GhidraScript)  
INFO  V16DecoderAnalysis.java> EVIDENCE_PCODE_CONST phase=recursive at=0200082a value=02058241 op=COPY text=mov r0,#0x2058241 function=FUN_02000812@02000812 (GhidraScript)  
INFO  V16DecoderAnalysis.java> EVIDENCE_REF phase=recursive from=020008f0 text=mov r0,#0x2058241 to=02058241 type=PARAM function=FUN_02000886@02000886 (GhidraScript)  
INFO  V16DecoderAnalysis.java> EVIDENCE_SCALAR phase=recursive at=020008f0 value=02058241 text=mov r0,#0x2058241 function=FUN_02000886@02000886 (GhidraScript)  
INFO  V16DecoderAnalysis.java> EVIDENCE_PCODE_CONST phase=recursive at=020008f0 value=02058241 op=COPY text=mov r0,#0x2058241 function=FUN_02000886@02000886 (GhidraScript)  
ERROR Pcode error at 020009a6: Program does not contain referenced instruction: 020009a8 (SleighInstructionPrototype)  
INFO  V16DecoderAnalysis.java> EVIDENCE_REF phase=recursive from=02000b72 text=lb.z r2,[r2 + r3] to=020585d0 type=DATA function=FUN_02000b1c@02000b1c (GhidraScript)  
INFO  V16DecoderAnalysis.java> EVIDENCE_REF phase=recursive from=02000c16 text=lb.z r2,[r2 + r4] to=020585d0 type=DATA function=FUN_02000b1c@02000b1c (GhidraScript)  
INFO  V16DecoderAnalysis.java> EVIDENCE_REF phase=recursive from=02000c8e text=lb.z r7,[r2 + r4] to=020584f0 type=DATA function=FUN_02000b1c@02000b1c (GhidraScript)  
INFO  V16DecoderAnalysis.java> EVIDENCE_REF phase=recursive from=02000e48 text=lb.z r13,[r1 + r2] to=020585d0 type=DATA function=- (GhidraScript)  
INFO  V16DecoderAnalysis.java> EVIDENCE_SCALAR phase=recursive at=020027b0 value=020580ed text=mov r0,#0x20580ed function=FUN_02002688@02002688 (GhidraScript)  
INFO  V16DecoderAnalysis.java> EVIDENCE_PCODE_CONST phase=recursive at=020027b0 value=020580ed op=COPY text=mov r0,#0x20580ed function=FUN_02002688@02002688 (GhidraScript)  
INFO  V16DecoderAnalysis.java> EVIDENCE_REF phase=recursive from=020027b6 text=sw r0,[r1 + 0x0] to=020580ed type=DATA function=FUN_02002688@02002688 (GhidraScript)  
INFO  V16DecoderAnalysis.java> EVIDENCE_REF phase=recursive from=0200379a text=mov r0,#0x20580ed to=020580ed type=PARAM function=FUN_02003672@02003672 (GhidraScript)  
INFO  V16DecoderAnalysis.java> EVIDENCE_SCALAR phase=recursive at=0200379a value=020580ed text=mov r0,#0x20580ed function=FUN_02003672@02003672 (GhidraScript)  
INFO  V16DecoderAnalysis.java> EVIDENCE_PCODE_CONST phase=recursive at=0200379a value=020580ed op=COPY text=mov r0,#0x20580ed function=FUN_02003672@02003672 (GhidraScript)  
INFO  V16DecoderAnalysis.java> EVIDENCE_SCALAR phase=recursive at=02004a62 value=02058354 text=mov r0,#0x2058354 function=FUN_02004a56@02004a56 (GhidraScript)  
INFO  V16DecoderAnalysis.java> EVIDENCE_PCODE_CONST phase=recursive at=02004a62 value=02058354 op=COPY text=mov r0,#0x2058354 function=FUN_02004a56@02004a56 (GhidraScript)  
INFO  V16DecoderAnalysis.java> EVIDENCE_REF phase=recursive from=02004a68 text=add r3,r0,#0xc to=02058360 type=PARAM function=FUN_02004a56@02004a56 (GhidraScript)  
INFO  V16DecoderAnalysis.java> EVIDENCE_SCALAR phase=recursive at=0200762e value=0205800c text=mov r4,#0x205800c function=FUN_0200760c@0200760c (GhidraScript)  
INFO  V16DecoderAnalysis.java> EVIDENCE_PCODE_CONST phase=recursive at=0200762e value=0205800c op=COPY text=mov r4,#0x205800c function=FUN_0200760c@0200760c (GhidraScript)  
INFO  V16DecoderAnalysis.java> EVIDENCE_SCALAR phase=recursive at=020078b0 value=0205800c text=mov r4,#0x205800c function=FUN_0200788e@0200788e (GhidraScript)  
INFO  V16DecoderAnalysis.java> EVIDENCE_PCODE_CONST phase=recursive at=020078b0 value=0205800c op=COPY text=mov r4,#0x205800c function=FUN_0200788e@0200788e (GhidraScript)  
INFO  V16DecoderAnalysis.java> EVIDENCE_SCALAR phase=recursive at=020086de value=0205800c text=mov r0,#0x205800c function=FUN_020086b2@020086b2 (GhidraScript)  
INFO  V16DecoderAnalysis.java> EVIDENCE_PCODE_CONST phase=recursive at=020086de value=0205800c op=COPY text=mov r0,#0x205800c function=FUN_020086b2@020086b2 (GhidraScript)  
INFO  V16DecoderAnalysis.java> EVIDENCE_SCALAR phase=recursive at=02008850 value=0205800c text=mov r0,#0x205800c function=FUN_020087da@020087da (GhidraScript)  
INFO  V16DecoderAnalysis.java> EVIDENCE_PCODE_CONST phase=recursive at=02008850 value=0205800c op=COPY text=mov r0,#0x205800c function=FUN_020087da@020087da (GhidraScript)  
ERROR Pcode error at 0200f126: Program does not contain referenced instruction: 0200f12a (SleighInstructionPrototype)  
ERROR Pcode error at 0201b8cc: Program does not contain referenced instruction: 0201b8ce (SleighInstructionPrototype)  
INFO  V16DecoderAnalysis.java> EVIDENCE_REF phase=recursive from=0201c610 text=mov r0,#0x2058241 to=02058241 type=PARAM function=FUN_0201c5a2@0201c5a2 (GhidraScript)  
INFO  V16DecoderAnalysis.java> EVIDENCE_SCALAR phase=recursive at=0201c610 value=02058241 text=mov r0,#0x2058241 function=FUN_0201c5a2@0201c5a2 (GhidraScript)  
INFO  V16DecoderAnalysis.java> EVIDENCE_PCODE_CONST phase=recursive at=0201c610 value=02058241 op=COPY text=mov r0,#0x2058241 function=FUN_0201c5a2@0201c5a2 (GhidraScript)  
INFO  V16DecoderAnalysis.java> EVIDENCE_REF phase=recursive from=0201d296 text=lb.z r0,[r0 + r14] to=02058994 type=DATA function=FUN_0201d22c@0201d22c (GhidraScript)  
INFO  V16DecoderAnalysis.java> EVIDENCE_REF phase=recursive from=0201d328 text=lb.z r0,[r0 + r13] to=02058994 type=DATA function=FUN_0201d22c@0201d22c (GhidraScript)  
INFO  V16DecoderAnalysis.java> EVIDENCE_SCALAR phase=recursive at=0201e0f6 value=02058241 text=mov r0,#0x2058241 function=FUN_0201e0c4@0201e0c4 (GhidraScript)  
INFO  V16DecoderAnalysis.java> EVIDENCE_PCODE_CONST phase=recursive at=0201e0f6 value=02058241 op=COPY text=mov r0,#0x2058241 function=FUN_0201e0c4@0201e0c4 (GhidraScript)  
INFO  V16DecoderAnalysis.java> EVIDENCE_SCALAR phase=recursive at=0201e276 value=02058520 text=mov r2,#0x2058520 function=FUN_0201e276@0201e276 (GhidraScript)  
INFO  V16DecoderAnalysis.java> EVIDENCE_PCODE_CONST phase=recursive at=0201e276 value=02058520 op=COPY text=mov r2,#0x2058520 function=FUN_0201e276@0201e276 (GhidraScript)  
INFO  V16DecoderAnalysis.java> EVIDENCE_REF phase=recursive from=0201e27c text=lh.z r1,[r2 + r1] to=02058520 type=DATA function=FUN_0201e276@0201e276 (GhidraScript)  
INFO  V16DecoderAnalysis.java> EVIDENCE_REF phase=recursive from=0201f3b6 text=add r1,r13,#0xd1c to=0205895c type=PARAM function=FUN_0201f364@0201f364 (GhidraScript)  
INFO  V16DecoderAnalysis.java> EVIDENCE_REF phase=recursive from=0201f3dc text=add r1,r13,#0x489 to=020580c9 type=PARAM function=FUN_0201f364@0201f364 (GhidraScript)  
INFO  V16DecoderAnalysis.java> EVIDENCE_REF phase=recursive from=0201f7e6 text=add r1,r9,#0x38 to=0205895c type=PARAM function=FUN_0201f790@0201f790 (GhidraScript)  
INFO  V16DecoderAnalysis.java> EVIDENCE_REF phase=recursive from=0201f832 text=mov r1,r11 to=02058940 type=PARAM function=FUN_0201f790@0201f790 (GhidraScript)  
INFO  V16DecoderAnalysis.java> EVIDENCE_REF phase=recursive from=0201f886 text=mov r1,r11 to=02058940 type=PARAM function=FUN_0201f790@0201f790 (GhidraScript)  
INFO  V16DecoderAnalysis.java> EVIDENCE_REF phase=recursive from=0201f8b2 text=add r1,r13,#0x78d to=0205839d type=PARAM function=FUN_0201f790@0201f790 (GhidraScript)  
INFO  V16DecoderAnalysis.java> EVIDENCE_REF phase=recursive from=0201f8de text=mov r1,r9 to=02058924 type=PARAM function=FUN_0201f790@0201f790 (GhidraScript)  
INFO  V16DecoderAnalysis.java> EVIDENCE_REF phase=recursive from=0201f906 text=add r1,r13,#0x540 to=02058150 type=PARAM function=FUN_0201f790@0201f790 (GhidraScript)  
INFO  V16DecoderAnalysis.java> EVIDENCE_REF phase=recursive from=0201f9c6 text=lh.s r2,[r1 + r7] to=02058536 type=READ function=FUN_0201f790@0201f790 (GhidraScript)  
INFO  V16DecoderAnalysis.java> EVIDENCE_REF phase=recursive from=0201f9ca text=lh.s r3,[r1 + r6] to=02058537 type=READ function=FUN_0201f790@0201f790 (GhidraScript)  
INFO  V16DecoderAnalysis.java> EVIDENCE_REF phase=recursive from=0201fa52 text=add r1,r11,#0xd4c to=0205895c type=PARAM function=FUN_0201fa02@0201fa02 (GhidraScript)  
INFO  V16DecoderAnalysis.java> EVIDENCE_REF phase=recursive from=0201fb08 text=mov r1,r10 to=02058940 type=PARAM function=FUN_0201fa02@0201fa02 (GhidraScript)  
INFO  V16DecoderAnalysis.java> EVIDENCE_REF phase=recursive from=0201fb2a text=add r1,r11,#0x4a7 to=020580b7 type=PARAM function=FUN_0201fa02@0201fa02 (GhidraScript)  
INFO  V16DecoderAnalysis.java> EVIDENCE_REF phase=recursive from=0201fb4e text=mov r1,r10 to=02058940 type=PARAM function=FUN_0201fa02@0201fa02 (GhidraScript)  
INFO  V16DecoderAnalysis.java> EVIDENCE_REF phase=recursive from=0201fb9c text=mov r1,r10 to=02058940 type=PARAM function=FUN_0201fa02@0201fa02 (GhidraScript)  
INFO  V16DecoderAnalysis.java> EVIDENCE_REF phase=recursive from=0201fc4c text=lh.s r2,[r6 + r13] to=0205863c type=READ function=FUN_0201fa02@0201fa02 (GhidraScript)  
INFO  V16DecoderAnalysis.java> EVIDENCE_REF phase=recursive from=0201fc50 text=lh.s r3,[r6 + r14] to=0205863d type=READ function=FUN_0201fa02@0201fa02 (GhidraScript)  
INFO  V16DecoderAnalysis.java> EVIDENCE_REF phase=recursive from=0201fcc4 text=lh.s r2,[r6 + r8] to=020583ea type=READ function=FUN_0201fa02@0201fa02 (GhidraScript)  
INFO  V16DecoderAnalysis.java> EVIDENCE_REF phase=recursive from=0201fcc8 text=lh.s r3,[r6 + r10] to=020583eb type=READ function=FUN_0201fa02@0201fa02 (GhidraScript)  
ERROR Pcode error at 0201ff5e: Program does not contain referenced instruction: 0201ff62 (SleighInstructionPrototype)  
INFO  V16DecoderAnalysis.java> EVIDENCE_REF phase=recursive from=020205e0 text=add r1,r4,#0x54 to=0205895c type=PARAM function=FUN_0202052e@0202052e (GhidraScript)  
INFO  V16DecoderAnalysis.java> EVIDENCE_REF phase=recursive from=02020626 text=add r1,r4,#0x38 to=02058940 type=PARAM function=FUN_0202052e@0202052e (GhidraScript)  
INFO  V16DecoderAnalysis.java> EVIDENCE_REF phase=recursive from=02020662 text=mov r0,r4 to=02058908 type=PARAM function=FUN_0202052e@0202052e (GhidraScript)  
INFO  V16DecoderAnalysis.java> EVIDENCE_REF phase=recursive from=02020738 text=add r1,r12,#0xd4c to=0205895c type=PARAM function=FUN_0202052e@0202052e (GhidraScript)  
INFO  V16DecoderAnalysis.java> EVIDENCE_REF phase=recursive from=02020780 text=add r1,r12,#0xd30 to=02058940 type=PARAM function=FUN_0202052e@0202052e (GhidraScript)  
INFO  V16DecoderAnalysis.java> EVIDENCE_REF phase=recursive from=020208aa text=add r1,r12,#0xd14 to=02058924 type=PARAM function=FUN_0202052e@0202052e (GhidraScript)  
INFO  V16DecoderAnalysis.java> EVIDENCE_REF phase=recursive from=02020940 text=add r1,r12,#0xd4c to=0205895c type=PARAM function=FUN_0202052e@0202052e (GhidraScript)  
INFO  V16DecoderAnalysis.java> EVIDENCE_REF phase=recursive from=02020a64 text=add r1,r12,#0xd30 to=02058940 type=PARAM function=FUN_0202052e@0202052e (GhidraScript)  
INFO  V16DecoderAnalysis.java> EVIDENCE_REF phase=recursive from=02020afe text=mov r1,r8 to=0205895c type=PARAM function=FUN_0202052e@0202052e (GhidraScript)  
INFO  V16DecoderAnalysis.java> EVIDENCE_REF phase=recursive from=02020b4a text=mov r1,r4 to=02058940 type=PARAM function=FUN_0202052e@0202052e (GhidraScript)  
INFO  V16DecoderAnalysis.java> EVIDENCE_REF phase=recursive from=02020b6a text=add r1,r12,#0x605 to=02058215 type=PARAM function=FUN_0202052e@0202052e (GhidraScript)  
INFO  V16DecoderAnalysis.java> EVIDENCE_REF phase=recursive from=02020b92 text=mov r1,r4 to=02058940 type=PARAM function=FUN_0202052e@0202052e (GhidraScript)  
INFO  V16DecoderAnalysis.java> EVIDENCE_REF phase=recursive from=02020bd8 text=mov r1,r8 to=0205895c type=PARAM function=FUN_0202052e@0202052e (GhidraScript)  
INFO  V16DecoderAnalysis.java> EVIDENCE_REF phase=recursive from=02020c1a text=mov r1,r8 to=0205895c type=PARAM function=FUN_0202052e@0202052e (GhidraScript)  
INFO  V16DecoderAnalysis.java> EVIDENCE_REF phase=recursive from=02020c5c text=mov r1,r8 to=0205895c type=PARAM function=FUN_0202052e@0202052e (GhidraScript)  
INFO  V16DecoderAnalysis.java> EVIDENCE_REF phase=recursive from=02020cf6 text=lh.s r2,[r1 + r4] to=0205830a type=READ function=FUN_0202052e@0202052e (GhidraScript)  
INFO  V16DecoderAnalysis.java> EVIDENCE_REF phase=recursive from=02020cfa text=lh.s r3,[r1 + r6] to=0205830b type=READ function=FUN_0202052e@0202052e (GhidraScript)  
INFO  V16DecoderAnalysis.java> EVIDENCE_REF phase=recursive from=02020d64 text=add r1,r12,#0xd4c to=0205895c type=PARAM function=FUN_0202052e@0202052e (GhidraScript)  
INFO  V16DecoderAnalysis.java> EVIDENCE_REF phase=recursive from=02020d8e text=add r1,r12,#0x6a8 to=020582b8 type=PARAM function=FUN_0202052e@0202052e (GhidraScript)  
INFO  V16DecoderAnalysis.java> EVIDENCE_REF phase=recursive from=02020dd2 text=lh.s r7,[r2 + r6] to=02058412 type=READ function=FUN_0202052e@0202052e (GhidraScript)  
INFO  V16DecoderAnalysis.java> EVIDENCE_REF phase=recursive from=02020df0 text=mov r1,r5 to=02058940 type=PARAM function=FUN_0202052e@0202052e (GhidraScript)  
INFO  V16DecoderAnalysis.java> EVIDENCE_REF phase=recursive from=02020e10 text=lh.s r13,[r1 + r6] to=02058420 type=READ function=FUN_0202052e@0202052e (GhidraScript)  
INFO  V16DecoderAnalysis.java> EVIDENCE_REF phase=recursive from=02020e4a text=mov r1,r5 to=02058940 type=PARAM function=FUN_0202052e@0202052e (GhidraScript)  
INFO  V16DecoderAnalysis.java> EVIDENCE_REF phase=recursive from=02020ec0 text=mov r1,r5 to=02058940 type=PARAM function=FUN_0202052e@0202052e (GhidraScript)  
INFO  V16DecoderAnalysis.java> EVIDENCE_REF phase=recursive from=02020f4e text=add r1,r12,#0xd4c to=0205895c type=PARAM function=FUN_0202052e@0202052e (GhidraScript)  
INFO  V16DecoderAnalysis.java> EVIDENCE_REF phase=recursive from=02020f78 text=add r1,r12,#0x6e4 to=020582f4 type=PARAM function=FUN_0202052e@0202052e (GhidraScript)  
INFO  V16DecoderAnalysis.java> EVIDENCE_REF phase=recursive from=02020fbc text=lh.s r7,[r2 + r6] to=02058164 type=READ function=FUN_0202052e@0202052e (GhidraScript)  
INFO  V16DecoderAnalysis.java> EVIDENCE_REF phase=recursive from=02020fda text=mov r1,r5 to=02058940 type=PARAM function=FUN_0202052e@0202052e (GhidraScript)  
INFO  V16DecoderAnalysis.java> EVIDENCE_REF phase=recursive from=02020ffa text=lh.s r13,[r1 + r6] to=02058420 type=READ function=FUN_0202052e@0202052e (GhidraScript)  
INFO  V16DecoderAnalysis.java> EVIDENCE_REF phase=recursive from=02021034 text=mov r1,r5 to=02058940 type=PARAM function=FUN_0202052e@0202052e (GhidraScript)  
INFO  V16DecoderAnalysis.java> EVIDENCE_REF phase=recursive from=020210a8 text=mov r1,r5 to=02058940 type=PARAM function=FUN_0202052e@0202052e (GhidraScript)  
INFO  V16DecoderAnalysis.java> EVIDENCE_REF phase=recursive from=02021136 text=add r1,r12,#0xd4c to=0205895c type=PARAM function=FUN_0202052e@0202052e (GhidraScript)  
INFO  V16DecoderAnalysis.java> EVIDENCE_REF phase=recursive from=020211a6 text=mov r1,r5 to=02058940 type=PARAM function=FUN_0202052e@0202052e (GhidraScript)  
INFO  V16DecoderAnalysis.java> EVIDENCE_REF phase=recursive from=020211e4 text=mov r1,r5 to=02058940 type=PARAM function=FUN_0202052e@0202052e (GhidraScript)  
INFO  V16DecoderAnalysis.java> EVIDENCE_REF phase=recursive from=0202123a text=mov r1,r5 to=02058940 type=PARAM function=FUN_0202052e@0202052e (GhidraScript)  
INFO  V16DecoderAnalysis.java> EVIDENCE_REF phase=recursive from=0202127c text=mov r1,r5 to=02058940 type=PARAM function=FUN_0202052e@0202052e (GhidraScript)  
INFO  V16DecoderAnalysis.java> EVIDENCE_REF phase=recursive from=020212be text=mov r1,r5 to=02058940 type=PARAM function=FUN_0202052e@0202052e (GhidraScript)  
INFO  V16DecoderAnalysis.java> EVIDENCE_REF phase=recursive from=02021316 text=mov r1,r5 to=02058940 type=PARAM function=FUN_0202052e@0202052e (GhidraScript)  
INFO  V16DecoderAnalysis.java> EVIDENCE_REF phase=recursive from=020213a6 text=lh.s r2,[r1 + r5] to=02058566 type=READ function=FUN_0202052e@0202052e (GhidraScript)  
INFO  V16DecoderAnalysis.java> EVIDENCE_REF phase=recursive from=020213aa text=lh.s r3,[r1 + r6] to=02058567 type=READ function=FUN_0202052e@0202052e (GhidraScript)  
INFO  V16DecoderAnalysis.java> EVIDENCE_REF phase=recursive from=02021416 text=add r1,r12,#0xd4c to=0205895c type=PARAM function=FUN_0202052e@0202052e (GhidraScript)  
INFO  V16DecoderAnalysis.java> EVIDENCE_REF phase=recursive from=02021484 text=mov r1,r5 to=02058940 type=PARAM function=FUN_0202052e@0202052e (GhidraScript)  
INFO  V16DecoderAnalysis.java> EVIDENCE_REF phase=recursive from=020214c4 text=mov r1,r5 to=02058940 type=PARAM function=FUN_0202052e@0202052e (GhidraScript)  
INFO  V16DecoderAnalysis.java> EVIDENCE_REF phase=recursive from=02021506 text=mov r1,r5 to=02058940 type=PARAM function=FUN_0202052e@0202052e (GhidraScript)  
INFO  V16DecoderAnalysis.java> EVIDENCE_REF phase=recursive from=02021566 text=mov r1,r5 to=02058940 type=PARAM function=FUN_0202052e@0202052e (GhidraScript)  
INFO  V16DecoderAnalysis.java> EVIDENCE_REF phase=recursive from=020215bc text=mov r1,r5 to=02058940 type=PARAM function=FUN_0202052e@0202052e (GhidraScript)  
INFO  V16DecoderAnalysis.java> EVIDENCE_REF phase=recursive from=020215fe text=mov r1,r5 to=02058940 type=PARAM function=FUN_0202052e@0202052e (GhidraScript)  
INFO  V16DecoderAnalysis.java> EVIDENCE_REF phase=recursive from=0202168e text=lh.s r2,[r1 + r4] to=02058566 type=READ function=FUN_0202052e@0202052e (GhidraScript)  
INFO  V16DecoderAnalysis.java> EVIDENCE_REF phase=recursive from=02021692 text=lh.s r3,[r1 + r5] to=02058567 type=READ function=FUN_0202052e@0202052e (GhidraScript)  
INFO  V16DecoderAnalysis.java> EVIDENCE_REF phase=recursive from=020216fa text=mov r1,r4 to=0205895c type=PARAM function=FUN_0202052e@0202052e (GhidraScript)  
INFO  V16DecoderAnalysis.java> EVIDENCE_REF phase=recursive from=02021720 text=add r1,r12,#0x572 to=02058182 type=PARAM function=FUN_0202052e@0202052e (GhidraScript)  
INFO  V16DecoderAnalysis.java> EVIDENCE_REF phase=recursive from=02021740 text=mov r1,r4 to=0205895c type=PARAM function=FUN_0202052e@0202052e (GhidraScript)  
INFO  V16DecoderAnalysis.java> EVIDENCE_REF phase=recursive from=020217f4 text=lh.s r2,[r1 + r4] to=0205857e type=READ function=FUN_0202052e@0202052e (GhidraScript)  
INFO  V16DecoderAnalysis.java> EVIDENCE_REF phase=recursive from=020217f8 text=lh.s r3,[r1 + r5] to=0205857f type=READ function=FUN_0202052e@0202052e (GhidraScript)  
INFO  V16DecoderAnalysis.java> EVIDENCE_REF phase=recursive from=02021874 text=add r1,r12,#0xd4c to=0205895c type=PARAM function=FUN_0202052e@0202052e (GhidraScript)  
INFO  V16DecoderAnalysis.java> EVIDENCE_REF phase=recursive from=0202189a text=add r1,r12,#0x4c2 to=020580d2 type=PARAM function=FUN_0202052e@0202052e (GhidraScript)  
INFO  V16DecoderAnalysis.java> EVIDENCE_REF phase=recursive from=02021a8e text=add r1,r12,#0xd4c to=0205895c type=PARAM function=FUN_0202052e@0202052e (GhidraScript)  
INFO  V16DecoderAnalysis.java> EVIDENCE_REF phase=recursive from=02021ad2 text=add r1,r12,#0x66c to=0205827c type=PARAM function=FUN_0202052e@0202052e (GhidraScript)  
INFO  V16DecoderAnalysis.java> EVIDENCE_REF phase=recursive from=02021b04 text=add r1,r12,#0x678 to=02058288 type=PARAM function=FUN_0202052e@0202052e (GhidraScript)  
INFO  V16DecoderAnalysis.java> EVIDENCE_REF phase=recursive from=02021b68 text=mov r1,r5 to=02058940 type=PARAM function=FUN_0202052e@0202052e (GhidraScript)  
INFO  V16DecoderAnalysis.java> EVIDENCE_REF phase=recursive from=02021b88 text=lh.s r4,[r1 + r6] to=02058420 type=READ function=FUN_0202052e@0202052e (GhidraScript)  
INFO  V16DecoderAnalysis.java> EVIDENCE_REF phase=recursive from=02021bc2 text=mov r1,r5 to=02058940 type=PARAM function=FUN_0202052e@0202052e (GhidraScript)  
INFO  V16DecoderAnalysis.java> EVIDENCE_REF phase=recursive from=02021bec text=lh.s r2,[r1 + r6] to=0205842e type=READ function=FUN_0202052e@0202052e (GhidraScript)  
INFO  V16DecoderAnalysis.java> EVIDENCE_REF phase=recursive from=02021c3e text=mov r1,r5 to=02058940 type=PARAM function=FUN_0202052e@0202052e (GhidraScript)  
INFO  V16DecoderAnalysis.java> EVIDENCE_REF phase=recursive from=02021d0a text=add r1,r12,#0xd4c to=0205895c type=PARAM function=FUN_0202052e@0202052e (GhidraScript)  
INFO  V16DecoderAnalysis.java> EVIDENCE_REF phase=recursive from=02021d34 text=add r1,r12,#0x55e to=0205816e type=PARAM function=FUN_0202052e@0202052e (GhidraScript)  
INFO  V16DecoderAnalysis.java> EVIDENCE_REF phase=recursive from=02021d4e text=add r1,r12,#0x66c to=0205827c type=PARAM function=FUN_0202052e@0202052e (GhidraScript)  
INFO  V16DecoderAnalysis.java> EVIDENCE_REF phase=recursive from=02021d80 text=add r1,r12,#0x678 to=02058288 type=PARAM function=FUN_0202052e@0202052e (GhidraScript)  
INFO  V16DecoderAnalysis.java> EVIDENCE_REF phase=recursive from=02021de4 text=mov r1,r7 to=02058940 type=PARAM function=FUN_0202052e@0202052e (GhidraScript)  
INFO  V16DecoderAnalysis.java> EVIDENCE_REF phase=recursive from=02021e04 text=lh.s r13,[r1 + r5] to=02058420 type=READ function=FUN_0202052e@0202052e (GhidraScript)  
INFO  V16DecoderAnalysis.java> EVIDENCE_REF phase=recursive from=02021e3e text=mov r1,r7 to=02058940 type=PARAM function=FUN_0202052e@0202052e (GhidraScript)  
INFO  V16DecoderAnalysis.java> EVIDENCE_REF phase=recursive from=02021e98 text=mov r1,r7 to=02058940 type=PARAM function=FUN_0202052e@0202052e (GhidraScript)  
INFO  V16DecoderAnalysis.java> EVIDENCE_REF phase=recursive from=02021ec2 text=lh.s r2,[r1 + r5] to=02058458 type=READ function=FUN_0202052e@0202052e (GhidraScript)  
INFO  V16DecoderAnalysis.java> EVIDENCE_REF phase=recursive from=02021f5e text=add r1,r12,#0xd4c to=0205895c type=PARAM function=FUN_0202052e@0202052e (GhidraScript)  
INFO  V16DecoderAnalysis.java> EVIDENCE_REF phase=recursive from=02021f90 text=add r1,r12,#0x5ce to=020581de type=PARAM function=FUN_0202052e@0202052e (GhidraScript)  
INFO  V16DecoderAnalysis.java> EVIDENCE_REF phase=recursive from=02022082 text=add r1,r12,#0xd4c to=0205895c type=PARAM function=FUN_0202052e@0202052e (GhidraScript)  
INFO  V16DecoderAnalysis.java> EVIDENCE_REF phase=recursive from=020220aa text=add r1,r12,#0x4c2 to=020580d2 type=PARAM function=FUN_0202052e@0202052e (GhidraScript)  
INFO  V16DecoderAnalysis.java> EVIDENCE_REF phase=recursive from=020220d8 text=mov r1,r4 to=02058940 type=PARAM function=FUN_0202052e@0202052e (GhidraScript)  
INFO  V16DecoderAnalysis.java> EVIDENCE_REF phase=recursive from=02022100 text=add r1,r12,#0x61b to=0205822b type=PARAM function=FUN_0202052e@0202052e (GhidraScript)  
INFO  V16DecoderAnalysis.java> EVIDENCE_REF phase=recursive from=02022124 text=mov r1,r4 to=02058940 type=PARAM function=FUN_0202052e@0202052e (GhidraScript)  
INFO  V16DecoderAnalysis.java> EVIDENCE_REF phase=recursive from=02022284 text=add r1,r12,#0xd4c to=0205895c type=PARAM function=FUN_0202052e@0202052e (GhidraScript)  
INFO  V16DecoderAnalysis.java> EVIDENCE_REF phase=recursive from=020222ae text=add r1,r12,#0x49e to=020580ae type=PARAM function=FUN_0202052e@0202052e (GhidraScript)  
INFO  V16DecoderAnalysis.java> EVIDENCE_REF phase=recursive from=020222d4 text=mov r1,r13 to=02058940 type=PARAM function=FUN_0202052e@0202052e (GhidraScript)  
INFO  V16DecoderAnalysis.java> EVIDENCE_REF phase=recursive from=020222f8 text=add r1,r12,#0x61b to=0205822b type=PARAM function=FUN_0202052e@0202052e (GhidraScript)  
INFO  V16DecoderAnalysis.java> EVIDENCE_REF phase=recursive from=02022318 text=mov r1,r13 to=02058940 type=PARAM function=FUN_0202052e@0202052e (GhidraScript)  
INFO  V16DecoderAnalysis.java> EVIDENCE_REF phase=recursive from=0202237c text=mov r1,r13 to=02058940 type=PARAM function=FUN_0202052e@0202052e (GhidraScript)  
INFO  V16DecoderAnalysis.java> EVIDENCE_REF phase=recursive from=0202241a text=lh.z r2,[r0 + r15] to=0205854f type=READ function=FUN_0202052e@0202052e (GhidraScript)  
INFO  V16DecoderAnalysis.java> EVIDENCE_REF phase=recursive from=02022424 text=lh.z r2,[r0 + r11] to=0205854e type=READ function=FUN_0202052e@0202052e (GhidraScript)  
INFO  V16DecoderAnalysis.java> EVIDENCE_REF phase=recursive from=020224ec text=mov r1,r5 to=02058940 type=PARAM function=FUN_0202052e@0202052e (GhidraScript)  
INFO  V16DecoderAnalysis.java> EVIDENCE_REF phase=recursive from=02022532 text=mov r1,r5 to=02058940 type=PARAM function=FUN_0202052e@0202052e (GhidraScript)  
INFO  V16DecoderAnalysis.java> EVIDENCE_REF phase=recursive from=02022584 text=mov r1,r5 to=02058940 type=PARAM function=FUN_0202052e@0202052e (GhidraScript)  
INFO  V16DecoderAnalysis.java> EVIDENCE_REF phase=recursive from=020225a6 text=add r1,r12,#0x79a to=020583aa type=PARAM function=FUN_0202052e@0202052e (GhidraScript)  
INFO  V16DecoderAnalysis.java> EVIDENCE_REF phase=recursive from=020225c6 text=mov r1,r5 to=02058940 type=PARAM function=FUN_0202052e@0202052e (GhidraScript)  
INFO  V16DecoderAnalysis.java> EVIDENCE_REF phase=recursive from=0202264c text=mov r1,r13 to=02058940 type=PARAM function=FUN_0202052e@0202052e (GhidraScript)  
INFO  V16DecoderAnalysis.java> EVIDENCE_REF phase=recursive from=020226c4 text=mov r1,r13 to=02058940 type=PARAM function=FUN_0202052e@0202052e (GhidraScript)  
INFO  V16DecoderAnalysis.java> EVIDENCE_REF phase=recursive from=020226d8 text=lh.z r1,[r1 + r6] to=02058420 type=READ function=FUN_0202052e@0202052e (GhidraScript)  
INFO  V16DecoderAnalysis.java> EVIDENCE_REF phase=recursive from=02022708 text=mov r1,r13 to=02058940 type=PARAM function=FUN_0202052e@0202052e (GhidraScript)  
INFO  V16DecoderAnalysis.java> EVIDENCE_REF phase=recursive from=020227e2 text=mov r1,r13 to=02058940 type=PARAM function=FUN_0202052e@0202052e (GhidraScript)  
INFO  V16DecoderAnalysis.java> EVIDENCE_REF phase=recursive from=020228fa text=add r1,r12,#0xd4c to=0205895c type=PARAM function=FUN_0202052e@0202052e (GhidraScript)  
INFO  V16DecoderAnalysis.java> EVIDENCE_REF phase=recursive from=0202297e text=mov r1,r5 to=02058940 type=PARAM function=FUN_0202052e@0202052e (GhidraScript)  
INFO  V16DecoderAnalysis.java> EVIDENCE_REF phase=recursive from=0202299e text=lh.s r4,[r1 + r6] to=02058420 type=READ function=FUN_0202052e@0202052e (GhidraScript)  
INFO  V16DecoderAnalysis.java> EVIDENCE_REF phase=recursive from=020229d8 text=mov r1,r5 to=02058940 type=PARAM function=FUN_0202052e@0202052e (GhidraScript)  
INFO  V16DecoderAnalysis.java> EVIDENCE_REF phase=recursive from=02022a02 text=lh.s r2,[r1 + r6] to=02058146 type=READ function=FUN_0202052e@0202052e (GhidraScript)  
INFO  V16DecoderAnalysis.java> EVIDENCE_REF phase=recursive from=02022a54 text=mov r1,r5 to=02058940 type=PARAM function=FUN_0202052e@0202052e (GhidraScript)  
INFO  V16DecoderAnalysis.java> EVIDENCE_REF phase=recursive from=02022ae2 text=add r1,r12,#0xd4c to=0205895c type=PARAM function=FUN_0202052e@0202052e (GhidraScript)  
INFO  V16DecoderAnalysis.java> EVIDENCE_REF phase=recursive from=02022b86 text=mov r1,r5 to=02058940 type=PARAM function=FUN_0202052e@0202052e (GhidraScript)  
INFO  V16DecoderAnalysis.java> EVIDENCE_REF phase=recursive from=02022ba6 text=lh.s r7,[r1 + r4] to=02058420 type=READ function=FUN_0202052e@0202052e (GhidraScript)  
INFO  V16DecoderAnalysis.java> EVIDENCE_REF phase=recursive from=02022be8 text=mov r1,r5 to=02058940 type=PARAM function=FUN_0202052e@0202052e (GhidraScript)  
INFO  V16DecoderAnalysis.java> EVIDENCE_REF phase=recursive from=02022c12 text=lh.s r2,[r1 + r4] to=020582dc type=READ function=FUN_0202052e@0202052e (GhidraScript)  
INFO  V16DecoderAnalysis.java> EVIDENCE_REF phase=recursive from=02022c7c text=mov r1,r5 to=02058940 type=PARAM function=FUN_0202052e@0202052e (GhidraScript)  
INFO  V16DecoderAnalysis.java> EVIDENCE_REF phase=recursive from=02022d56 text=mov r1,r5 to=02058940 type=PARAM function=FUN_0202052e@0202052e (GhidraScript)  
INFO  V16DecoderAnalysis.java> EVIDENCE_REF phase=recursive from=02022d84 text=add r1,r12,#0xe9c to=02058aac type=PARAM function=FUN_0202052e@0202052e (GhidraScript)  
INFO  V16DecoderAnalysis.java> EVIDENCE_REF phase=recursive from=02022dba text=mov r1,r5 to=02058940 type=PARAM function=FUN_0202052e@0202052e (GhidraScript)  
INFO  V16DecoderAnalysis.java> EVIDENCE_REF phase=recursive from=02022dce text=lh.z r1,[r1 + r6] to=02058420 type=READ function=FUN_0202052e@0202052e (GhidraScript)  
INFO  V16DecoderAnalysis.java> EVIDENCE_REF phase=recursive from=02022e0a text=mov r1,r5 to=02058940 type=PARAM function=FUN_0202052e@0202052e (GhidraScript)  
INFO  V16DecoderAnalysis.java> EVIDENCE_REF phase=recursive from=02022ebe text=add r1,r12,#0xd4c to=0205895c type=PARAM function=FUN_0202052e@0202052e (GhidraScript)  
INFO  V16DecoderAnalysis.java> EVIDENCE_REF phase=recursive from=02022ee6 text=add r1,r12,#0x720 to=02058330 type=PARAM function=FUN_0202052e@0202052e (GhidraScript)  
INFO  V16DecoderAnalysis.java> EVIDENCE_REF phase=recursive from=02022f0c text=mov r1,r4 to=02058940 type=PARAM function=FUN_0202052e@0202052e (GhidraScript)  
INFO  V16DecoderAnalysis.java> EVIDENCE_REF phase=recursive from=02022f50 text=mov r1,r4 to=02058940 type=PARAM function=FUN_0202052e@0202052e (GhidraScript)  
INFO  V16DecoderAnalysis.java> EVIDENCE_REF phase=recursive from=02022fa2 text=add r1,r12,0x1140 to=02058d50 type=PARAM function=FUN_0202052e@0202052e (GhidraScript)  
INFO  V16DecoderAnalysis.java> EVIDENCE_REF phase=recursive from=02022fc2 text=mov r1,r4 to=02058940 type=PARAM function=FUN_0202052e@0202052e (GhidraScript)  
INFO  V16DecoderAnalysis.java> EVIDENCE_REF phase=recursive from=02022fee text=add r1,r12,#0xa41 to=02058651 type=PARAM function=FUN_0202052e@0202052e (GhidraScript)  
INFO  V16DecoderAnalysis.java> EVIDENCE_REF phase=recursive from=020234ca text=add r1,r12,#0xd30 to=02058940 type=PARAM function=FUN_0202052e@0202052e (GhidraScript)  
INFO  V16DecoderAnalysis.java> EVIDENCE_REF phase=recursive from=020259be text=add r1,r1,#0x5d9 to=020581e9 type=PARAM function=- (GhidraScript)  
INFO  V16DecoderAnalysis.java> EVIDENCE_REF phase=recursive from=020259ca text=add r1,r1,#0x5e4 to=020581f4 type=PARAM function=- (GhidraScript)  
INFO  V16DecoderAnalysis.java> EVIDENCE_REF phase=recursive from=02025f66 text=add r1,r4,#0xc0c to=0205881c type=PARAM function=FUN_02025efe@02025efe (GhidraScript)  
INFO  V16DecoderAnalysis.java> EVIDENCE_REF phase=recursive from=0202607c text=}  lb.z r6, [r6 + r10] to=020585d0 type=DATA function=FUN_0202602a@0202602a (GhidraScript)  
INFO  V16DecoderAnalysis.java> EVIDENCE_REF phase=recursive from=0202609e text=lb.z r6,[r6 + r10] to=020585d0 type=READ function=FUN_0202602a@0202602a (GhidraScript)  
INFO  V16DecoderAnalysis.java> EVIDENCE_REF phase=recursive from=0202612e text=add r0,r9,#0x631 to=02058241 type=PARAM function=FUN_0202602a@0202602a (GhidraScript)  
INFO  V16DecoderAnalysis.java> EVIDENCE_REF phase=recursive from=02029ad0 text=mov r1,#0x2058784 to=02058784 type=PARAM function=FUN_02029ab6@02029ab6 (GhidraScript)  
INFO  V16DecoderAnalysis.java> EVIDENCE_SCALAR phase=recursive at=02029ad0 value=02058784 text=mov r1,#0x2058784 function=FUN_02029ab6@02029ab6 (GhidraScript)  
INFO  V16DecoderAnalysis.java> EVIDENCE_PCODE_CONST phase=recursive at=02029ad0 value=02058784 op=COPY text=mov r1,#0x2058784 function=FUN_02029ab6@02029ab6 (GhidraScript)  
INFO  V16DecoderAnalysis.java> EVIDENCE_REF phase=recursive from=02029ae0 text=add r1,r1,#0x4c3 to=02058c47 type=PARAM function=FUN_02029ab6@02029ab6 (GhidraScript)  
INFO  V16DecoderAnalysis.java> EVIDENCE_REF phase=recursive from=02029b1c text=mov r1,#0x2058640 to=02058640 type=PARAM function=FUN_02029b02@02029b02 (GhidraScript)  
INFO  V16DecoderAnalysis.java> EVIDENCE_SCALAR phase=recursive at=02029b1c value=02058640 text=mov r1,#0x2058640 function=FUN_02029b02@02029b02 (GhidraScript)  
INFO  V16DecoderAnalysis.java> EVIDENCE_PCODE_CONST phase=recursive at=02029b1c value=02058640 op=COPY text=mov r1,#0x2058640 function=FUN_02029b02@02029b02 (GhidraScript)  
INFO  V16DecoderAnalysis.java> EVIDENCE_REF phase=recursive from=02029b42 text=add r1,r1,#0x8f to=020586cf type=PARAM function=FUN_02029b02@02029b02 (GhidraScript)  
INFO  V16DecoderAnalysis.java> EVIDENCE_SCALAR phase=recursive at=0202a722 value=02058530 text=mov r2,#0x2058530 function=FUN_0202a722@0202a722 (GhidraScript)  
INFO  V16DecoderAnalysis.java> EVIDENCE_PCODE_CONST phase=recursive at=0202a722 value=02058530 op=COPY text=mov r2,#0x2058530 function=FUN_0202a722@0202a722 (GhidraScript)  
INFO  V16DecoderAnalysis.java> EVIDENCE_REF phase=recursive from=0202a728 text=lh.z r1,[r2 + r1] to=02058530 type=DATA function=FUN_0202a722@0202a722 (GhidraScript)  
INFO  V16DecoderAnalysis.java> EVIDENCE_REF phase=recursive from=0202c75a text=mov r1,#0x2058405 to=02058405 type=PARAM function=FUN_0202c5ce@0202c5ce (GhidraScript)  
INFO  V16DecoderAnalysis.java> EVIDENCE_SCALAR phase=recursive at=0202c75a value=02058405 text=mov r1,#0x2058405 function=FUN_0202c5ce@0202c5ce (GhidraScript)  
INFO  V16DecoderAnalysis.java> EVIDENCE_PCODE_CONST phase=recursive at=0202c75a value=02058405 op=COPY text=mov r1,#0x2058405 function=FUN_0202c5ce@0202c5ce (GhidraScript)  
INFO  V16DecoderAnalysis.java> EVIDENCE_REF phase=recursive from=0202cc5c text=lb.z r2,[r1 ++= 1] to=020588ec type=READ function=FUN_0202cbe4@0202cbe4 (GhidraScript)  
INFO  V16DecoderAnalysis.java> EVIDENCE_REF phase=recursive from=0202cd14 text=add r0,r9,#0x3ea to=020583de type=PARAM function=FUN_0202cbe4@0202cbe4 (GhidraScript)  
INFO  V16DecoderAnalysis.java> EVIDENCE_REF phase=recursive from=0202cd6c text=add r0,r9,#0x24d to=02058241 type=PARAM function=FUN_0202cbe4@0202cbe4 (GhidraScript)  
ERROR Pcode error at 0202d4aa: Program does not contain referenced instruction: 0202d4ac (SleighInstructionPrototype)  
ERROR Pcode error at 0202d5ae: Program does not contain referenced instruction: 0202d5b0 (SleighInstructionPrototype)  
INFO  V16DecoderAnalysis.java> EVIDENCE_REF phase=recursive from=0202d938 text=lb.z r7,[r0 + r1] to=020585d0 type=DATA function=FUN_0202d8ee@0202d8ee (GhidraScript)  
INFO  V16DecoderAnalysis.java> EVIDENCE_REF phase=recursive from=0202d938 text=lb.z r7,[r0 + r1] to=020585d4 type=READ function=FUN_0202d8ee@0202d8ee (GhidraScript)  
INFO  V16DecoderAnalysis.java> EVIDENCE_REF phase=recursive from=0202dc96 text=mov r0,#0x2058241 to=02058241 type=PARAM function=FUN_0202dc3c@0202dc3c (GhidraScript)  
INFO  V16DecoderAnalysis.java> EVIDENCE_SCALAR phase=recursive at=0202dc96 value=02058241 text=mov r0,#0x2058241 function=FUN_0202dc3c@0202dc3c (GhidraScript)  
INFO  V16DecoderAnalysis.java> EVIDENCE_PCODE_CONST phase=recursive at=0202dc96 value=02058241 op=COPY text=mov r0,#0x2058241 function=FUN_0202dc3c@0202dc3c (GhidraScript)  
INFO  V16DecoderAnalysis.java> EVIDENCE_REF phase=recursive from=0202dd42 text=mov r0,#0x2058241 to=02058241 type=PARAM function=FUN_0202cbe4@0202cbe4 (GhidraScript)  
INFO  V16DecoderAnalysis.java> EVIDENCE_SCALAR phase=recursive at=0202dd42 value=02058241 text=mov r0,#0x2058241 function=FUN_0202cbe4@0202cbe4 (GhidraScript)  
INFO  V16DecoderAnalysis.java> EVIDENCE_PCODE_CONST phase=recursive at=0202dd42 value=02058241 op=COPY text=mov r0,#0x2058241 function=FUN_0202cbe4@0202cbe4 (GhidraScript)  
ERROR Pcode error at 02031bd0: Program does not contain referenced instruction: 02031bd4 (SleighInstructionPrototype)  
ERROR Pcode error at 02032054: Program does not contain referenced instruction: 02032058 (SleighInstructionPrototype)  
ERROR Pcode error at 020323ea: Program does not contain referenced instruction: 020323ee (SleighInstructionPrototype)  
ERROR Pcode error at 020335ce: Program does not contain referenced instruction: 020335d0 (SleighInstructionPrototype)  
ERROR Pcode error at 020340b2: Program does not contain referenced instruction: 020340b6 (SleighInstructionPrototype)  
ERROR Pcode error at 020347f4: Program does not contain referenced instruction: 020347f6 (SleighInstructionPrototype)  
INFO  V16DecoderAnalysis.java> EVIDENCE_SCALAR phase=recursive at=02038732 value=0205875c text=mov r6,#0x205875c function=- (GhidraScript)  
INFO  V16DecoderAnalysis.java> EVIDENCE_PCODE_CONST phase=recursive at=02038732 value=0205875c op=COPY text=mov r6,#0x205875c function=- (GhidraScript)  
INFO  V16DecoderAnalysis.java> EVIDENCE_REF phase=recursive from=02038738 text=add r0,r6,#0x2fc to=02058a58 type=PARAM function=- (GhidraScript)  
INFO  V16DecoderAnalysis.java> EVIDENCE_REF phase=recursive from=02038774 text=mov r0,r6 to=0205875c type=PARAM function=- (GhidraScript)  
INFO  V16DecoderAnalysis.java> EVIDENCE_REF phase=recursive from=020389c0 text=mov r0,#0x205875c to=0205875c type=PARAM function=FUN_020389bc@020389bc (GhidraScript)  
INFO  V16DecoderAnalysis.java> EVIDENCE_SCALAR phase=recursive at=020389c0 value=0205875c text=mov r0,#0x205875c function=FUN_020389bc@020389bc (GhidraScript)  
INFO  V16DecoderAnalysis.java> EVIDENCE_PCODE_CONST phase=recursive at=020389c0 value=0205875c op=COPY text=mov r0,#0x205875c function=FUN_020389bc@020389bc (GhidraScript)  
INFO  V16DecoderAnalysis.java> EVIDENCE_REF phase=recursive from=02038e82 text=mov r0,#0x20580ed to=020580ed type=PARAM function=FUN_0202cbe4@0202cbe4 (GhidraScript)  
INFO  V16DecoderAnalysis.java> EVIDENCE_SCALAR phase=recursive at=02038e82 value=020580ed text=mov r0,#0x20580ed function=FUN_0202cbe4@0202cbe4 (GhidraScript)  
INFO  V16DecoderAnalysis.java> EVIDENCE_PCODE_CONST phase=recursive at=02038e82 value=020580ed op=COPY text=mov r0,#0x20580ed function=FUN_0202cbe4@0202cbe4 (GhidraScript)  
INFO  V16DecoderAnalysis.java> EVIDENCE_SCALAR phase=recursive at=020395ca value=0205800c text=mov r1,#0x205800c function=FUN_020395b0@020395b0 (GhidraScript)  
INFO  V16DecoderAnalysis.java> EVIDENCE_PCODE_CONST phase=recursive at=020395ca value=0205800c op=COPY text=mov r1,#0x205800c function=FUN_020395b0@020395b0 (GhidraScript)  
INFO  V16DecoderAnalysis.java> EVIDENCE_SCALAR phase=recursive at=0203972a value=0205800c text=mov r0,#0x205800c function=FUN_02039682@02039682 (GhidraScript)  
INFO  V16DecoderAnalysis.java> EVIDENCE_PCODE_CONST phase=recursive at=0203972a value=0205800c op=COPY text=mov r0,#0x205800c function=FUN_02039682@02039682 (GhidraScript)  
ERROR Pcode error at 0203e216: Program does not contain referenced instruction: 0203e21a (SleighInstructionPrototype)  
INFO  V16DecoderAnalysis.java> EVIDENCE_REF phase=recursive from=0203ed64 text=mov r0,#0x2058482 to=02058482 type=PARAM function=FUN_0202cbe4@0202cbe4 (GhidraScript)  
INFO  V16DecoderAnalysis.java> EVIDENCE_SCALAR phase=recursive at=0203ed64 value=02058482 text=mov r0,#0x2058482 function=FUN_0202cbe4@0202cbe4 (GhidraScript)  
INFO  V16DecoderAnalysis.java> EVIDENCE_PCODE_CONST phase=recursive at=0203ed64 value=02058482 op=COPY text=mov r0,#0x2058482 function=FUN_0202cbe4@0202cbe4 (GhidraScript)  
INFO  V16DecoderAnalysis.java> EVIDENCE_REF phase=recursive from=0203f4b8 text=sw r0,[r5 + 0x0] to=02058a74 type=DATA function=FUN_0202cbe4@0202cbe4 (GhidraScript)  
INFO  V16DecoderAnalysis.java> EVIDENCE_REF phase=recursive from=0203f5ae text=add r1,r2,#0x2e2 to=0205803c type=PARAM function=FUN_0202cbe4@0202cbe4 (GhidraScript)  
INFO  V16DecoderAnalysis.java> EVIDENCE_REF phase=recursive from=0203f7ce text=ldw r1,r9,#0x10 to=02058004 type=READ function=FUN_0202cbe4@0202cbe4 (GhidraScript)  
INFO  V16DecoderAnalysis.java> EVIDENCE_REF phase=recursive from=0203f7d6 text=lw r1,[r6 + 0x14] to=02058008 type=READ function=FUN_0202cbe4@0202cbe4 (GhidraScript)  
INFO  V16DecoderAnalysis.java> EVIDENCE_REF phase=recursive from=0203f820 text=sw r0,[r6 + 0xc] to=02058000 type=WRITE function=FUN_0202cbe4@0202cbe4 (GhidraScript)  
INFO  V16DecoderAnalysis.java> EVIDENCE_REF phase=recursive from=02040662 text=add r0,r6,#0x700 to=02058482 type=PARAM function=- (GhidraScript)  
INFO  V16DecoderAnalysis.java> EVIDENCE_REF phase=recursive from=020415cc text=sw r0,[sp+0xc] to=02058384 type=DATA function=- (GhidraScript)  
INFO  V16DecoderAnalysis.java> EVIDENCE_REF phase=recursive from=02046692 text=lb.z r7,[r0 + r5] to=0205804c type=READ function=FUN_02046624@02046624 (GhidraScript)  
INFO  V16DecoderAnalysis.java> EVIDENCE_REF phase=recursive from=0204713c text=ldw r0,r9,#0x384 to=02058378 type=READ function=FUN_0202cbe4@0202cbe4 (GhidraScript)  
INFO  V16DecoderAnalysis.java> EVIDENCE_REF phase=recursive from=02047162 text=sw r0,[r9 + 0x384] to=02058378 type=WRITE function=FUN_0202cbe4@0202cbe4 (GhidraScript)  
INFO  V16DecoderAnalysis.java> EVIDENCE_REF phase=recursive from=020471de text=ldw r1,r9,#0x374 to=02058368 type=READ function=FUN_0202cbe4@0202cbe4 (GhidraScript)  
INFO  V16DecoderAnalysis.java> EVIDENCE_REF phase=recursive from=0204723c text=sb r0,[r9 + 0x8a] to=0205807e type=WRITE function=FUN_0202cbe4@0202cbe4 (GhidraScript)  
ERROR Pcode error at 0204ae84: Could not find cached delayslot parser context (SleighInstructionPrototype)  
ERROR Pcode error at 0204df98: Program does not contain referenced instruction: 0204df9a (SleighInstructionPrototype)  
ERROR Pcode error at 02050540: Program does not contain referenced instruction: 02050542 (SleighInstructionPrototype)  
ERROR Pcode error at 02055e4a: Program does not contain referenced instruction: 02055e4c (SleighInstructionPrototype)  
ERROR Pcode error at 0205690e: Could not find cached delayslot parser context (SleighInstructionPrototype)  
ERROR Pcode error at 02056970: Program does not contain referenced instruction: 02056972 (SleighInstructionPrototype)  
ERROR Pcode error at 02057562: Could not find cached delayslot parser context (SleighInstructionPrototype)  
INFO  V16DecoderAnalysis.java> PHASE recursive (GhidraScript)  
INFO  V16DecoderAnalysis.java> METRIC phase=recursive key=instruction_count value=49656 (GhidraScript)  
INFO  V16DecoderAnalysis.java> METRIC phase=recursive key=instruction_bytes value=144572 (GhidraScript)  
INFO  V16DecoderAnalysis.java> METRIC phase=recursive key=code_region_bytes value=360448 (GhidraScript)  
INFO  V16DecoderAnalysis.java> METRIC phase=recursive key=undecoded_even_slots value=107938 (GhidraScript)  
INFO  V16DecoderAnalysis.java> METRIC phase=recursive key=function_count value=1072 (GhidraScript)  
INFO  V16DecoderAnalysis.java> METRIC phase=recursive key=call_instruction_count value=4267 (GhidraScript)  
INFO  V16DecoderAnalysis.java> METRIC phase=recursive key=direct_call_reference_count value=4045 (GhidraScript)  
INFO  V16DecoderAnalysis.java> METRIC phase=recursive key=branch_instruction_count value=6555 (GhidraScript)  
INFO  V16DecoderAnalysis.java> METRIC phase=recursive key=computed_flow_count value=277 (GhidraScript)  
INFO  V16DecoderAnalysis.java> METRIC phase=recursive key=no_pcode_instruction_count value=0 (GhidraScript)  
INFO  V16DecoderAnalysis.java> METRIC phase=recursive key=pcode_exception_count value=0 (GhidraScript)  
INFO  V16DecoderAnalysis.java> METRIC phase=recursive key=evidence_reference_count value=191 (GhidraScript)  
INFO  V16DecoderAnalysis.java> METRIC phase=recursive key=evidence_scalar_count value=24 (GhidraScript)  
INFO  V16DecoderAnalysis.java> METRIC phase=recursive key=evidence_pcode_constant_count value=24 (GhidraScript)  
INFO  V16DecoderAnalysis.java> HISTOGRAM phase=recursive key=instruction_size value={2=29422, 4=17838, 6=2396} (GhidraScript)  
INFO  V16DecoderAnalysis.java> HISTOGRAM phase=recursive key=mnemonic value={_jle=1, _lb.z=167, _lh.z=66, _lw=857, _movz=1, _nop=1, _sb=99, _sh=65, _sub=1, _sw=389, abs=10, add=5711, addc=21, addldw=71, addsdw=10, and=882, bit.and=34, bit.nand=6, bit.or=11, bitclr=83, bitset=178, bittgl=16, bkpt=2, call=4250, cli=78, clr=259, clz=5, csync=386, decjnz=3, div=57, div.s=58, flushinv=1, goto=1648, hbkpt=5, idle=8, if=451, iflush=1, ifs=143, insert=200, ja=185, jae=78, jb=200, jbe=95, je=700, jg=82, jge=53, jl=167, jle=63, jmnz=308, jmz=81, jne=782, jnz=798, jz=1095, lb=20, lb.s=41, lb.z=1787, ldw=825, lh=49, lh.s=152, lh.z=550, lockclr=75, lockset=62, lsl=601, lslr=2, lsr=396, lw=3256, mov=10051, movs=102, movz=1050, mul=556, mul.z=3, muladd.s=5, nop=99, not=65, or=694, pfetch=5, pop=865, push=555, qasl=20, qasr=39, rep=144, rev8=6, rti=8, rts=150, sb=1272, sdw=97, sextra=88, sh=713, smin=18, ssync=4, sti=107, sub=502, subc=40, sw=1993, sxtb=25, sxth=202, tbb=27, tbh=9, testset=27, uextra=206, umin=18, uxtb=232, uxth=129, xor=94, } =614, } else { =84} (GhidraScript)  
INFO  V16DecoderAnalysis.java> TARGET_XREF_COUNT phase=recursive target=midi_route_ascii exact=0 interior=0 (GhidraScript)  
INFO  V16DecoderAnalysis.java> TARGET_XREF_COUNT phase=recursive target=midi_streaming_interface exact=0 interior=0 (GhidraScript)  
INFO  V16DecoderAnalysis.java> TARGET_XREF_COUNT phase=recursive target=midi_streaming_header exact=0 interior=0 (GhidraScript)  
INFO  V16DecoderAnalysis.java> TARGET_XREF_COUNT phase=recursive target=usb_midi_cin_payload_lengths exact=0 interior=0 (GhidraScript)  
INFO  V16DecoderAnalysis.java> TARGET_XREF_COUNT phase=recursive target=usb_device_descriptor exact=0 interior=0 (GhidraScript)  
INFO  V16DecoderAnalysis.java> TARGET_XREF_COUNT phase=recursive target=midi_product_utf16le exact=0 interior=0 (GhidraScript)  
INFO  V16DecoderAnalysis.java> TARGET_XREF_COUNT phase=recursive target=midi_in_endpoint exact=0 interior=0 (GhidraScript)  
INFO  V16DecoderAnalysis.java> TARGET_XREF_COUNT phase=recursive target=midi_in_cs_endpoint exact=0 interior=0 (GhidraScript)  
INFO  V16DecoderAnalysis.java> TARGET_XREF_COUNT phase=recursive target=midi_out_endpoint exact=0 interior=0 (GhidraScript)  
INFO  V16DecoderAnalysis.java> TARGET_XREF_COUNT phase=recursive target=midi_out_cs_endpoint exact=0 interior=0 (GhidraScript)  
INFO  V16DecoderAnalysis.java> TARGET_XREF_COUNT phase=recursive target=midi_jack_graph exact=0 interior=0 (GhidraScript)  
INFO  V16DecoderAnalysis.java> TARGET_XREF_COUNT phase=recursive target=ui_label_local exact=0 interior=0 (GhidraScript)  
INFO  V16DecoderAnalysis.java> TARGET_XREF_COUNT phase=recursive target=ui_label_usb_rec exact=0 interior=0 (GhidraScript)  
INFO  V16DecoderAnalysis.java> TARGET_XREF_COUNT phase=recursive target=ui_label_key_chn exact=0 interior=0 (GhidraScript)  
INFO  V16DecoderAnalysis.java> TARGET_XREF_COUNT phase=recursive target=ui_label_pad_chn exact=0 interior=0 (GhidraScript)  
INFO  V16DecoderAnalysis.java> LISTING phase=recursive path=/Users/spectrum/Documents/SMK37ProMod/baselines/v15/analysis/v15-vs-v16-app-diff-2026-10-01/results/v16-recursive-listing.tsv (GhidraScript)  
ERROR Pcode error at 02001c70: Could not find cached delayslot parser context (SleighInstructionPrototype)  
ERROR Pcode error at 02005274: Could not find cached delayslot parser context (SleighInstructionPrototype)  
ERROR Pcode error at 020052ae: Could not find cached delayslot parser context (SleighInstructionPrototype)  
ERROR Pcode error at 02005324: Program does not contain referenced instruction: 02005326 (SleighInstructionPrototype)  
ERROR Pcode error at 020053c0: Could not find cached delayslot parser context (SleighInstructionPrototype)  
ERROR Pcode error at 020054e6: Could not find cached delayslot parser context (SleighInstructionPrototype)  
ERROR Pcode error at 02005480: Could not find cached delayslot parser context (SleighInstructionPrototype)  
ERROR Pcode error at 020054ce: Could not find cached delayslot parser context (SleighInstructionPrototype)  
ERROR Pcode error at 02005a98: Could not find cached delayslot parser context (SleighInstructionPrototype)  
ERROR Pcode error at 02005c66: Could not find cached delayslot parser context (SleighInstructionPrototype)  
ERROR Pcode error at 02005d06: Could not find cached delayslot parser context (SleighInstructionPrototype)  
ERROR Pcode error at 020066aa: Delay Slot recursion problem for Instruction at 020066ac (SleighInstructionPrototype)  
ERROR Pcode error at 02009baa: Could not find cached delayslot parser context (SleighInstructionPrototype)  
ERROR Pcode error at 0200c9c6: Program does not contain referenced instruction: 0200c9ca (SleighInstructionPrototype)  
ERROR Pcode error at 0200c9d8: Program does not contain referenced instruction: 0200c9da (SleighInstructionPrototype)  
ERROR Pcode error at 0200d35e: Program does not contain referenced instruction: 0200d362 (SleighInstructionPrototype)  
ERROR Pcode error at 0200df9c: Program does not contain referenced instruction: 0200df9e (SleighInstructionPrototype)  
ERROR Pcode error at 0200dfa4: Program does not contain referenced instruction: 0200dfa6 (SleighInstructionPrototype)  
ERROR Pcode error at 0200f2b8: Program does not contain referenced instruction: 0200f2bc (SleighInstructionPrototype)  
ERROR Pcode error at 02013e56: Program does not contain referenced instruction: 02013e5a (SleighInstructionPrototype)  
ERROR Pcode error at 02013e60: Program does not contain referenced instruction: 02013e64 (SleighInstructionPrototype)  
ERROR Pcode error at 02013ea0: Program does not contain referenced instruction: 02013ea2 (SleighInstructionPrototype)  
ERROR Pcode error at 020140cc: Program does not contain referenced instruction: 020140ce (SleighInstructionPrototype)  
ERROR Pcode error at 02013f2c: Program does not contain referenced instruction: 02013f30 (SleighInstructionPrototype)  
ERROR Pcode error at 02013f34: Program does not contain referenced instruction: 02013f38 (SleighInstructionPrototype)  
ERROR Pcode error at 02013f80: Program does not contain referenced instruction: 02013f84 (SleighInstructionPrototype)  
ERROR Pcode error at 02013f90: Program does not contain referenced instruction: 02013f92 (SleighInstructionPrototype)  
ERROR Pcode error at 020140d4: Program does not contain referenced instruction: 020140d8 (SleighInstructionPrototype)  
ERROR Pcode error at 02014106: Program does not contain referenced instruction: 02014108 (SleighInstructionPrototype)  
ERROR Pcode error at 020141e6: Program does not contain referenced instruction: 020141e8 (SleighInstructionPrototype)  
ERROR Pcode error at 02014244: Program does not contain referenced instruction: 02014246 (SleighInstructionPrototype)  
ERROR Pcode error at 02014940: Program does not contain referenced instruction: 02014942 (SleighInstructionPrototype)  
ERROR Pcode error at 02014952: Program does not contain referenced instruction: 02014954 (SleighInstructionPrototype)  
ERROR Pcode error at 020150e2: Program does not contain referenced instruction: 020150e6 (SleighInstructionPrototype)  
ERROR Pcode error at 020150ec: Program does not contain referenced instruction: 020150ee (SleighInstructionPrototype)  
ERROR Pcode error at 02015212: Program does not contain referenced instruction: 02015214 (SleighInstructionPrototype)  
ERROR Pcode error at 020153ee: Program does not contain referenced instruction: 020153f2 (SleighInstructionPrototype)  
ERROR Pcode error at 02016274: Program does not contain referenced instruction: 02016276 (SleighInstructionPrototype)  
ERROR Pcode error at 02016650: Program does not contain referenced instruction: 02016652 (SleighInstructionPrototype)  
ERROR Pcode error at 020189ac: Program does not contain referenced instruction: 020189ae (SleighInstructionPrototype)  
ERROR Pcode error at 02018a76: Program does not contain referenced instruction: 02018a78 (SleighInstructionPrototype)  
ERROR Pcode error at 020190c8: Program does not contain referenced instruction: 020190ca (SleighInstructionPrototype)  
ERROR Pcode error at 020190cc: Program does not contain referenced instruction: 020190ce (SleighInstructionPrototype)  
ERROR Pcode error at 020196a4: Could not find cached delayslot parser context (SleighInstructionPrototype)  
ERROR Pcode error at 020196a8: Delay Slot recursion problem for Instruction at 020196aa (SleighInstructionPrototype)  
ERROR Pcode error at 020196aa: Could not find cached delayslot parser context (SleighInstructionPrototype)  
ERROR Pcode error at 0201a228: Program does not contain referenced instruction: 0201a22c (SleighInstructionPrototype)  
ERROR Pcode error at 0201aec0: Program does not contain referenced instruction: 0201aec4 (SleighInstructionPrototype)  
ERROR Pcode error at 0201b11c: Program does not contain referenced instruction: 0201b120 (SleighInstructionPrototype)  
ERROR Pcode error at 0201dbf6: Program does not contain referenced instruction: 0201dbf8 (SleighInstructionPrototype)  
ERROR Pcode error at 0201dc18: Program does not contain referenced instruction: 0201dc1a (SleighInstructionPrototype)  
ERROR Pcode error at 0201dcde: Program does not contain referenced instruction: 0201dce0 (SleighInstructionPrototype)  
ERROR Pcode error at 0201ddea: Program does not contain referenced instruction: 0201ddec (SleighInstructionPrototype)  
ERROR Pcode error at 0201de98: Program does not contain referenced instruction: 0201de9a (SleighInstructionPrototype)  
ERROR Pcode error at 0201debc: Program does not contain referenced instruction: 0201debe (SleighInstructionPrototype)  
ERROR Pcode error at 02032096: Program does not contain referenced instruction: 02032098 (SleighInstructionPrototype)  
ERROR Pcode error at 02032410: Program does not contain referenced instruction: 02032414 (SleighInstructionPrototype)  
ERROR Pcode error at 02032436: Program does not contain referenced instruction: 0203243a (SleighInstructionPrototype)  
ERROR Pcode error at 02033840: Program does not contain referenced instruction: 02033844 (SleighInstructionPrototype)  
ERROR Pcode error at 0203522a: Program does not contain referenced instruction: 0203522c (SleighInstructionPrototype)  
ERROR Pcode error at 0203555e: Program does not contain referenced instruction: 02035562 (SleighInstructionPrototype)  
ERROR Pcode error at 0204aa78: Could not find cached delayslot parser context (SleighInstructionPrototype)  
ERROR Pcode error at 0204aaea: Could not find cached delayslot parser context (SleighInstructionPrototype)  
ERROR Pcode error at 0204ab1a: Could not find cached delayslot parser context (SleighInstructionPrototype)  
ERROR Pcode error at 0204ac86: Program does not contain referenced instruction: 0204ac88 (SleighInstructionPrototype)  
ERROR Pcode error at 0204ae1c: Program does not contain referenced instruction: 0204ae1e (SleighInstructionPrototype)  
ERROR Pcode error at 0204ae38: Program does not contain referenced instruction: 0204ae3c (SleighInstructionPrototype)  
ERROR Pcode error at 0204ae64: Program does not contain referenced instruction: 0204ae68 (SleighInstructionPrototype)  
ERROR Pcode error at 0204af5c: Program does not contain referenced instruction: 0204af5e (SleighInstructionPrototype)  
ERROR Pcode error at 0204b05c: Program does not contain referenced instruction: 0204b060 (SleighInstructionPrototype)  
ERROR Pcode error at 0204b098: Program does not contain referenced instruction: 0204b09a (SleighInstructionPrototype)  
ERROR Pcode error at 0204b0b4: Could not find cached delayslot parser context (SleighInstructionPrototype)  
ERROR Pcode error at 0204b0ba: Could not find cached delayslot parser context (SleighInstructionPrototype)  
ERROR Pcode error at 0204b0d2: Program does not contain referenced instruction: 0204b0d4 (SleighInstructionPrototype)  
ERROR Pcode error at 0204b19a: Program does not contain referenced instruction: 0204b19c (SleighInstructionPrototype)  
ERROR Pcode error at 0204b248: Could not find cached delayslot parser context (SleighInstructionPrototype)  
ERROR Pcode error at 0204b3a0: Program does not contain referenced instruction: 0204b3a2 (SleighInstructionPrototype)  
ERROR Pcode error at 0204b654: Could not find cached delayslot parser context (SleighInstructionPrototype)  
ERROR Pcode error at 0204b52a: Program does not contain referenced instruction: 0204b52e (SleighInstructionPrototype)  
ERROR Pcode error at 0204b572: Could not find cached delayslot parser context (SleighInstructionPrototype)  
ERROR Pcode error at 0204b57a: Program does not contain referenced instruction: 0204b57e (SleighInstructionPrototype)  
ERROR Pcode error at 0204b638: Program does not contain referenced instruction: 0204b63a (SleighInstructionPrototype)  
ERROR Pcode error at 0204b70e: Could not find cached delayslot parser context (SleighInstructionPrototype)  
ERROR Pcode error at 0204b852: Program does not contain referenced instruction: 0204b854 (SleighInstructionPrototype)  
ERROR Pcode error at 0204b8d8: Program does not contain referenced instruction: 0204b8da (SleighInstructionPrototype)  
ERROR Pcode error at 0204b8de: Program does not contain referenced instruction: 0204b8e0 (SleighInstructionPrototype)  
ERROR Pcode error at 0204b918: Program does not contain referenced instruction: 0204b91a (SleighInstructionPrototype)  
ERROR Pcode error at 0204b988: Could not find cached delayslot parser context (SleighInstructionPrototype)  
ERROR Pcode error at 0204bbca: Program does not contain referenced instruction: 0204bbcc (SleighInstructionPrototype)  
ERROR Pcode error at 0204bc3c: Program does not contain referenced instruction: 0204bc40 (SleighInstructionPrototype)  
ERROR Pcode error at 0204bce0: Delay Slot recursion problem for Instruction at 0204bce2 (SleighInstructionPrototype)  
ERROR Pcode error at 0204bce2: Program does not contain referenced instruction: 0204bce4 (SleighInstructionPrototype)  
ERROR Pcode error at 0204bd34: Could not find cached delayslot parser context (SleighInstructionPrototype)  
ERROR Pcode error at 0204bd94: Could not find cached delayslot parser context (SleighInstructionPrototype)  
ERROR Pcode error at 0204cbee: Delay Slot recursion problem for Instruction at 0204cbf0 (SleighInstructionPrototype)  
ERROR Pcode error at 0204cbf0: Delay Slot recursion problem for Instruction at 0204cbf2 (SleighInstructionPrototype)  
ERROR Pcode error at 0204cbf2: Delay Slot recursion problem for Instruction at 0204cbf4 (SleighInstructionPrototype)  
ERROR Pcode error at 0204cc00: Program does not contain referenced instruction: 0204cc04 (SleighInstructionPrototype)  
ERROR Pcode error at 0204cdf6: Delay Slot recursion problem for Instruction at 0204cdf8 (SleighInstructionPrototype)  
ERROR Pcode error at 0204be16: Program does not contain referenced instruction: 0204be1a (SleighInstructionPrototype)  
ERROR Pcode error at 0204be9a: Program does not contain referenced instruction: 0204be9e (SleighInstructionPrototype)  
ERROR Pcode error at 0204bea0: Program does not contain referenced instruction: 0204bea2 (SleighInstructionPrototype)  
ERROR Pcode error at 0204beb8: Program does not contain referenced instruction: 0204beba (SleighInstructionPrototype)  
ERROR Pcode error at 0204bec8: Program does not contain referenced instruction: 0204beca (SleighInstructionPrototype)  
ERROR Pcode error at 0204bedc: Program does not contain referenced instruction: 0204bee0 (SleighInstructionPrototype)  
ERROR Pcode error at 0204bf32: Program does not contain referenced instruction: 0204bf36 (SleighInstructionPrototype)  
ERROR Pcode error at 0204bfb6: Program does not contain referenced instruction: 0204bfb8 (SleighInstructionPrototype)  
ERROR Pcode error at 0204c082: Could not find cached delayslot parser context (SleighInstructionPrototype)  
ERROR Pcode error at 0204c0f2: Program does not contain referenced instruction: 0204c0f6 (SleighInstructionPrototype)  
ERROR Pcode error at 0204c13c: Program does not contain referenced instruction: 0204c13e (SleighInstructionPrototype)  
ERROR Pcode error at 0204c206: Could not find cached delayslot parser context (SleighInstructionPrototype)  
ERROR Pcode error at 0204c424: Could not find cached delayslot parser context (SleighInstructionPrototype)  
ERROR Pcode error at 0204c3a0: Program does not contain referenced instruction: 0204c3a2 (SleighInstructionPrototype)  
ERROR Pcode error at 0204c468: Could not find cached delayslot parser context (SleighInstructionPrototype)  
ERROR Pcode error at 0204c470: Could not find cached delayslot parser context (SleighInstructionPrototype)  
ERROR Pcode error at 0204c478: Could not find cached delayslot parser context (SleighInstructionPrototype)  
ERROR Pcode error at 0204c870: Could not find cached delayslot parser context (SleighInstructionPrototype)  
ERROR Pcode error at 0204c8f8: Could not find cached delayslot parser context (SleighInstructionPrototype)  
ERROR Pcode error at 0204ca82: Program does not contain referenced instruction: 0204ca86 (SleighInstructionPrototype)  
ERROR Pcode error at 0204cb0a: Program does not contain referenced instruction: 0204cb0e (SleighInstructionPrototype)  
ERROR Pcode error at 0204cb18: Program does not contain referenced instruction: 0204cb1a (SleighInstructionPrototype)  
ERROR Pcode error at 0204cb4a: Program does not contain referenced instruction: 0204cb4e (SleighInstructionPrototype)  
ERROR Pcode error at 0204cb54: Program does not contain referenced instruction: 0204cb56 (SleighInstructionPrototype)  
ERROR Pcode error at 0204cb58: Program does not contain referenced instruction: 0204cb5a (SleighInstructionPrototype)  
ERROR Pcode error at 0204cbd2: Program does not contain referenced instruction: 0204cbd6 (SleighInstructionPrototype)  
ERROR Pcode error at 0204cbe8: Delay Slot recursion problem for Instruction at 0204cbea (SleighInstructionPrototype)  
ERROR Pcode error at 0204cbea: Delay Slot recursion problem for Instruction at 0204cbec (SleighInstructionPrototype)  
ERROR Pcode error at 0204cbec: Delay Slot recursion problem for Instruction at 0204cbee (SleighInstructionPrototype)  
ERROR Pcode error at 0204cc1e: Program does not contain referenced instruction: 0204cc22 (SleighInstructionPrototype)  
ERROR Pcode error at 0204cc64: Program does not contain referenced instruction: 0204cc66 (SleighInstructionPrototype)  
ERROR Pcode error at 0204cd2a: Program does not contain referenced instruction: 0204cd2e (SleighInstructionPrototype)  
ERROR Pcode error at 0204cf6e: Program does not contain referenced instruction: 0204cf70 (SleighInstructionPrototype)  
ERROR Pcode error at 0204d010: Could not find cached delayslot parser context (SleighInstructionPrototype)  
ERROR Pcode error at 0204d028: Could not find cached delayslot parser context (SleighInstructionPrototype)  
ERROR Pcode error at 0204d12e: Program does not contain referenced instruction: 0204d130 (SleighInstructionPrototype)  
ERROR Pcode error at 0204d1dc: Program does not contain referenced instruction: 0204d1de (SleighInstructionPrototype)  
ERROR Pcode error at 0204d1f6: Program does not contain referenced instruction: 0204d1f8 (SleighInstructionPrototype)  
ERROR Pcode error at 0204d372: Program does not contain referenced instruction: 0204d374 (SleighInstructionPrototype)  
ERROR Pcode error at 0204d3f0: Could not find cached delayslot parser context (SleighInstructionPrototype)  
ERROR Pcode error at 0204d41a: Program does not contain referenced instruction: 0204d41c (SleighInstructionPrototype)  
ERROR Pcode error at 0204d4e6: Could not find cached delayslot parser context (SleighInstructionPrototype)  
ERROR Pcode error at 0204d520: Could not find cached delayslot parser context (SleighInstructionPrototype)  
ERROR Pcode error at 0204d5b2: Program does not contain referenced instruction: 0204d5b4 (SleighInstructionPrototype)  
ERROR Pcode error at 0204d6da: Program does not contain referenced instruction: 0204d6de (SleighInstructionPrototype)  
ERROR Pcode error at 0204d7ac: Could not find cached delayslot parser context (SleighInstructionPrototype)  
ERROR Pcode error at 0204d7e6: Could not find cached delayslot parser context (SleighInstructionPrototype)  
ERROR Pcode error at 0204d8a4: Program does not contain referenced instruction: 0204d8a6 (SleighInstructionPrototype)  
ERROR Pcode error at 0204da24: Program does not contain referenced instruction: 0204da26 (SleighInstructionPrototype)  
ERROR Pcode error at 0204dace: Could not find cached delayslot parser context (SleighInstructionPrototype)  
ERROR Pcode error at 0204dd6a: Program does not contain referenced instruction: 0204dd6e (SleighInstructionPrototype)  
ERROR Pcode error at 0204dde6: Could not find cached delayslot parser context (SleighInstructionPrototype)  
ERROR Pcode error at 0204deac: Program does not contain referenced instruction: 0204deae (SleighInstructionPrototype)  
ERROR Pcode error at 0204defc: Could not find cached delayslot parser context (SleighInstructionPrototype)  
ERROR Pcode error at 0204dfe4: Program does not contain referenced instruction: 0204dfe6 (SleighInstructionPrototype)  
ERROR Pcode error at 0204e0d2: Program does not contain referenced instruction: 0204e0d6 (SleighInstructionPrototype)  
ERROR Pcode error at 0204e332: Program does not contain referenced instruction: 0204e334 (SleighInstructionPrototype)  
ERROR Pcode error at 0204e46e: Program does not contain referenced instruction: 0204e470 (SleighInstructionPrototype)  
ERROR Pcode error at 0204e4d6: Program does not contain referenced instruction: 0204e4da (SleighInstructionPrototype)  
ERROR Pcode error at 0204e638: Program does not contain referenced instruction: 0204e63c (SleighInstructionPrototype)  
ERROR Pcode error at 0204e650: Could not find cached delayslot parser context (SleighInstructionPrototype)  
ERROR Pcode error at 0204e6e8: Could not find cached delayslot parser context (SleighInstructionPrototype)  
ERROR Pcode error at 0204e748: Program does not contain referenced instruction: 0204e74a (SleighInstructionPrototype)  
ERROR Pcode error at 0204e754: Could not find cached delayslot parser context (SleighInstructionPrototype)  
ERROR Pcode error at 0204e794: Could not find cached delayslot parser context (SleighInstructionPrototype)  
ERROR Pcode error at 0204e94e: Program does not contain referenced instruction: 0204e950 (SleighInstructionPrototype)  
ERROR Pcode error at 0204e886: Could not find cached delayslot parser context (SleighInstructionPrototype)  
ERROR Pcode error at 0204e8a8: Could not find cached delayslot parser context (SleighInstructionPrototype)  
ERROR Pcode error at 0204e8d4: Program does not contain referenced instruction: 0204e8d6 (SleighInstructionPrototype)  
ERROR Pcode error at 0204e8ee: Program does not contain referenced instruction: 0204e8f0 (SleighInstructionPrototype)  
ERROR Pcode error at 0204e908: Program does not contain referenced instruction: 0204e90a (SleighInstructionPrototype)  
ERROR Pcode error at 0204e978: Program does not contain referenced instruction: 0204e97c (SleighInstructionPrototype)  
ERROR Pcode error at 0204eac6: Program does not contain referenced instruction: 0204eac8 (SleighInstructionPrototype)  
ERROR Pcode error at 0204ead0: Delay Slot recursion problem for Instruction at 0204ead2 (SleighInstructionPrototype)  
ERROR Pcode error at 0204ead2: Could not find cached delayslot parser context (SleighInstructionPrototype)  
ERROR Pcode error at 0204eaf0: Program does not contain referenced instruction: 0204eaf4 (SleighInstructionPrototype)  
ERROR Pcode error at 0204ebb6: Could not find cached delayslot parser context (SleighInstructionPrototype)  
ERROR Pcode error at 0204ebda: Program does not contain referenced instruction: 0204ebde (SleighInstructionPrototype)  
ERROR Pcode error at 0204ed1a: Program does not contain referenced instruction: 0204ed1c (SleighInstructionPrototype)  
ERROR Pcode error at 0204edda: Program does not contain referenced instruction: 0204eddc (SleighInstructionPrototype)  
ERROR Pcode error at 0204ee26: Could not find cached delayslot parser context (SleighInstructionPrototype)  
ERROR Pcode error at 0204eeca: Program does not contain referenced instruction: 0204eecc (SleighInstructionPrototype)  
ERROR Pcode error at 0204eed2: Could not find cached delayslot parser context (SleighInstructionPrototype)  
ERROR Pcode error at 0204ef04: Program does not contain referenced instruction: 0204ef06 (SleighInstructionPrototype)  
ERROR Pcode error at 0204f178: Program does not contain referenced instruction: 0204f17c (SleighInstructionPrototype)  
ERROR Pcode error at 0204f190: Could not find cached delayslot parser context (SleighInstructionPrototype)  
ERROR Pcode error at 0204f3c6: Program does not contain referenced instruction: 0204f3ca (SleighInstructionPrototype)  
ERROR Pcode error at 0204f2c4: Program does not contain referenced instruction: 0204f2c6 (SleighInstructionPrototype)  
ERROR Pcode error at 0204f30a: Could not find cached delayslot parser context (SleighInstructionPrototype)  
ERROR Pcode error at 0204f40c: Program does not contain referenced instruction: 0204f40e (SleighInstructionPrototype)  
ERROR Pcode error at 0204f428: Program does not contain referenced instruction: 0204f42a (SleighInstructionPrototype)  
ERROR Pcode error at 0204f440: Program does not contain referenced instruction: 0204f444 (SleighInstructionPrototype)  
ERROR Pcode error at 0204f76a: Program does not contain referenced instruction: 0204f76c (SleighInstructionPrototype)  
ERROR Pcode error at 0204f84a: Could not find cached delayslot parser context (SleighInstructionPrototype)  
ERROR Pcode error at 0204f852: Program does not contain referenced instruction: 0204f854 (SleighInstructionPrototype)  
ERROR Pcode error at 0204f930: Program does not contain referenced instruction: 0204f934 (SleighInstructionPrototype)  
ERROR Pcode error at 0204f93e: Could not find cached delayslot parser context (SleighInstructionPrototype)  
ERROR Pcode error at 0204fc44: Could not find cached delayslot parser context (SleighInstructionPrototype)  
ERROR Pcode error at 020519c2: Program does not contain referenced instruction: 020519c4 (SleighInstructionPrototype)  
ERROR Pcode error at 0204ffc4: Could not find cached delayslot parser context (SleighInstructionPrototype)  
ERROR Pcode error at 02054ce2: Program does not contain referenced instruction: 02054ce4 (SleighInstructionPrototype)  
ERROR Pcode error at 0204ff66: Could not find cached delayslot parser context (SleighInstructionPrototype)  
ERROR Pcode error at 0204ff9e: Could not find cached delayslot parser context (SleighInstructionPrototype)  
ERROR Pcode error at 0205012e: Could not find cached delayslot parser context (SleighInstructionPrototype)  
ERROR Pcode error at 02050508: Program does not contain referenced instruction: 0205050a (SleighInstructionPrototype)  
ERROR Pcode error at 02050518: Program does not contain referenced instruction: 0205051a (SleighInstructionPrototype)  
ERROR Pcode error at 02050548: Program does not contain referenced instruction: 0205054a (SleighInstructionPrototype)  
ERROR Pcode error at 02050570: Program does not contain referenced instruction: 02050572 (SleighInstructionPrototype)  
ERROR Pcode error at 020505a2: Program does not contain referenced instruction: 020505a4 (SleighInstructionPrototype)  
ERROR Pcode error at 020505c2: Program does not contain referenced instruction: 020505c4 (SleighInstructionPrototype)  
ERROR Pcode error at 020505f2: Program does not contain referenced instruction: 020505f4 (SleighInstructionPrototype)  
ERROR Pcode error at 020505fc: Program does not contain referenced instruction: 020505fe (SleighInstructionPrototype)  
ERROR Pcode error at 02050638: Program does not contain referenced instruction: 0205063a (SleighInstructionPrototype)  
ERROR Pcode error at 02050654: Program does not contain referenced instruction: 02050656 (SleighInstructionPrototype)  
ERROR Pcode error at 0205066e: Program does not contain referenced instruction: 02050670 (SleighInstructionPrototype)  
ERROR Pcode error at 02050698: Program does not contain referenced instruction: 0205069a (SleighInstructionPrototype)  
ERROR Pcode error at 0205069e: Program does not contain referenced instruction: 020506a0 (SleighInstructionPrototype)  
ERROR Pcode error at 020506c4: Program does not contain referenced instruction: 020506c6 (SleighInstructionPrototype)  
ERROR Pcode error at 02050714: Program does not contain referenced instruction: 02050718 (SleighInstructionPrototype)  
ERROR Pcode error at 02050728: Program does not contain referenced instruction: 0205072a (SleighInstructionPrototype)  
ERROR Pcode error at 02050732: Program does not contain referenced instruction: 02050736 (SleighInstructionPrototype)  
ERROR Pcode error at 020507f4: Program does not contain referenced instruction: 020507f6 (SleighInstructionPrototype)  
ERROR Pcode error at 0205085a: Program does not contain referenced instruction: 0205085e (SleighInstructionPrototype)  
ERROR Pcode error at 0205089c: Program does not contain referenced instruction: 0205089e (SleighInstructionPrototype)  
ERROR Pcode error at 020509dc: Could not find cached delayslot parser context (SleighInstructionPrototype)  
ERROR Pcode error at 02050a36: Program does not contain referenced instruction: 02050a38 (SleighInstructionPrototype)  
ERROR Pcode error at 02050a76: Program does not contain referenced instruction: 02050a78 (SleighInstructionPrototype)  
ERROR Pcode error at 02050b84: Program does not contain referenced instruction: 02050b86 (SleighInstructionPrototype)  
ERROR Pcode error at 02050bee: Delay Slot recursion problem for Instruction at 02050bf2 (SleighInstructionPrototype)  
ERROR Pcode error at 02050bf2: Could not find cached delayslot parser context (SleighInstructionPrototype)  
ERROR Pcode error at 02050c60: Program does not contain referenced instruction: 02050c62 (SleighInstructionPrototype)  
ERROR Pcode error at 02050dc6: Program does not contain referenced instruction: 02050dc8 (SleighInstructionPrototype)  
ERROR Pcode error at 02050f84: Program does not contain referenced instruction: 02050f86 (SleighInstructionPrototype)  
ERROR Pcode error at 0205105c: Program does not contain referenced instruction: 0205105e (SleighInstructionPrototype)  
ERROR Pcode error at 020510ce: Program does not contain referenced instruction: 020510d0 (SleighInstructionPrototype)  
ERROR Pcode error at 020511c6: Program does not contain referenced instruction: 020511c8 (SleighInstructionPrototype)  
ERROR Pcode error at 020513d0: Program does not contain referenced instruction: 020513d4 (SleighInstructionPrototype)  
ERROR Pcode error at 02051566: Program does not contain referenced instruction: 0205156a (SleighInstructionPrototype)  
ERROR Pcode error at 02051572: Program does not contain referenced instruction: 02051574 (SleighInstructionPrototype)  
ERROR Pcode error at 02051652: Program does not contain referenced instruction: 02051654 (SleighInstructionPrototype)  
ERROR Pcode error at 0205166c: Program does not contain referenced instruction: 0205166e (SleighInstructionPrototype)  
ERROR Pcode error at 02051768: Program does not contain referenced instruction: 0205176a (SleighInstructionPrototype)  
ERROR Pcode error at 020519de: Program does not contain referenced instruction: 020519e2 (SleighInstructionPrototype)  
ERROR Pcode error at 02051c06: Program does not contain referenced instruction: 02051c08 (SleighInstructionPrototype)  
ERROR Pcode error at 02051c1c: Program does not contain referenced instruction: 02051c1e (SleighInstructionPrototype)  
ERROR Pcode error at 02051c7e: Program does not contain referenced instruction: 02051c80 (SleighInstructionPrototype)  
ERROR Pcode error at 02051cd0: Could not find cached delayslot parser context (SleighInstructionPrototype)  
ERROR Pcode error at 02051d52: Program does not contain referenced instruction: 02051d54 (SleighInstructionPrototype)  
ERROR Pcode error at 02051d76: Program does not contain referenced instruction: 02051d7a (SleighInstructionPrototype)  
ERROR Pcode error at 02051d84: Could not find cached delayslot parser context (SleighInstructionPrototype)  
ERROR Pcode error at 02051dfc: Program does not contain referenced instruction: 02051dfe (SleighInstructionPrototype)  
ERROR Pcode error at 02051f72: Program does not contain referenced instruction: 02051f74 (SleighInstructionPrototype)  
ERROR Pcode error at 02051f88: Could not find cached delayslot parser context (SleighInstructionPrototype)  
ERROR Pcode error at 02052118: Program does not contain referenced instruction: 0205211a (SleighInstructionPrototype)  
ERROR Pcode error at 02052188: Program does not contain referenced instruction: 0205218a (SleighInstructionPrototype)  
ERROR Pcode error at 020521a4: Could not find cached delayslot parser context (SleighInstructionPrototype)  
ERROR Pcode error at 02052212: Program does not contain referenced instruction: 02052214 (SleighInstructionPrototype)  
ERROR Pcode error at 0205222e: Could not find cached delayslot parser context (SleighInstructionPrototype)  
ERROR Pcode error at 020522a2: Program does not contain referenced instruction: 020522a4 (SleighInstructionPrototype)  
ERROR Pcode error at 020522f4: Could not find cached delayslot parser context (SleighInstructionPrototype)  
ERROR Pcode error at 02052330: Program does not contain referenced instruction: 02052332 (SleighInstructionPrototype)  
ERROR Pcode error at 02052504: Program does not contain referenced instruction: 02052506 (SleighInstructionPrototype)  
ERROR Pcode error at 02052582: Program does not contain referenced instruction: 02052584 (SleighInstructionPrototype)  
ERROR Pcode error at 0205259e: Could not find cached delayslot parser context (SleighInstructionPrototype)  
ERROR Pcode error at 020525e0: Program does not contain referenced instruction: 020525e2 (SleighInstructionPrototype)  
ERROR Pcode error at 0205269c: Program does not contain referenced instruction: 0205269e (SleighInstructionPrototype)  
ERROR Pcode error at 0205275a: Program does not contain referenced instruction: 0205275c (SleighInstructionPrototype)  
ERROR Pcode error at 0205277c: Could not find cached delayslot parser context (SleighInstructionPrototype)  
ERROR Pcode error at 020527f4: Program does not contain referenced instruction: 020527f8 (SleighInstructionPrototype)  
ERROR Pcode error at 02052848: Program does not contain referenced instruction: 0205284a (SleighInstructionPrototype)  
ERROR Pcode error at 0205286e: Program does not contain referenced instruction: 02052870 (SleighInstructionPrototype)  
ERROR Pcode error at 020528d0: Could not find cached delayslot parser context (SleighInstructionPrototype)  
ERROR Pcode error at 0205295c: Program does not contain referenced instruction: 0205295e (SleighInstructionPrototype)  
ERROR Pcode error at 0205298a: Could not find cached delayslot parser context (SleighInstructionPrototype)  
ERROR Pcode error at 02052b64: Program does not contain referenced instruction: 02052b66 (SleighInstructionPrototype)  
ERROR Pcode error at 02052bd6: Program does not contain referenced instruction: 02052bd8 (SleighInstructionPrototype)  
ERROR Pcode error at 02052be0: Program does not contain referenced instruction: 02052be4 (SleighInstructionPrototype)  
ERROR Pcode error at 020530a2: Could not find cached delayslot parser context (SleighInstructionPrototype)  
ERROR Pcode error at 02052ece: Could not find cached delayslot parser context (SleighInstructionPrototype)  
ERROR Pcode error at 02052f38: Program does not contain referenced instruction: 02052f3a (SleighInstructionPrototype)  
ERROR Pcode error at 02052f4a: Program does not contain referenced instruction: 02052f4c (SleighInstructionPrototype)  
ERROR Pcode error at 02052f50: Could not find cached delayslot parser context (SleighInstructionPrototype)  
ERROR Pcode error at 02052fe8: Program does not contain referenced instruction: 02052fea (SleighInstructionPrototype)  
ERROR Pcode error at 02052ff2: Program does not contain referenced instruction: 02052ff6 (SleighInstructionPrototype)  
ERROR Pcode error at 02053042: Program does not contain referenced instruction: 02053044 (SleighInstructionPrototype)  
ERROR Pcode error at 02053154: Could not find cached delayslot parser context (SleighInstructionPrototype)  
ERROR Pcode error at 02053364: Program does not contain referenced instruction: 02053366 (SleighInstructionPrototype)  
ERROR Pcode error at 02053360: Could not find cached delayslot parser context (SleighInstructionPrototype)  
ERROR Pcode error at 02053476: Could not find cached delayslot parser context (SleighInstructionPrototype)  
ERROR Pcode error at 02053518: Could not find cached delayslot parser context (SleighInstructionPrototype)  
ERROR Pcode error at 02053520: Program does not contain referenced instruction: 02053522 (SleighInstructionPrototype)  
ERROR Pcode error at 0205d738: Program does not contain referenced instruction: 0205d73a (SleighInstructionPrototype)  
ERROR Pcode error at 020538b8: Program does not contain referenced instruction: 020538ba (SleighInstructionPrototype)  
ERROR Pcode error at 02053984: Program does not contain referenced instruction: 02053986 (SleighInstructionPrototype)  
ERROR Pcode error at 020539ec: Could not find cached delayslot parser context (SleighInstructionPrototype)  
ERROR Pcode error at 02053a70: Could not find cached delayslot parser context (SleighInstructionPrototype)  
ERROR Pcode error at 02053ac0: Program does not contain referenced instruction: 02053ac2 (SleighInstructionPrototype)  
ERROR Pcode error at 02053b52: Program does not contain referenced instruction: 02053b54 (SleighInstructionPrototype)  
ERROR Pcode error at 02053b76: Program does not contain referenced instruction: 02053b78 (SleighInstructionPrototype)  
ERROR Pcode error at 02053cd6: Could not find cached delayslot parser context (SleighInstructionPrototype)  
ERROR Pcode error at 02053d4c: Program does not contain referenced instruction: 02053d4e (SleighInstructionPrototype)  
ERROR Pcode error at 02053dd8: Program does not contain referenced instruction: 02053dda (SleighInstructionPrototype)  
ERROR Pcode error at 02053f74: Program does not contain referenced instruction: 02053f76 (SleighInstructionPrototype)  
ERROR Pcode error at 02053f7e: Could not find cached delayslot parser context (SleighInstructionPrototype)  
ERROR Pcode error at 02054096: Program does not contain referenced instruction: 02054098 (SleighInstructionPrototype)  
ERROR Pcode error at 02054060: Program does not contain referenced instruction: 02054064 (SleighInstructionPrototype)  
ERROR Pcode error at 0205416a: Program does not contain referenced instruction: 0205416c (SleighInstructionPrototype)  
ERROR Pcode error at 020541de: Program does not contain referenced instruction: 020541e0 (SleighInstructionPrototype)  
ERROR Pcode error at 02054266: Program does not contain referenced instruction: 02054268 (SleighInstructionPrototype)  
ERROR Pcode error at 0205427c: Could not find cached delayslot parser context (SleighInstructionPrototype)  
ERROR Pcode error at 02054638: Program does not contain referenced instruction: 0205463c (SleighInstructionPrototype)  
ERROR Pcode error at 02054640: Program does not contain referenced instruction: 02054642 (SleighInstructionPrototype)  
ERROR Pcode error at 020546ee: Program does not contain referenced instruction: 020546f2 (SleighInstructionPrototype)  
ERROR Pcode error at 02057754: Program does not contain referenced instruction: 02057756 (SleighInstructionPrototype)  
ERROR Pcode error at 020547a2: Program does not contain referenced instruction: 020547a4 (SleighInstructionPrototype)  
ERROR Pcode error at 0205485c: Program does not contain referenced instruction: 02054860 (SleighInstructionPrototype)  
ERROR Pcode error at 02054930: Program does not contain referenced instruction: 02054934 (SleighInstructionPrototype)  
ERROR Pcode error at 02054a2e: Program does not contain referenced instruction: 02054a30 (SleighInstructionPrototype)  
ERROR Pcode error at 02054a4a: Program does not contain referenced instruction: 02054a4c (SleighInstructionPrototype)  
ERROR Pcode error at 02054ae6: Program does not contain referenced instruction: 02054ae8 (SleighInstructionPrototype)  
ERROR Pcode error at 02054be8: Could not find cached delayslot parser context (SleighInstructionPrototype)  
ERROR Pcode error at 02054c3a: Program does not contain referenced instruction: 02054c3e (SleighInstructionPrototype)  
ERROR Pcode error at 02054c46: Program does not contain referenced instruction: 02054c48 (SleighInstructionPrototype)  
ERROR Pcode error at 02054d10: Program does not contain referenced instruction: 02054d12 (SleighInstructionPrototype)  
ERROR Pcode error at 02054d98: Could not find cached delayslot parser context (SleighInstructionPrototype)  
ERROR Pcode error at 02054db2: Program does not contain referenced instruction: 02054db4 (SleighInstructionPrototype)  
ERROR Pcode error at 02054e80: Program does not contain referenced instruction: 02054e84 (SleighInstructionPrototype)  
ERROR Pcode error at 02054e88: Could not find cached delayslot parser context (SleighInstructionPrototype)  
ERROR Pcode error at 02054ecc: Could not find cached delayslot parser context (SleighInstructionPrototype)  
ERROR Pcode error at 02054fb6: Program does not contain referenced instruction: 02054fba (SleighInstructionPrototype)  
ERROR Pcode error at 02054ff8: Program does not contain referenced instruction: 02054ffa (SleighInstructionPrototype)  
ERROR Pcode error at 02055d9e: Program does not contain referenced instruction: 02055da0 (SleighInstructionPrototype)  
ERROR Pcode error at 0205522e: Program does not contain referenced instruction: 02055232 (SleighInstructionPrototype)  
ERROR Pcode error at 0205523c: Could not find cached delayslot parser context (SleighInstructionPrototype)  
ERROR Pcode error at 0205545c: Program does not contain referenced instruction: 0205545e (SleighInstructionPrototype)  
ERROR Pcode error at 0205551a: Could not find cached delayslot parser context (SleighInstructionPrototype)  
ERROR Pcode error at 0205556c: Could not find cached delayslot parser context (SleighInstructionPrototype)  
ERROR Pcode error at 0205595a: Could not find cached delayslot parser context (SleighInstructionPrototype)  
ERROR Pcode error at 020559e2: Could not find cached delayslot parser context (SleighInstructionPrototype)  
ERROR Pcode error at 02055b4c: Program does not contain referenced instruction: 02055b4e (SleighInstructionPrototype)  
ERROR Pcode error at 02055b5e: Program does not contain referenced instruction: 02055b60 (SleighInstructionPrototype)  
ERROR Pcode error at 02055b62: Program does not contain referenced instruction: 02055b64 (SleighInstructionPrototype)  
ERROR Pcode error at 02055b70: Program does not contain referenced instruction: 02055b72 (SleighInstructionPrototype)  
ERROR Pcode error at 02055b7a: Program does not contain referenced instruction: 02055b7c (SleighInstructionPrototype)  
ERROR Pcode error at 02055d7a: Delay Slot recursion problem for Instruction at 02055d7c (SleighInstructionPrototype)  
ERROR Pcode error at 02055bb0: Program does not contain referenced instruction: 02055bb4 (SleighInstructionPrototype)  
ERROR Pcode error at 02055bb8: Program does not contain referenced instruction: 02055bba (SleighInstructionPrototype)  
ERROR Pcode error at 02055bd4: Program does not contain referenced instruction: 02055bd8 (SleighInstructionPrototype)  
ERROR Pcode error at 02055bde: Program does not contain referenced instruction: 02055be0 (SleighInstructionPrototype)  
ERROR Pcode error at 02055bee: Program does not contain referenced instruction: 02055bf0 (SleighInstructionPrototype)  
ERROR Pcode error at 02055bfc: Program does not contain referenced instruction: 02055bfe (SleighInstructionPrototype)  
ERROR Pcode error at 02055c00: Program does not contain referenced instruction: 02055c02 (SleighInstructionPrototype)  
ERROR Pcode error at 02055c04: Program does not contain referenced instruction: 02055c06 (SleighInstructionPrototype)  
ERROR Pcode error at 02055c0c: Program does not contain referenced instruction: 02055c0e (SleighInstructionPrototype)  
ERROR Pcode error at 02055c16: Program does not contain referenced instruction: 02055c18 (SleighInstructionPrototype)  
ERROR Pcode error at 02055c22: Program does not contain referenced instruction: 02055c24 (SleighInstructionPrototype)  
ERROR Pcode error at 02055c5c: Program does not contain referenced instruction: 02055c5e (SleighInstructionPrototype)  
ERROR Pcode error at 02055cac: Program does not contain referenced instruction: 02055cb0 (SleighInstructionPrototype)  
ERROR Pcode error at 02055cb8: Program does not contain referenced instruction: 02055cba (SleighInstructionPrototype)  
ERROR Pcode error at 02055cda: Program does not contain referenced instruction: 02055cdc (SleighInstructionPrototype)  
ERROR Pcode error at 02055ce4: Program does not contain referenced instruction: 02055ce6 (SleighInstructionPrototype)  
ERROR Pcode error at 02055cf6: Program does not contain referenced instruction: 02055cf8 (SleighInstructionPrototype)  
ERROR Pcode error at 02055d58: Program does not contain referenced instruction: 02055d5a (SleighInstructionPrototype)  
ERROR Pcode error at 02055d64: Program does not contain referenced instruction: 02055d66 (SleighInstructionPrototype)  
ERROR Pcode error at 02055d90: Program does not contain referenced instruction: 02055d92 (SleighInstructionPrototype)  
ERROR Pcode error at 02055de2: Program does not contain referenced instruction: 02055de4 (SleighInstructionPrototype)  
ERROR Pcode error at 02055dfe: Program does not contain referenced instruction: 02055e00 (SleighInstructionPrototype)  
ERROR Pcode error at 02055e04: Program does not contain referenced instruction: 02055e06 (SleighInstructionPrototype)  
ERROR Pcode error at 02055e1a: Could not find cached delayslot parser context (SleighInstructionPrototype)  
ERROR Pcode error at 02055e52: Delay Slot recursion problem for Instruction at 02055e54 (SleighInstructionPrototype)  
ERROR Pcode error at 02055ea4: Program does not contain referenced instruction: 02055ea8 (SleighInstructionPrototype)  
ERROR Pcode error at 02055eaa: Could not find cached delayslot parser context (SleighInstructionPrototype)  
ERROR Pcode error at 02055f4c: Program does not contain referenced instruction: 02055f4e (SleighInstructionPrototype)  
ERROR Pcode error at 02055f6e: Delay Slot recursion problem for Instruction at 02055f70 (SleighInstructionPrototype)  
ERROR Pcode error at 02055f82: Could not find cached delayslot parser context (SleighInstructionPrototype)  
ERROR Pcode error at 02055f9c: Could not find cached delayslot parser context (SleighInstructionPrototype)  
ERROR Pcode error at 02055faa: Delay Slot recursion problem for Instruction at 02055fac (SleighInstructionPrototype)  
ERROR Pcode error at 02055fac: Could not find cached delayslot parser context (SleighInstructionPrototype)  
ERROR Pcode error at 02055fd4: Delay Slot recursion problem for Instruction at 02055fd6 (SleighInstructionPrototype)  
ERROR Pcode error at 02055fd6: Delay Slot recursion problem for Instruction at 02055fd8 (SleighInstructionPrototype)  
ERROR Pcode error at 02055fd8: Could not find cached delayslot parser context (SleighInstructionPrototype)  
ERROR Pcode error at 02055fc0: Program does not contain referenced instruction: 02055fc2 (SleighInstructionPrototype)  
ERROR Pcode error at 02055fce: Delay Slot recursion problem for Instruction at 02055fd0 (SleighInstructionPrototype)  
ERROR Pcode error at 02055fd0: Delay Slot recursion problem for Instruction at 02055fd2 (SleighInstructionPrototype)  
ERROR Pcode error at 02055fd2: Delay Slot recursion problem for Instruction at 02055fd4 (SleighInstructionPrototype)  
ERROR Pcode error at 0205603e: Could not find cached delayslot parser context (SleighInstructionPrototype)  
ERROR Pcode error at 02056044: Program does not contain referenced instruction: 02056046 (SleighInstructionPrototype)  
ERROR Pcode error at 0205606a: Could not find cached delayslot parser context (SleighInstructionPrototype)  
ERROR Pcode error at 02056070: Program does not contain referenced instruction: 02056072 (SleighInstructionPrototype)  
ERROR Pcode error at 020560ac: Program does not contain referenced instruction: 020560ae (SleighInstructionPrototype)  
ERROR Pcode error at 020560b4: Delay Slot recursion problem for Instruction at 020560b6 (SleighInstructionPrototype)  
ERROR Pcode error at 020560b6: Program does not contain referenced instruction: 020560b8 (SleighInstructionPrototype)  
ERROR Pcode error at 020560bc: Program does not contain referenced instruction: 020560be (SleighInstructionPrototype)  
ERROR Pcode error at 02056108: Program does not contain referenced instruction: 0205610c (SleighInstructionPrototype)  
ERROR Pcode error at 02056112: Program does not contain referenced instruction: 02056114 (SleighInstructionPrototype)  
ERROR Pcode error at 0205612c: Program does not contain referenced instruction: 0205612e (SleighInstructionPrototype)  
ERROR Pcode error at 0205615c: Program does not contain referenced instruction: 0205615e (SleighInstructionPrototype)  
ERROR Pcode error at 02056148: Delay Slot recursion problem for Instruction at 0205614a (SleighInstructionPrototype)  
ERROR Pcode error at 0205618e: Could not find cached delayslot parser context (SleighInstructionPrototype)  
ERROR Pcode error at 02056198: Program does not contain referenced instruction: 0205619a (SleighInstructionPrototype)  
ERROR Pcode error at 020561bc: Delay Slot recursion problem for Instruction at 020561be (SleighInstructionPrototype)  
ERROR Pcode error at 020561c6: Delay Slot recursion problem for Instruction at 020561c8 (SleighInstructionPrototype)  
ERROR Pcode error at 020561c8: Program does not contain referenced instruction: 020561ca (SleighInstructionPrototype)  
ERROR Pcode error at 020561d8: Program does not contain referenced instruction: 020561dc (SleighInstructionPrototype)  
ERROR Pcode error at 020561f0: Delay Slot recursion problem for Instruction at 020561f2 (SleighInstructionPrototype)  
ERROR Pcode error at 020561f2: Program does not contain referenced instruction: 020561f4 (SleighInstructionPrototype)  
ERROR Pcode error at 020561f6: Program does not contain referenced instruction: 020561f8 (SleighInstructionPrototype)  
ERROR Pcode error at 02056270: Program does not contain referenced instruction: 02056272 (SleighInstructionPrototype)  
ERROR Pcode error at 02056278: Could not find cached delayslot parser context (SleighInstructionPrototype)  
ERROR Pcode error at 02056282: Delay Slot recursion problem for Instruction at 02056284 (SleighInstructionPrototype)  
ERROR Pcode error at 02056284: Program does not contain referenced instruction: 02056286 (SleighInstructionPrototype)  
ERROR Pcode error at 02056292: Program does not contain referenced instruction: 02056294 (SleighInstructionPrototype)  
ERROR Pcode error at 020562aa: Could not find cached delayslot parser context (SleighInstructionPrototype)  
ERROR Pcode error at 020562ea: Program does not contain referenced instruction: 020562ec (SleighInstructionPrototype)  
ERROR Pcode error at 020562f4: Delay Slot recursion problem for Instruction at 020562f6 (SleighInstructionPrototype)  
ERROR Pcode error at 020562f6: Delay Slot recursion problem for Instruction at 020562f8 (SleighInstructionPrototype)  
ERROR Pcode error at 02056310: Program does not contain referenced instruction: 02056314 (SleighInstructionPrototype)  
ERROR Pcode error at 0205631e: Program does not contain referenced instruction: 02056322 (SleighInstructionPrototype)  
ERROR Pcode error at 02056e3a: Program does not contain referenced instruction: 02056e3c (SleighInstructionPrototype)  
ERROR Pcode error at 02056850: Could not find cached delayslot parser context (SleighInstructionPrototype)  
ERROR Pcode error at 0205642a: Could not find cached delayslot parser context (SleighInstructionPrototype)  
ERROR Pcode error at 0205816a: Could not find cached delayslot parser context (SleighInstructionPrototype)  
ERROR Pcode error at 02056540: Could not find cached delayslot parser context (SleighInstructionPrototype)  
ERROR Pcode error at 02056794: Program does not contain referenced instruction: 02056796 (SleighInstructionPrototype)  
ERROR Pcode error at 020567d0: Program does not contain referenced instruction: 020567d2 (SleighInstructionPrototype)  
ERROR Pcode error at 020567da: Program does not contain referenced instruction: 020567dc (SleighInstructionPrototype)  
ERROR Pcode error at 02056a62: Could not find cached delayslot parser context (SleighInstructionPrototype)  
ERROR Pcode error at 02056c78: Program does not contain referenced instruction: 02056c7a (SleighInstructionPrototype)  
ERROR Pcode error at 02056e70: Could not find cached delayslot parser context (SleighInstructionPrototype)  
ERROR Pcode error at 02057664: Program does not contain referenced instruction: 02057666 (SleighInstructionPrototype)  
ERROR Pcode error at 020576b4: Program does not contain referenced instruction: 020576b6 (SleighInstructionPrototype)  
ERROR Pcode error at 0205771c: Program does not contain referenced instruction: 0205771e (SleighInstructionPrototype)  
ERROR Pcode error at 02057d0a: Program does not contain referenced instruction: 02057d0e (SleighInstructionPrototype)  
INFO  V16DecoderAnalysis.java> SWEEP attempted=18133 accepted=18133 (GhidraScript)  
ERROR Pcode error at 02013ea0: Program does not contain referenced instruction: 02013ea2 (SleighInstructionPrototype)  
ERROR Pcode error at 020140cc: Program does not contain referenced instruction: 020140ce (SleighInstructionPrototype)  
ERROR Pcode error at 020141e6: Program does not contain referenced instruction: 020141e8 (SleighInstructionPrototype)  
ERROR Pcode error at 02055f4c: Program does not contain referenced instruction: 02055f4e (SleighInstructionPrototype)  
ERROR Pcode error at 02055faa: Delay Slot recursion problem for Instruction at 02055fac (SleighInstructionPrototype)  
ERROR Pcode error at 0205612c: Program does not contain referenced instruction: 0205612e (SleighInstructionPrototype)  
ERROR Pcode error at 020561f6: Program does not contain referenced instruction: 020561f8 (SleighInstructionPrototype)  
ERROR Pcode error at 0205771c: Program does not contain referenced instruction: 0205771e (SleighInstructionPrototype)  
ERROR Pcode error at 02055faa: Delay Slot recursion problem for Instruction at 02055fac (SleighInstructionPrototype)  
ERROR Pcode error at 02055f4c: Program does not contain referenced instruction: 02055f4e (SleighInstructionPrototype)  
ERROR Pcode error at 0205612c: Program does not contain referenced instruction: 0205612e (SleighInstructionPrototype)  
ERROR Pcode error at 020561f6: Program does not contain referenced instruction: 020561f8 (SleighInstructionPrototype)  
ERROR Pcode error at 0205771c: Program does not contain referenced instruction: 0205771e (SleighInstructionPrototype)  
WARN  Decompiling 0202cbe4, pcode error at 02040f26: Unable to resolve constructor at 02040f26 (DecompileCallback)  
WARN  Decompiling 0202cbe4, pcode error at 0202f924: Unable to resolve constructor at 0202f924 (DecompileCallback)  
WARN  Decompiling 0202cbe4, pcode error at 020311f2: Unable to resolve constructor at 020311f2 (DecompileCallback)  
WARN  Decompiling 0202cbe4, pcode error at 0204a952: Unable to resolve constructor at 0204a952 (DecompileCallback)  
WARN  Decompiling 0202cbe4, pcode error at 0204bd88: Unable to resolve constructor at 0204bd88 (DecompileCallback)  
WARN  Decompiling 0202cbe4, pcode error at 0202fa84: Unable to resolve constructor at 0202fa84 (DecompileCallback)  
WARN  Decompiling 0202cbe4, pcode error at 0204aa36: Unable to resolve constructor at 0204aa36 (DecompileCallback)  
WARN  Decompiling 0202cbe4, pcode error at 0204aa2a: Unable to resolve constructor at 0204aa2a (DecompileCallback)  
WARN  Decompiling 0202cbe4, pcode error at 0204ae86: Unable to resolve constructor at 0204ae86 (DecompileCallback)  
WARN  Decompiling 0202cbe4, pcode error at 020341fe: Unable to resolve constructor at 020341fe (DecompileCallback)  
WARN  Decompiling 0202cbe4, pcode error at 0204bc9c: Unable to resolve constructor at 0204bc9c (DecompileCallback)  
WARN  Decompiling 0202cbe4, pcode error at 0202cd52: Unable to resolve constructor at 0202cd52 (DecompileCallback)  
WARN  Decompiling 0202cbe4, pcode error at 0204a642: Unable to resolve constructor at 0204a642 (DecompileCallback)  
WARN  Decompiling 0202cbe4, pcode error at 02039c38: Unable to resolve constructor at 02039c38 (DecompileCallback)  
WARN  Decompiling 0202cbe4, pcode error at 0204c484: Unable to resolve constructor at 0204c484 (DecompileCallback)  
WARN  Decompiling 0202cbe4, pcode error at 0203ecee: Unable to resolve constructor at 0203ecee (DecompileCallback)  
WARN  Decompiling 0202cbe4, pcode error at 020358d0: Unable to resolve constructor at 020358d0 (DecompileCallback)  
WARN  Decompiling 0202cbe4, pcode error at 0202f9a8: Unable to resolve constructor at 0202f9a8 (DecompileCallback)  
ERROR Pcode error at 02048fc6: Delay Slot recursion problem for Instruction at 02048fc8 (SleighInstructionPrototype)  
WARN  Decompiling 0202cbe4, pcode error at 0204afca: Unable to resolve constructor at 0204afca (DecompileCallback)  
WARN  Decompiling 0202cbe4, pcode error at 02042e48: Unable to resolve constructor at 02042e48 (DecompileCallback)  
WARN  Decompiling 0202cbe4, pcode error at 02041e58: Unable to resolve constructor at 02041e58 (DecompileCallback)  
WARN  Decompiling 0202cbe4, pcode error at 0203ec94: Unable to resolve constructor at 0203ec94 (DecompileCallback)  
WARN  Decompiling 0202cbe4, pcode error at 0204aeb0: Unable to resolve constructor at 0204aeb0 (DecompileCallback)  
WARN  Decompiling 0202cbe4, pcode error at 02040d10: Unable to resolve constructor at 02040d10 (DecompileCallback)  
WARN  Decompiling 0202cbe4, pcode error at 02035716: Unable to resolve constructor at 02035716 (DecompileCallback)  
WARN  Decompiling 0202cbe4, pcode error at 0204afda: Unable to resolve constructor at 0204afda (DecompileCallback)  
WARN  Decompiling 0202cbe4, pcode error at 0202ed2c: Unable to resolve constructor at 0202ed2c (DecompileCallback)  
WARN  Decompiling 0202cbe4, pcode error at 0202e956: Unable to resolve constructor at 0202e956 (DecompileCallback)  
WARN  Decompiling 0202cbe4, pcode error at 0202d4ee: Unable to resolve constructor at 0202d4ee (DecompileCallback)  
WARN  Decompiling 0202cbe4, pcode error at 0204bc8a: Unable to resolve constructor at 0204bc8a (DecompileCallback)  
WARN  Decompiling 0202cbe4, pcode error at 0202cd8e: Unable to resolve constructor at 0202cd8e (DecompileCallback)  
WARN  Decompiling 0202cbe4, pcode error at 0204bc84: Unable to resolve constructor at 0204bc84 (DecompileCallback)  
WARN  Decompiling 0202cbe4, pcode error at 0204cb8e: Unable to resolve constructor at 0204cb8e (DecompileCallback)  
WARN  Decompiling 0202cbe4, pcode error at 0204c582: Unable to resolve constructor at 0204c582 (DecompileCallback)  
WARN  Decompiling 0202cbe4, pcode error at 0204cb82: Unable to resolve constructor at 0204cb82 (DecompileCallback)  
WARN  Decompiling 0202cbe4, pcode error at 0204cd7c: Unable to resolve constructor at 0204cd7c (DecompileCallback)  
ERROR Pcode error at 0204ae84: Could not find cached delayslot parser context (SleighInstructionPrototype)  
WARN  Decompiling 0202cbe4, pcode error at 02034c78: Unable to resolve constructor at 02034c78 (DecompileCallback)  
WARN  Decompiling 0202cbe4, pcode error at 0202fd06: Unable to resolve constructor at 0202fd06 (DecompileCallback)  
WARN  Decompiling 0202cbe4, pcode error at 0202cc90: Unable to resolve constructor at 0202cc90 (DecompileCallback)  
WARN  Decompiling 0202cbe4, pcode error at 0204a286: Unable to resolve constructor at 0204a286 (DecompileCallback)  
WARN  Decompiling 0202cbe4, pcode error at 0202cc86: Unable to resolve constructor at 0202cc86 (DecompileCallback)  
WARN  Decompiling 0202cbe4, pcode error at 02045ef8: Unable to resolve constructor at 02045ef8 (DecompileCallback)  
WARN  Decompiling 0202cbe4, pcode error at 020494fa: Unable to resolve constructor at 020494fa (DecompileCallback)  
WARN  Decompiling 0202cbe4, pcode error at 020305e4: Unable to resolve constructor at 020305e4 (DecompileCallback)  
WARN  Decompiling 0202cbe4, pcode error at 0203d14c: Unable to resolve constructor at 0203d14c (DecompileCallback)  
WARN  Decompiling 0202cbe4, pcode error at 02032720: Unable to resolve constructor at 02032720 (DecompileCallback)  
ERROR Pcode error at 0202d5ae: Program does not contain referenced instruction: 0202d5b0 (SleighInstructionPrototype)  
WARN  Decompiling 0202cbe4, pcode error at 02039e76: Unable to resolve constructor at 02039e76 (DecompileCallback)  
WARN  Decompiling 0202cbe4, pcode error at 0203a978: Unable to resolve constructor at 0203a978 (DecompileCallback)  
WARN  Decompiling 0202cbe4, pcode error at 0204afc4: Unable to resolve constructor at 0204afc4 (DecompileCallback)  
WARN  Decompiling 0202cbe4, pcode error at 02035b1a: Unable to resolve constructor at 02035b1a (DecompileCallback)  
WARN  Decompiling 0202cbe4, pcode error at 0204bc86: Unable to resolve constructor at 0204bc86 (DecompileCallback)  
WARN  Decompiling 0202cbe4, pcode error at 02038c86: Unable to resolve constructor at 02038c86 (DecompileCallback)  
WARN  Decompiling 0202cbe4, pcode error at 0204ca94: Unable to resolve constructor at 0204ca94 (DecompileCallback)  
WARN  Decompiling 0203ca22, pcode error at 0203cae0: Unable to resolve constructor at 0203cae0 (DecompileCallback)  
WARN  Decompiling 0203ca22, pcode error at 0203cbcc: Unable to resolve constructor at 0203cbcc (DecompileCallback)  
WARN  Decompiling 0203ca22, pcode error at 0203cbf8: Unable to resolve constructor at 0203cbf8 (DecompileCallback)  
WARN  Decompiling 0203ca22, pcode error at 0203cc24: Unable to resolve constructor at 0203cc24 (DecompileCallback)  
WARN  Decompiling 0203ca22, pcode error at 0203cb14: Unable to resolve constructor at 0203cb14 (DecompileCallback)  
WARN  Decompiling 0203ca22, pcode error at 0203cb3e: Unable to resolve constructor at 0203cb3e (DecompileCallback)  
WARN  Decompiling 0203ca22, pcode error at 0203cc42: Unable to resolve constructor at 0203cc42 (DecompileCallback)  
WARN  Decompiling 0203ca22, pcode error at 0203cac4: Unable to resolve constructor at 0203cac4 (DecompileCallback)  
WARN  Decompiling 0203ca22, pcode error at 0203cbd8: Unable to resolve constructor at 0203cbd8 (DecompileCallback)  
WARN  Decompiling 0203ca22, pcode error at 0203cbd4: Unable to resolve constructor at 0203cbd4 (DecompileCallback)  
WARN  Decompiling 0203ca22, pcode error at 0203cbca: Unable to resolve constructor at 0203cbca (DecompileCallback)  
WARN  Decompiling 0203ca22, pcode error at 0203cbd0: Unable to resolve constructor at 0203cbd0 (DecompileCallback)  
WARN  Decompiling 0202f608, pcode error at 0202f8a0: Unable to resolve constructor at 0202f8a0 (DecompileCallback)  
WARN  Decompiling 0202cbe4, pcode error at 0202cc9a: Unable to resolve constructor at 0202cc9a (DecompileCallback)  
WARN  Decompiling 0202cbe4, pcode error at 0202cd48: Unable to resolve constructor at 0202cd48 (DecompileCallback)  
WARN  Decompiling 0202cbe4, pcode error at 0202ccd4: Unable to resolve constructor at 0202ccd4 (DecompileCallback)  
WARN  Decompiling 0202cbe4, pcode error at 0202ccc4: Unable to resolve constructor at 0202ccc4 (DecompileCallback)  
WARN  Decompiling 0202cbe4, pcode error at 0202ce26: Unable to resolve constructor at 0202ce26 (DecompileCallback)  
WARN  Decompiling 0202cbe4, pcode error at 0202cd22: Unable to resolve constructor at 0202cd22 (DecompileCallback)  
WARN  Decompiling 0202cbe4, pcode error at 0202cd28: Unable to resolve constructor at 0202cd28 (DecompileCallback)  
WARN  Decompiling 0202cbe4, pcode error at 0202cc88: Unable to resolve constructor at 0202cc88 (DecompileCallback)  
WARN  Decompiling 0202cbe4, pcode error at 0202ccd8: Unable to resolve constructor at 0202ccd8 (DecompileCallback)  
WARN  Decompiling 0202cbe4, pcode error at 0202cd64: Unable to resolve constructor at 0202cd64 (DecompileCallback)  
WARN  Decompiling 0202cbe4, pcode error at 0202ce38: Unable to resolve constructor at 0202ce38 (DecompileCallback)  
WARN  Decompiling 0202cbe4, pcode error at 0202ccac: Unable to resolve constructor at 0202ccac (DecompileCallback)  
WARN  Decompiling 0202cbe4, pcode error at 0202ce64: Unable to resolve constructor at 0202ce64 (DecompileCallback)  
WARN  Decompiling 0202cbe4, pcode error at 0202cd1e: Unable to resolve constructor at 0202cd1e (DecompileCallback)  
WARN  Decompiling 0202cbe4, pcode error at 0202cdd4: Unable to resolve constructor at 0202cdd4 (DecompileCallback)  
WARN  Decompiling 0203fad6, pcode error at 02040068: Unable to resolve constructor at 02040068 (DecompileCallback)  
WARN  Decompiling 0204c218, pcode error at 0204c22a: Unable to resolve constructor at 0204c22a (DecompileCallback)  
ERROR Pcode error at 0204c424: Could not find cached delayslot parser context (SleighInstructionPrototype)  
WARN  Decompiling 0204c218, pcode error at 0204c02a: Unable to resolve constructor at 0204c02a (DecompileCallback)  
WARN  Decompiling 0204c218, pcode error at 0204bfa8: Unable to resolve constructor at 0204bfa8 (DecompileCallback)  
WARN  Decompiling 0205643a, pcode error at 02056440: Unable to resolve constructor at 02056440 (DecompileCallback)  
WARN  Decompiling 02051432, pcode error at 02051436: Unable to resolve constructor at 02051436 (DecompileCallback)  
WARN  Decompiling 0204ae5a, pcode error at 0204ac5e: Unable to resolve constructor at 0204ac5e (DecompileCallback)  
WARN  Decompiling 0204080e, pcode error at 0204080a: Unable to resolve constructor at 0204080a (DecompileCallback)  
WARN  Decompiling 0204c278, pcode error at 0204c2aa: Unable to resolve constructor at 0204c2aa (DecompileCallback)  
WARN  Decompiling 02052040, pcode error at 0205223e: Unable to resolve constructor at 0205223e (DecompileCallback)  
WARN  Decompiling 02029232, pcode error at 02029230: Unable to resolve constructor at 02029230 (DecompileCallback)  
ERROR Pcode error at 0204df98: Program does not contain referenced instruction: 0204df9a (SleighInstructionPrototype)  
WARN  Decompiling 02053874, pcode error at 02053a5a: Unable to resolve constructor at 02053a5a (DecompileCallback)  
WARN  Decompiling 0204080e, pcode error at 02040826: Unable to resolve constructor at 02040826 (DecompileCallback)  
WARN  Decompiling 02052e60, pcode error at 02052e66: Unable to resolve constructor at 02052e66 (DecompileCallback)  
WARN  Decompiling 0205609e, pcode error at 020560a4: Unable to resolve constructor at 020560a4 (DecompileCallback)  
WARN  Decompiling 0204fe92, pcode error at 0204fe96: Unable to resolve constructor at 0204fe96 (DecompileCallback)  
WARN  Decompiling 0204e490, pcode error at 0204e492: Unable to resolve constructor at 0204e492 (DecompileCallback)  
ERROR Pcode error at 02054ce2: Program does not contain referenced instruction: 02054ce4 (SleighInstructionPrototype)  
WARN  Decompiling 0204e490, pcode error at 0204e4c0: Unable to resolve constructor at 0204e4c0 (DecompileCallback)  
WARN  Decompiling 0204fe92, pcode error at 02054dbe: Unable to resolve constructor at 02054dbe (DecompileCallback)  
WARN  Decompiling 0204fe92, pcode error at 02054ede: Unable to resolve constructor at 02054ede (DecompileCallback)  
WARN  Decompiling 0204dc96, pcode error at 0204dcb2: Unable to resolve constructor at 0204dcb2 (DecompileCallback)  
WARN  Decompiling 0204e490, pcode error at 0204e2c6: Unable to resolve constructor at 0204e2c6 (DecompileCallback)  
WARN  Decompiling 0204dc96, pcode error at 0204dab4: Unable to resolve constructor at 0204dab4 (DecompileCallback)  
WARN  Decompiling 0204dc96, pcode error at 0204daae: Unable to resolve constructor at 0204daae (DecompileCallback)  
WARN  Decompiling 0204d48a, pcode error at 0204d490: Unable to resolve constructor at 0204d490 (DecompileCallback)  
ERROR Pcode error at 0204dace: Could not find cached delayslot parser context (SleighInstructionPrototype)  
WARN  Decompiling 0204dc96, pcode error at 0204d8e0: Unable to resolve constructor at 0204d8e0 (DecompileCallback)  
WARN  Decompiling 0204dc96, pcode error at 0204d8d8: Unable to resolve constructor at 0204d8d8 (DecompileCallback)  
ERROR Pcode error at 0204da24: Program does not contain referenced instruction: 0204da26 (SleighInstructionPrototype)  
WARN  Decompiling 0204dc96, pcode error at 0204d942: Unable to resolve constructor at 0204d942 (DecompileCallback)  
WARN  Decompiling 0202788e, pcode error at 02029230: Unable to resolve constructor at 02029230 (DecompileCallback)  
WARN  Decompiling 0204dc96, pcode error at 0204d94e: Unable to resolve constructor at 0204d94e (DecompileCallback)  
WARN  Decompiling 0200d8aa, pcode error at 0200e386: Unable to resolve constructor at 0200e386 (DecompileCallback)  
WARN  Decompiling 02029232, pcode error at 020274d2: Unable to resolve constructor at 020274d2 (DecompileCallback)  
WARN  Decompiling 0204ccd2, pcode error at 0204ccda: Unable to resolve constructor at 0204ccda (DecompileCallback)  
WARN  Decompiling 020574d0, pcode error at 020574d2: Unable to resolve constructor at 020574d2 (DecompileCallback)  
WARN  Decompiling 0204ccd2, pcode error at 0204d0de: Unable to resolve constructor at 0204d0de (DecompileCallback)  
WARN  Decompiling 02029232, pcode error at 02027382: Unable to resolve constructor at 02027382 (DecompileCallback)  
WARN  Decompiling 02057ed4, pcode error at 02057f0a: Unable to resolve constructor at 02057f0a (DecompileCallback)  
WARN  Decompiling 02029232, pcode error at 020274ac: Unable to resolve constructor at 020274ac (DecompileCallback)  
WARN  Decompiling 0204ccd2, pcode error at 0204d0f4: Unable to resolve constructor at 0204d0f4 (DecompileCallback)  
WARN  Decompiling 0204ccd2, pcode error at 0204d20c: Unable to resolve constructor at 0204d20c (DecompileCallback)  
WARN  Decompiling 0204ccd2, pcode error at 0204d2ea: Unable to resolve constructor at 0204d2ea (DecompileCallback)  
WARN  Decompiling 0204ccd2, pcode error at 0204d1ca: Unable to resolve constructor at 0204d1ca (DecompileCallback)  
WARN  Decompiling 0204ccd2, pcode error at 0204d2d2: Unable to resolve constructor at 0204d2d2 (DecompileCallback)  
WARN  Decompiling 0204ccd2, pcode error at 0204d10a: Unable to resolve constructor at 0204d10a (DecompileCallback)  
WARN  Decompiling 0204ccd2, pcode error at 0204d11a: Unable to resolve constructor at 0204d11a (DecompileCallback)  
WARN  Decompiling 0204ccd2, pcode error at 0204d2da: Unable to resolve constructor at 0204d2da (DecompileCallback)  
WARN  Decompiling 02029232, pcode error at 02027962: Unable to resolve constructor at 02027962 (DecompileCallback)  
WARN  Decompiling 0204ccd2, pcode error at 0204d2ec: Unable to resolve constructor at 0204d2ec (DecompileCallback)  
WARN  Decompiling 0204ccd2, pcode error at 0204d242: Unable to resolve constructor at 0204d242 (DecompileCallback)  
WARN  Decompiling 0204ccd2, pcode error at 0204d194: Unable to resolve constructor at 0204d194 (DecompileCallback)  
WARN  Decompiling 0204ccd2, pcode error at 0204d260: Unable to resolve constructor at 0204d260 (DecompileCallback)  
WARN  Decompiling 0204ccd2, pcode error at 0204d14a: Unable to resolve constructor at 0204d14a (DecompileCallback)  
WARN  Decompiling 0204ccd2, pcode error at 0204d1f4: Unable to resolve constructor at 0204d1f4 (DecompileCallback)  
WARN  Decompiling 0204ccd2, pcode error at 0204d206: Unable to resolve constructor at 0204d206 (DecompileCallback)  
WARN  Decompiling 0204cee8, pcode error at 0204cef2: Unable to resolve constructor at 0204cef2 (DecompileCallback)  
WARN  Decompiling 0204cee8, pcode error at 0204baa2: Unable to resolve constructor at 0204baa2 (DecompileCallback)  
WARN  Decompiling 0204cee8, pcode error at 0204b8a2: Unable to resolve constructor at 0204b8a2 (DecompileCallback)  
WARN  Decompiling 0204cee8, pcode error at 0204ccbe: Unable to resolve constructor at 0204ccbe (DecompileCallback)  
ERROR Pcode error at 0205771c: Program does not contain referenced instruction: 0205771e (SleighInstructionPrototype)  
WARN  Decompiling 0205111e, pcode error at 020512c0: Unable to resolve constructor at 020512c0 (DecompileCallback)  
WARN  Decompiling 0204ccd2, pcode error at 0204d14e: Unable to resolve constructor at 0204d14e (DecompileCallback)  
WARN  Decompiling 0204ccd2, pcode error at 0204d2d8: Unable to resolve constructor at 0204d2d8 (DecompileCallback)  
WARN  Decompiling 0205210e, pcode error at 020521d2: Unable to resolve constructor at 020521d2 (DecompileCallback)  
WARN  Decompiling 0204ccd2, pcode error at 0204d1b6: Unable to resolve constructor at 0204d1b6 (DecompileCallback)  
WARN  Decompiling 0204ccd2, pcode error at 0204d1de: Unable to resolve constructor at 0204d1de (DecompileCallback)  
WARN  Decompiling 0204ccd2, pcode error at 0204d22e: Unable to resolve constructor at 0204d22e (DecompileCallback)  
WARN  Decompiling 0204ccd2, pcode error at 0204d20a: Unable to resolve constructor at 0204d20a (DecompileCallback)  
WARN  Decompiling 0204ccd2, pcode error at 0204d170: Unable to resolve constructor at 0204d170 (DecompileCallback)  
WARN  Decompiling 02052b06, pcode error at 02052cfe: Unable to resolve constructor at 02052cfe (DecompileCallback)  
WARN  Decompiling 0204ccd2, pcode error at 0204d1da: Unable to resolve constructor at 0204d1da (DecompileCallback)  
WARN  Decompiling 0204ccd2, pcode error at 0204d2de: Unable to resolve constructor at 0204d2de (DecompileCallback)  
WARN  Decompiling 0204ccd2, pcode error at 0204d12c: Unable to resolve constructor at 0204d12c (DecompileCallback)  
ERROR Pcode error at 0205615c: Program does not contain referenced instruction: 0205615e (SleighInstructionPrototype)  
WARN  Decompiling 0205613a, pcode error at 02056152: Unable to resolve constructor at 02056152 (DecompileCallback)  
ERROR Pcode error at 0203e216: Program does not contain referenced instruction: 0203e21a (SleighInstructionPrototype)  
WARN  Decompiling 02029232, pcode error at 02027460: Unable to resolve constructor at 02027460 (DecompileCallback)  
WARN  Decompiling 0204bf4e, pcode error at 0204bf52: Unable to resolve constructor at 0204bf52 (DecompileCallback)  
WARN  Decompiling 02051756, pcode error at 02051812: Unable to resolve constructor at 02051812 (DecompileCallback)  
ERROR Pcode error at 02055f4c: Program does not contain referenced instruction: 02055f4e (SleighInstructionPrototype)  
WARN  Decompiling 0205617e, pcode error at 02056180: Unable to resolve constructor at 02056180 (DecompileCallback)  
WARN  Decompiling 0205617e, pcode error at 02056138: Unable to resolve constructor at 02056138 (DecompileCallback)  
WARN  Decompiling 0203dcd0, pcode error at 0203e442: Unable to resolve constructor at 0203e442 (DecompileCallback)  
WARN  Decompiling 02041b68, pcode error at 02041d96: Unable to resolve constructor at 02041d96 (DecompileCallback)  
WARN  Decompiling 0204e79a, pcode error at 0204e7a8: Unable to resolve constructor at 0204e7a8 (DecompileCallback)  
WARN  Decompiling 0204e79a, pcode error at 0204fbb2: Unable to resolve constructor at 0204fbb2 (DecompileCallback)  
WARN  Decompiling 02041b68, pcode error at 02041f24: Unable to resolve constructor at 02041f24 (DecompileCallback)  
WARN  Decompiling 02041b68, pcode error at 02041f90: Unable to resolve constructor at 02041f90 (DecompileCallback)  
WARN  Decompiling 0205459c, pcode error at 02054694: Unable to resolve constructor at 02054694 (DecompileCallback)  
WARN  Decompiling 0205619c, pcode error at 020561ca: Unable to resolve constructor at 020561ca (DecompileCallback)  
WARN  Decompiling 02029232, pcode error at 020279d0: Unable to resolve constructor at 020279d0 (DecompileCallback)  
WARN  Decompiling 0204e590, pcode error at 0204e744: Unable to resolve constructor at 0204e744 (DecompileCallback)  
WARN  Decompiling 0204e590, pcode error at 0204e922: Unable to resolve constructor at 0204e922 (DecompileCallback)  
WARN  Decompiling 0203259c, pcode error at 0203259a: Unable to resolve constructor at 0203259a (DecompileCallback)  
WARN  Decompiling 0203259c, pcode error at 02032720: Unable to resolve constructor at 02032720 (DecompileCallback)  
ERROR Pcode error at 02055faa: Delay Slot recursion problem for Instruction at 02055fac (SleighInstructionPrototype)  
ERROR Pcode error at 02055fd4: Delay Slot recursion problem for Instruction at 02055fd6 (SleighInstructionPrototype)  
WARN  Decompiling 02041b68, pcode error at 02041bc4: Unable to resolve constructor at 02041bc4 (DecompileCallback)  
WARN  Decompiling 020565c2, pcode error at 020565c6: Unable to resolve constructor at 020565c6 (DecompileCallback)  
WARN  Decompiling 020515c4, pcode error at 020515cc: Unable to resolve constructor at 020515cc (DecompileCallback)  
WARN  Decompiling 0204f5c4, pcode error at 0204f564: Unable to resolve constructor at 0204f564 (DecompileCallback)  
WARN  Decompiling 0204d9f2, pcode error at 0204d9f8: Unable to resolve constructor at 0204d9f8 (DecompileCallback)  
WARN  Decompiling 02056bfc, pcode error at 02056c22: Unable to resolve constructor at 02056c22 (DecompileCallback)  
WARN  Decompiling 0204e7f2, pcode error at 0204e7fc: Unable to resolve constructor at 0204e7fc (DecompileCallback)  
WARN  Decompiling 02056bfc, pcode error at 02056bd4: Unable to resolve constructor at 02056bd4 (DecompileCallback)  
WARN  Decompiling 02056bfc, pcode error at 020574c6: Unable to resolve constructor at 020574c6 (DecompileCallback)  
ERROR Pcode error at 020561f6: Program does not contain referenced instruction: 020561f8 (SleighInstructionPrototype)  
WARN  Decompiling 0204f3f0, pcode error at 0204f2f8: Unable to resolve constructor at 0204f2f8 (DecompileCallback)  
WARN  Decompiling 020273ee, pcode error at 02027460: Unable to resolve constructor at 02027460 (DecompileCallback)  
WARN  Decompiling 0204f3e6, pcode error at 0204f3ec: Unable to resolve constructor at 0204f3ec (DecompileCallback)  
WARN  Decompiling 0200d9e4, pcode error at 0200e386: Unable to resolve constructor at 0200e386 (DecompileCallback)  
WARN  Decompiling 0204f3e6, pcode error at 0204f270: Unable to resolve constructor at 0204f270 (DecompileCallback)  
WARN  Decompiling 020273ee, pcode error at 02029230: Unable to resolve constructor at 02029230 (DecompileCallback)  
WARN  Decompiling 02025548, pcode error at 02025186: Unable to resolve constructor at 02025186 (DecompileCallback)  
WARN  Decompiling 020297ca, pcode error at 02029a96: Unable to resolve constructor at 02029a96 (DecompileCallback)  
WARN  Decompiling 020297ca, pcode error at 020298ca: Unable to resolve constructor at 020298ca (DecompileCallback)  
WARN  Decompiling 020297ca, pcode error at 02029958: Unable to resolve constructor at 02029958 (DecompileCallback)  
WARN  Decompiling 020297ca, pcode error at 020298a8: Unable to resolve constructor at 020298a8 (DecompileCallback)  
WARN  Decompiling 020297ca, pcode error at 0202999c: Unable to resolve constructor at 0202999c (DecompileCallback)  
WARN  Decompiling 020297ca, pcode error at 020298de: Unable to resolve constructor at 020298de (DecompileCallback)  
WARN  Decompiling 020297ca, pcode error at 020298a4: Unable to resolve constructor at 020298a4 (DecompileCallback)  
WARN  Decompiling 020297ca, pcode error at 020298b4: Unable to resolve constructor at 020298b4 (DecompileCallback)  
WARN  Decompiling 020297ca, pcode error at 020298b8: Unable to resolve constructor at 020298b8 (DecompileCallback)  
WARN  Decompiling 020297ca, pcode error at 020298fc: Unable to resolve constructor at 020298fc (DecompileCallback)  
WARN  Decompiling 020297ca, pcode error at 020298d4: Unable to resolve constructor at 020298d4 (DecompileCallback)  
WARN  Decompiling 020297ca, pcode error at 020298c4: Unable to resolve constructor at 020298c4 (DecompileCallback)  
WARN  Decompiling 020297ca, pcode error at 02029906: Unable to resolve constructor at 02029906 (DecompileCallback)  
WARN  Decompiling 020297ca, pcode error at 02029902: Unable to resolve constructor at 02029902 (DecompileCallback)  
ERROR Pcode error at 02031bd0: Program does not contain referenced instruction: 02031bd4 (SleighInstructionPrototype)  
ERROR Pcode error at 02033840: Program does not contain referenced instruction: 02033844 (SleighInstructionPrototype)  
ERROR Pcode error at 0204ae84: Could not find cached delayslot parser context (SleighInstructionPrototype)  
ERROR Pcode error at 0202d5ae: Program does not contain referenced instruction: 0202d5b0 (SleighInstructionPrototype)  
ERROR Pcode error at 0205690e: Could not find cached delayslot parser context (SleighInstructionPrototype)  
ERROR Pcode error at 02055e4a: Program does not contain referenced instruction: 02055e4c (SleighInstructionPrototype)  
ERROR Pcode error at 0201ff5e: Program does not contain referenced instruction: 0201ff62 (SleighInstructionPrototype)  
ERROR Pcode error at 0203522a: Program does not contain referenced instruction: 0203522c (SleighInstructionPrototype)  
ERROR Pcode error at 02016274: Program does not contain referenced instruction: 02016276 (SleighInstructionPrototype)  
ERROR Pcode error at 020323ea: Program does not contain referenced instruction: 020323ee (SleighInstructionPrototype)  
ERROR Pcode error at 02032054: Program does not contain referenced instruction: 02032058 (SleighInstructionPrototype)  
ERROR Pcode error at 0208c58a: Program does not contain referenced instruction: 0208c58e (SleighInstructionPrototype)  
ERROR Pcode error at 020141e6: Program does not contain referenced instruction: 020141e8 (SleighInstructionPrototype)  
ERROR Pcode error at 020347f4: Program does not contain referenced instruction: 020347f6 (SleighInstructionPrototype)  
ERROR Pcode error at 0202d4aa: Program does not contain referenced instruction: 0202d4ac (SleighInstructionPrototype)  
ERROR Pcode error at 0203555e: Program does not contain referenced instruction: 02035562 (SleighInstructionPrototype)  
ERROR Pcode error at 020335ce: Program does not contain referenced instruction: 020335d0 (SleighInstructionPrototype)  
ERROR Pcode error at 020009a6: Program does not contain referenced instruction: 020009a8 (SleighInstructionPrototype)  
ERROR Pcode error at 02001c70: Could not find cached delayslot parser context (SleighInstructionPrototype)  
ERROR Pcode error at 02005274: Could not find cached delayslot parser context (SleighInstructionPrototype)  
ERROR Pcode error at 020052ae: Could not find cached delayslot parser context (SleighInstructionPrototype)  
ERROR Pcode error at 02005324: Program does not contain referenced instruction: 02005326 (SleighInstructionPrototype)  
ERROR Pcode error at 020053c0: Could not find cached delayslot parser context (SleighInstructionPrototype)  
ERROR Pcode error at 020054e6: Could not find cached delayslot parser context (SleighInstructionPrototype)  
ERROR Pcode error at 02005480: Could not find cached delayslot parser context (SleighInstructionPrototype)  
ERROR Pcode error at 020054ce: Could not find cached delayslot parser context (SleighInstructionPrototype)  
ERROR Pcode error at 02005a98: Could not find cached delayslot parser context (SleighInstructionPrototype)  
ERROR Pcode error at 02005c66: Could not find cached delayslot parser context (SleighInstructionPrototype)  
ERROR Pcode error at 02005d06: Could not find cached delayslot parser context (SleighInstructionPrototype)  
ERROR Pcode error at 020066aa: Delay Slot recursion problem for Instruction at 020066ac (SleighInstructionPrototype)  
ERROR Pcode error at 02009baa: Could not find cached delayslot parser context (SleighInstructionPrototype)  
ERROR Pcode error at 0200c9c6: Program does not contain referenced instruction: 0200c9ca (SleighInstructionPrototype)  
ERROR Pcode error at 0200c9d8: Program does not contain referenced instruction: 0200c9da (SleighInstructionPrototype)  
ERROR Pcode error at 0200d35e: Program does not contain referenced instruction: 0200d362 (SleighInstructionPrototype)  
ERROR Pcode error at 0200f126: Program does not contain referenced instruction: 0200f12a (SleighInstructionPrototype)  
ERROR Pcode error at 0200f2b8: Program does not contain referenced instruction: 0200f2bc (SleighInstructionPrototype)  
ERROR Pcode error at 02013f2c: Program does not contain referenced instruction: 02013f30 (SleighInstructionPrototype)  
ERROR Pcode error at 02013f34: Program does not contain referenced instruction: 02013f38 (SleighInstructionPrototype)  
ERROR Pcode error at 02013f80: Program does not contain referenced instruction: 02013f84 (SleighInstructionPrototype)  
ERROR Pcode error at 02013f90: Program does not contain referenced instruction: 02013f92 (SleighInstructionPrototype)  
ERROR Pcode error at 02014106: Program does not contain referenced instruction: 02014108 (SleighInstructionPrototype)  
ERROR Pcode error at 02014244: Program does not contain referenced instruction: 02014246 (SleighInstructionPrototype)  
ERROR Pcode error at 02014940: Program does not contain referenced instruction: 02014942 (SleighInstructionPrototype)  
ERROR Pcode error at 02014952: Program does not contain referenced instruction: 02014954 (SleighInstructionPrototype)  
ERROR Pcode error at 020153ee: Program does not contain referenced instruction: 020153f2 (SleighInstructionPrototype)  
ERROR Pcode error at 02016650: Program does not contain referenced instruction: 02016652 (SleighInstructionPrototype)  
ERROR Pcode error at 020196a4: Could not find cached delayslot parser context (SleighInstructionPrototype)  
ERROR Pcode error at 020196a8: Delay Slot recursion problem for Instruction at 020196aa (SleighInstructionPrototype)  
ERROR Pcode error at 020196aa: Could not find cached delayslot parser context (SleighInstructionPrototype)  
ERROR Pcode error at 0201a228: Program does not contain referenced instruction: 0201a22c (SleighInstructionPrototype)  
ERROR Pcode error at 0201aec0: Program does not contain referenced instruction: 0201aec4 (SleighInstructionPrototype)  
ERROR Pcode error at 0201b8cc: Program does not contain referenced instruction: 0201b8ce (SleighInstructionPrototype)  
ERROR Pcode error at 0201dbf6: Program does not contain referenced instruction: 0201dbf8 (SleighInstructionPrototype)  
ERROR Pcode error at 0201dc18: Program does not contain referenced instruction: 0201dc1a (SleighInstructionPrototype)  
ERROR Pcode error at 0201dcde: Program does not contain referenced instruction: 0201dce0 (SleighInstructionPrototype)  
ERROR Pcode error at 0201ddea: Program does not contain referenced instruction: 0201ddec (SleighInstructionPrototype)  
ERROR Pcode error at 0201de98: Program does not contain referenced instruction: 0201de9a (SleighInstructionPrototype)  
ERROR Pcode error at 0201debc: Program does not contain referenced instruction: 0201debe (SleighInstructionPrototype)  
ERROR Pcode error at 02032096: Program does not contain referenced instruction: 02032098 (SleighInstructionPrototype)  
ERROR Pcode error at 02032410: Program does not contain referenced instruction: 02032414 (SleighInstructionPrototype)  
ERROR Pcode error at 02032436: Program does not contain referenced instruction: 0203243a (SleighInstructionPrototype)  
ERROR Pcode error at 0203e216: Program does not contain referenced instruction: 0203e21a (SleighInstructionPrototype)  
ERROR Pcode error at 0204aa78: Could not find cached delayslot parser context (SleighInstructionPrototype)  
ERROR Pcode error at 0204aaea: Could not find cached delayslot parser context (SleighInstructionPrototype)  
ERROR Pcode error at 0204ab1a: Could not find cached delayslot parser context (SleighInstructionPrototype)  
ERROR Pcode error at 0204ac86: Program does not contain referenced instruction: 0204ac88 (SleighInstructionPrototype)  
ERROR Pcode error at 0204ae1c: Program does not contain referenced instruction: 0204ae1e (SleighInstructionPrototype)  
ERROR Pcode error at 0204ae38: Program does not contain referenced instruction: 0204ae3c (SleighInstructionPrototype)  
ERROR Pcode error at 0204ae64: Program does not contain referenced instruction: 0204ae68 (SleighInstructionPrototype)  
ERROR Pcode error at 0204af5c: Program does not contain referenced instruction: 0204af5e (SleighInstructionPrototype)  
ERROR Pcode error at 0204b05c: Program does not contain referenced instruction: 0204b060 (SleighInstructionPrototype)  
ERROR Pcode error at 0204b098: Program does not contain referenced instruction: 0204b09a (SleighInstructionPrototype)  
ERROR Pcode error at 0204b0b4: Could not find cached delayslot parser context (SleighInstructionPrototype)  
ERROR Pcode error at 0204b0ba: Could not find cached delayslot parser context (SleighInstructionPrototype)  
ERROR Pcode error at 0204b0d2: Program does not contain referenced instruction: 0204b0d4 (SleighInstructionPrototype)  
ERROR Pcode error at 0204b19a: Program does not contain referenced instruction: 0204b19c (SleighInstructionPrototype)  
ERROR Pcode error at 0204b248: Could not find cached delayslot parser context (SleighInstructionPrototype)  
ERROR Pcode error at 0204b3a0: Program does not contain referenced instruction: 0204b3a2 (SleighInstructionPrototype)  
ERROR Pcode error at 0204b654: Could not find cached delayslot parser context (SleighInstructionPrototype)  
ERROR Pcode error at 0204b52a: Program does not contain referenced instruction: 0204b52e (SleighInstructionPrototype)  
ERROR Pcode error at 0204b572: Could not find cached delayslot parser context (SleighInstructionPrototype)  
ERROR Pcode error at 0204b57a: Program does not contain referenced instruction: 0204b57e (SleighInstructionPrototype)  
ERROR Pcode error at 0204b638: Program does not contain referenced instruction: 0204b63a (SleighInstructionPrototype)  
ERROR Pcode error at 0204d372: Program does not contain referenced instruction: 0204d374 (SleighInstructionPrototype)  
ERROR Pcode error at 0204b70e: Could not find cached delayslot parser context (SleighInstructionPrototype)  
ERROR Pcode error at 0204b852: Program does not contain referenced instruction: 0204b854 (SleighInstructionPrototype)  
ERROR Pcode error at 0204b8d8: Program does not contain referenced instruction: 0204b8da (SleighInstructionPrototype)  
ERROR Pcode error at 0204b8de: Program does not contain referenced instruction: 0204b8e0 (SleighInstructionPrototype)  
ERROR Pcode error at 0204b918: Program does not contain referenced instruction: 0204b91a (SleighInstructionPrototype)  
ERROR Pcode error at 0204b988: Could not find cached delayslot parser context (SleighInstructionPrototype)  
ERROR Pcode error at 0204bbca: Program does not contain referenced instruction: 0204bbcc (SleighInstructionPrototype)  
ERROR Pcode error at 0204bc3c: Program does not contain referenced instruction: 0204bc40 (SleighInstructionPrototype)  
ERROR Pcode error at 0204bce0: Delay Slot recursion problem for Instruction at 0204bce2 (SleighInstructionPrototype)  
ERROR Pcode error at 0204bce2: Program does not contain referenced instruction: 0204bce4 (SleighInstructionPrototype)  
ERROR Pcode error at 0204bd34: Could not find cached delayslot parser context (SleighInstructionPrototype)  
ERROR Pcode error at 0204bd94: Could not find cached delayslot parser context (SleighInstructionPrototype)  
ERROR Pcode error at 0204cbee: Delay Slot recursion problem for Instruction at 0204cbf0 (SleighInstructionPrototype)  
ERROR Pcode error at 0204cbf0: Delay Slot recursion problem for Instruction at 0204cbf2 (SleighInstructionPrototype)  
ERROR Pcode error at 0204cbf2: Delay Slot recursion problem for Instruction at 0204cbf4 (SleighInstructionPrototype)  
ERROR Pcode error at 0204cc00: Program does not contain referenced instruction: 0204cc04 (SleighInstructionPrototype)  
ERROR Pcode error at 0204cdf6: Delay Slot recursion problem for Instruction at 0204cdf8 (SleighInstructionPrototype)  
ERROR Pcode error at 0204be16: Program does not contain referenced instruction: 0204be1a (SleighInstructionPrototype)  
ERROR Pcode error at 0204be9a: Program does not contain referenced instruction: 0204be9e (SleighInstructionPrototype)  
ERROR Pcode error at 0204bea0: Program does not contain referenced instruction: 0204bea2 (SleighInstructionPrototype)  
ERROR Pcode error at 0204beb8: Program does not contain referenced instruction: 0204beba (SleighInstructionPrototype)  
ERROR Pcode error at 0204bec8: Program does not contain referenced instruction: 0204beca (SleighInstructionPrototype)  
ERROR Pcode error at 0204bedc: Program does not contain referenced instruction: 0204bee0 (SleighInstructionPrototype)  
ERROR Pcode error at 0204bf32: Program does not contain referenced instruction: 0204bf36 (SleighInstructionPrototype)  
ERROR Pcode error at 0204bfb6: Program does not contain referenced instruction: 0204bfb8 (SleighInstructionPrototype)  
ERROR Pcode error at 0204c082: Could not find cached delayslot parser context (SleighInstructionPrototype)  
ERROR Pcode error at 0204c0f2: Program does not contain referenced instruction: 0204c0f6 (SleighInstructionPrototype)  
ERROR Pcode error at 0204c13c: Program does not contain referenced instruction: 0204c13e (SleighInstructionPrototype)  
ERROR Pcode error at 0204c206: Could not find cached delayslot parser context (SleighInstructionPrototype)  
ERROR Pcode error at 0204c424: Could not find cached delayslot parser context (SleighInstructionPrototype)  
ERROR Pcode error at 0204c3a0: Program does not contain referenced instruction: 0204c3a2 (SleighInstructionPrototype)  
ERROR Pcode error at 0204c468: Could not find cached delayslot parser context (SleighInstructionPrototype)  
ERROR Pcode error at 0204c470: Could not find cached delayslot parser context (SleighInstructionPrototype)  
ERROR Pcode error at 0204c478: Could not find cached delayslot parser context (SleighInstructionPrototype)  
ERROR Pcode error at 0204c870: Could not find cached delayslot parser context (SleighInstructionPrototype)  
ERROR Pcode error at 0204c8f8: Could not find cached delayslot parser context (SleighInstructionPrototype)  
ERROR Pcode error at 0204ca82: Program does not contain referenced instruction: 0204ca86 (SleighInstructionPrototype)  
ERROR Pcode error at 0204cb0a: Program does not contain referenced instruction: 0204cb0e (SleighInstructionPrototype)  
ERROR Pcode error at 0204cb18: Program does not contain referenced instruction: 0204cb1a (SleighInstructionPrototype)  
ERROR Pcode error at 0204cb4a: Program does not contain referenced instruction: 0204cb4e (SleighInstructionPrototype)  
ERROR Pcode error at 0204cb54: Program does not contain referenced instruction: 0204cb56 (SleighInstructionPrototype)  
ERROR Pcode error at 0204cb58: Program does not contain referenced instruction: 0204cb5a (SleighInstructionPrototype)  
ERROR Pcode error at 0204cbd2: Program does not contain referenced instruction: 0204cbd6 (SleighInstructionPrototype)  
ERROR Pcode error at 0204cbe8: Delay Slot recursion problem for Instruction at 0204cbea (SleighInstructionPrototype)  
ERROR Pcode error at 0204cbea: Delay Slot recursion problem for Instruction at 0204cbec (SleighInstructionPrototype)  
ERROR Pcode error at 0204cbec: Delay Slot recursion problem for Instruction at 0204cbee (SleighInstructionPrototype)  
ERROR Pcode error at 0204cc1e: Program does not contain referenced instruction: 0204cc22 (SleighInstructionPrototype)  
ERROR Pcode error at 0204cc64: Program does not contain referenced instruction: 0204cc66 (SleighInstructionPrototype)  
ERROR Pcode error at 0204cd2a: Program does not contain referenced instruction: 0204cd2e (SleighInstructionPrototype)  
ERROR Pcode error at 0204cf6e: Program does not contain referenced instruction: 0204cf70 (SleighInstructionPrototype)  
ERROR Pcode error at 0204d010: Could not find cached delayslot parser context (SleighInstructionPrototype)  
ERROR Pcode error at 0204d028: Could not find cached delayslot parser context (SleighInstructionPrototype)  
ERROR Pcode error at 0204d12e: Program does not contain referenced instruction: 0204d130 (SleighInstructionPrototype)  
ERROR Pcode error at 0204d1dc: Program does not contain referenced instruction: 0204d1de (SleighInstructionPrototype)  
ERROR Pcode error at 0204d1f6: Program does not contain referenced instruction: 0204d1f8 (SleighInstructionPrototype)  
ERROR Pcode error at 0204d3f0: Could not find cached delayslot parser context (SleighInstructionPrototype)  
ERROR Pcode error at 0204d41a: Program does not contain referenced instruction: 0204d41c (SleighInstructionPrototype)  
ERROR Pcode error at 0204d4e6: Could not find cached delayslot parser context (SleighInstructionPrototype)  
ERROR Pcode error at 0204d520: Could not find cached delayslot parser context (SleighInstructionPrototype)  
ERROR Pcode error at 0204d5b2: Program does not contain referenced instruction: 0204d5b4 (SleighInstructionPrototype)  
ERROR Pcode error at 0204d6da: Program does not contain referenced instruction: 0204d6de (SleighInstructionPrototype)  
ERROR Pcode error at 0204d7ac: Could not find cached delayslot parser context (SleighInstructionPrototype)  
ERROR Pcode error at 0204d7e6: Could not find cached delayslot parser context (SleighInstructionPrototype)  
ERROR Pcode error at 0204d8a4: Program does not contain referenced instruction: 0204d8a6 (SleighInstructionPrototype)  
ERROR Pcode error at 0204da24: Program does not contain referenced instruction: 0204da26 (SleighInstructionPrototype)  
ERROR Pcode error at 0204dace: Could not find cached delayslot parser context (SleighInstructionPrototype)  
ERROR Pcode error at 0204dd6a: Program does not contain referenced instruction: 0204dd6e (SleighInstructionPrototype)  
ERROR Pcode error at 0204dde6: Could not find cached delayslot parser context (SleighInstructionPrototype)  
ERROR Pcode error at 0204deac: Program does not contain referenced instruction: 0204deae (SleighInstructionPrototype)  
ERROR Pcode error at 0204defc: Could not find cached delayslot parser context (SleighInstructionPrototype)  
ERROR Pcode error at 0204df98: Program does not contain referenced instruction: 0204df9a (SleighInstructionPrototype)  
ERROR Pcode error at 0204dfe4: Program does not contain referenced instruction: 0204dfe6 (SleighInstructionPrototype)  
ERROR Pcode error at 0204e0d2: Program does not contain referenced instruction: 0204e0d6 (SleighInstructionPrototype)  
ERROR Pcode error at 0204e332: Program does not contain referenced instruction: 0204e334 (SleighInstructionPrototype)  
ERROR Pcode error at 0204e46e: Program does not contain referenced instruction: 0204e470 (SleighInstructionPrototype)  
ERROR Pcode error at 0204e4d6: Program does not contain referenced instruction: 0204e4da (SleighInstructionPrototype)  
ERROR Pcode error at 0204e638: Program does not contain referenced instruction: 0204e63c (SleighInstructionPrototype)  
ERROR Pcode error at 0204e650: Could not find cached delayslot parser context (SleighInstructionPrototype)  
ERROR Pcode error at 0204e6e8: Could not find cached delayslot parser context (SleighInstructionPrototype)  
ERROR Pcode error at 0204e748: Program does not contain referenced instruction: 0204e74a (SleighInstructionPrototype)  
ERROR Pcode error at 0204e754: Could not find cached delayslot parser context (SleighInstructionPrototype)  
ERROR Pcode error at 0204e794: Could not find cached delayslot parser context (SleighInstructionPrototype)  
ERROR Pcode error at 0204e94e: Program does not contain referenced instruction: 0204e950 (SleighInstructionPrototype)  
ERROR Pcode error at 0204e886: Could not find cached delayslot parser context (SleighInstructionPrototype)  
ERROR Pcode error at 0204e8a8: Could not find cached delayslot parser context (SleighInstructionPrototype)  
ERROR Pcode error at 0204e8d4: Program does not contain referenced instruction: 0204e8d6 (SleighInstructionPrototype)  
ERROR Pcode error at 0204e8ee: Program does not contain referenced instruction: 0204e8f0 (SleighInstructionPrototype)  
ERROR Pcode error at 0204e908: Program does not contain referenced instruction: 0204e90a (SleighInstructionPrototype)  
ERROR Pcode error at 0204e978: Program does not contain referenced instruction: 0204e97c (SleighInstructionPrototype)  
ERROR Pcode error at 0204eac6: Program does not contain referenced instruction: 0204eac8 (SleighInstructionPrototype)  
ERROR Pcode error at 0204ead0: Delay Slot recursion problem for Instruction at 0204ead2 (SleighInstructionPrototype)  
ERROR Pcode error at 0204eaf0: Program does not contain referenced instruction: 0204eaf4 (SleighInstructionPrototype)  
ERROR Pcode error at 0204ebb6: Could not find cached delayslot parser context (SleighInstructionPrototype)  
ERROR Pcode error at 0204ebda: Program does not contain referenced instruction: 0204ebde (SleighInstructionPrototype)  
ERROR Pcode error at 0204ed1a: Program does not contain referenced instruction: 0204ed1c (SleighInstructionPrototype)  
ERROR Pcode error at 0204edda: Program does not contain referenced instruction: 0204eddc (SleighInstructionPrototype)  
ERROR Pcode error at 0204ee26: Could not find cached delayslot parser context (SleighInstructionPrototype)  
ERROR Pcode error at 0204eeca: Program does not contain referenced instruction: 0204eecc (SleighInstructionPrototype)  
ERROR Pcode error at 0204eed2: Could not find cached delayslot parser context (SleighInstructionPrototype)  
ERROR Pcode error at 0204ef04: Program does not contain referenced instruction: 0204ef06 (SleighInstructionPrototype)  
ERROR Pcode error at 0204f178: Program does not contain referenced instruction: 0204f17c (SleighInstructionPrototype)  
ERROR Pcode error at 0204f190: Could not find cached delayslot parser context (SleighInstructionPrototype)  
ERROR Pcode error at 0204f3c6: Program does not contain referenced instruction: 0204f3ca (SleighInstructionPrototype)  
ERROR Pcode error at 0204f2c4: Program does not contain referenced instruction: 0204f2c6 (SleighInstructionPrototype)  
ERROR Pcode error at 0204f30a: Could not find cached delayslot parser context (SleighInstructionPrototype)  
ERROR Pcode error at 0204f40c: Program does not contain referenced instruction: 0204f40e (SleighInstructionPrototype)  
ERROR Pcode error at 0204f428: Program does not contain referenced instruction: 0204f42a (SleighInstructionPrototype)  
ERROR Pcode error at 0204f440: Program does not contain referenced instruction: 0204f444 (SleighInstructionPrototype)  
ERROR Pcode error at 0204f76a: Program does not contain referenced instruction: 0204f76c (SleighInstructionPrototype)  
ERROR Pcode error at 0204f84a: Could not find cached delayslot parser context (SleighInstructionPrototype)  
ERROR Pcode error at 0204f852: Program does not contain referenced instruction: 0204f854 (SleighInstructionPrototype)  
ERROR Pcode error at 0204f930: Program does not contain referenced instruction: 0204f934 (SleighInstructionPrototype)  
ERROR Pcode error at 0204f93e: Could not find cached delayslot parser context (SleighInstructionPrototype)  
ERROR Pcode error at 0204fc44: Could not find cached delayslot parser context (SleighInstructionPrototype)  
ERROR Pcode error at 020519c2: Program does not contain referenced instruction: 020519c4 (SleighInstructionPrototype)  
ERROR Pcode error at 0204ffc4: Could not find cached delayslot parser context (SleighInstructionPrototype)  
ERROR Pcode error at 02054ce2: Program does not contain referenced instruction: 02054ce4 (SleighInstructionPrototype)  
ERROR Pcode error at 0204ff66: Could not find cached delayslot parser context (SleighInstructionPrototype)  
ERROR Pcode error at 0204ff9e: Could not find cached delayslot parser context (SleighInstructionPrototype)  
ERROR Pcode error at 0205012e: Could not find cached delayslot parser context (SleighInstructionPrototype)  
ERROR Pcode error at 02050508: Program does not contain referenced instruction: 0205050a (SleighInstructionPrototype)  
ERROR Pcode error at 02050518: Program does not contain referenced instruction: 0205051a (SleighInstructionPrototype)  
ERROR Pcode error at 02050540: Program does not contain referenced instruction: 02050542 (SleighInstructionPrototype)  
ERROR Pcode error at 02050548: Program does not contain referenced instruction: 0205054a (SleighInstructionPrototype)  
ERROR Pcode error at 02050570: Program does not contain referenced instruction: 02050572 (SleighInstructionPrototype)  
ERROR Pcode error at 020505a2: Program does not contain referenced instruction: 020505a4 (SleighInstructionPrototype)  
ERROR Pcode error at 020505c2: Program does not contain referenced instruction: 020505c4 (SleighInstructionPrototype)  
ERROR Pcode error at 020505f2: Program does not contain referenced instruction: 020505f4 (SleighInstructionPrototype)  
ERROR Pcode error at 020505fc: Program does not contain referenced instruction: 020505fe (SleighInstructionPrototype)  
ERROR Pcode error at 02050638: Program does not contain referenced instruction: 0205063a (SleighInstructionPrototype)  
ERROR Pcode error at 02050654: Program does not contain referenced instruction: 02050656 (SleighInstructionPrototype)  
ERROR Pcode error at 0205066e: Program does not contain referenced instruction: 02050670 (SleighInstructionPrototype)  
ERROR Pcode error at 02050698: Program does not contain referenced instruction: 0205069a (SleighInstructionPrototype)  
ERROR Pcode error at 0205069e: Program does not contain referenced instruction: 020506a0 (SleighInstructionPrototype)  
ERROR Pcode error at 020506c4: Program does not contain referenced instruction: 020506c6 (SleighInstructionPrototype)  
ERROR Pcode error at 02050714: Program does not contain referenced instruction: 02050718 (SleighInstructionPrototype)  
ERROR Pcode error at 02050728: Program does not contain referenced instruction: 0205072a (SleighInstructionPrototype)  
ERROR Pcode error at 02050732: Program does not contain referenced instruction: 02050736 (SleighInstructionPrototype)  
ERROR Pcode error at 020507f4: Program does not contain referenced instruction: 020507f6 (SleighInstructionPrototype)  
ERROR Pcode error at 0205085a: Program does not contain referenced instruction: 0205085e (SleighInstructionPrototype)  
ERROR Pcode error at 0205089c: Program does not contain referenced instruction: 0205089e (SleighInstructionPrototype)  
ERROR Pcode error at 020509dc: Could not find cached delayslot parser context (SleighInstructionPrototype)  
ERROR Pcode error at 02050a36: Program does not contain referenced instruction: 02050a38 (SleighInstructionPrototype)  
ERROR Pcode error at 02050a76: Program does not contain referenced instruction: 02050a78 (SleighInstructionPrototype)  
ERROR Pcode error at 02050b84: Program does not contain referenced instruction: 02050b86 (SleighInstructionPrototype)  
ERROR Pcode error at 02050bee: Delay Slot recursion problem for Instruction at 02050bf2 (SleighInstructionPrototype)  
ERROR Pcode error at 02050c60: Program does not contain referenced instruction: 02050c62 (SleighInstructionPrototype)  
ERROR Pcode error at 02050dc6: Program does not contain referenced instruction: 02050dc8 (SleighInstructionPrototype)  
ERROR Pcode error at 02050f84: Program does not contain referenced instruction: 02050f86 (SleighInstructionPrototype)  
ERROR Pcode error at 0205105c: Program does not contain referenced instruction: 0205105e (SleighInstructionPrototype)  
ERROR Pcode error at 020510ce: Program does not contain referenced instruction: 020510d0 (SleighInstructionPrototype)  
ERROR Pcode error at 020511c6: Program does not contain referenced instruction: 020511c8 (SleighInstructionPrototype)  
ERROR Pcode error at 020513d0: Program does not contain referenced instruction: 020513d4 (SleighInstructionPrototype)  
ERROR Pcode error at 02051566: Program does not contain referenced instruction: 0205156a (SleighInstructionPrototype)  
ERROR Pcode error at 02051572: Program does not contain referenced instruction: 02051574 (SleighInstructionPrototype)  
ERROR Pcode error at 02051652: Program does not contain referenced instruction: 02051654 (SleighInstructionPrototype)  
ERROR Pcode error at 0205166c: Program does not contain referenced instruction: 0205166e (SleighInstructionPrototype)  
ERROR Pcode error at 02051768: Program does not contain referenced instruction: 0205176a (SleighInstructionPrototype)  
ERROR Pcode error at 020519de: Program does not contain referenced instruction: 020519e2 (SleighInstructionPrototype)  
ERROR Pcode error at 02051c06: Program does not contain referenced instruction: 02051c08 (SleighInstructionPrototype)  
ERROR Pcode error at 02051c1c: Program does not contain referenced instruction: 02051c1e (SleighInstructionPrototype)  
ERROR Pcode error at 02051c7e: Program does not contain referenced instruction: 02051c80 (SleighInstructionPrototype)  
ERROR Pcode error at 02051cd0: Could not find cached delayslot parser context (SleighInstructionPrototype)  
ERROR Pcode error at 02051d52: Program does not contain referenced instruction: 02051d54 (SleighInstructionPrototype)  
ERROR Pcode error at 02051d76: Program does not contain referenced instruction: 02051d7a (SleighInstructionPrototype)  
ERROR Pcode error at 02051d84: Could not find cached delayslot parser context (SleighInstructionPrototype)  
ERROR Pcode error at 02051dfc: Program does not contain referenced instruction: 02051dfe (SleighInstructionPrototype)  
ERROR Pcode error at 02051f72: Program does not contain referenced instruction: 02051f74 (SleighInstructionPrototype)  
ERROR Pcode error at 02051f88: Could not find cached delayslot parser context (SleighInstructionPrototype)  
ERROR Pcode error at 02052118: Program does not contain referenced instruction: 0205211a (SleighInstructionPrototype)  
ERROR Pcode error at 02052118: Program does not contain referenced instruction: 0205211a (SleighInstructionPrototype)  
ERROR Pcode error at 02052188: Program does not contain referenced instruction: 0205218a (SleighInstructionPrototype)  
ERROR Pcode error at 020521a4: Could not find cached delayslot parser context (SleighInstructionPrototype)  
ERROR Pcode error at 02052212: Program does not contain referenced instruction: 02052214 (SleighInstructionPrototype)  
ERROR Pcode error at 0205222e: Could not find cached delayslot parser context (SleighInstructionPrototype)  
ERROR Pcode error at 020522a2: Program does not contain referenced instruction: 020522a4 (SleighInstructionPrototype)  
ERROR Pcode error at 020522f4: Could not find cached delayslot parser context (SleighInstructionPrototype)  
ERROR Pcode error at 02052330: Program does not contain referenced instruction: 02052332 (SleighInstructionPrototype)  
ERROR Pcode error at 02052504: Program does not contain referenced instruction: 02052506 (SleighInstructionPrototype)  
ERROR Pcode error at 02052582: Program does not contain referenced instruction: 02052584 (SleighInstructionPrototype)  
ERROR Pcode error at 0205259e: Could not find cached delayslot parser context (SleighInstructionPrototype)  
ERROR Pcode error at 020525e0: Program does not contain referenced instruction: 020525e2 (SleighInstructionPrototype)  
ERROR Pcode error at 0205269c: Program does not contain referenced instruction: 0205269e (SleighInstructionPrototype)  
ERROR Pcode error at 0205275a: Program does not contain referenced instruction: 0205275c (SleighInstructionPrototype)  
ERROR Pcode error at 0205277c: Could not find cached delayslot parser context (SleighInstructionPrototype)  
ERROR Pcode error at 020527f4: Program does not contain referenced instruction: 020527f8 (SleighInstructionPrototype)  
ERROR Pcode error at 02052848: Program does not contain referenced instruction: 0205284a (SleighInstructionPrototype)  
ERROR Pcode error at 0205286e: Program does not contain referenced instruction: 02052870 (SleighInstructionPrototype)  
ERROR Pcode error at 020528d0: Could not find cached delayslot parser context (SleighInstructionPrototype)  
ERROR Pcode error at 0205295c: Program does not contain referenced instruction: 0205295e (SleighInstructionPrototype)  
ERROR Pcode error at 0205298a: Could not find cached delayslot parser context (SleighInstructionPrototype)  
ERROR Pcode error at 02052b64: Program does not contain referenced instruction: 02052b66 (SleighInstructionPrototype)  
ERROR Pcode error at 02052bd6: Program does not contain referenced instruction: 02052bd8 (SleighInstructionPrototype)  
ERROR Pcode error at 02052be0: Program does not contain referenced instruction: 02052be4 (SleighInstructionPrototype)  
ERROR Pcode error at 020530a2: Could not find cached delayslot parser context (SleighInstructionPrototype)  
ERROR Pcode error at 02052ece: Could not find cached delayslot parser context (SleighInstructionPrototype)  
ERROR Pcode error at 02052f38: Program does not contain referenced instruction: 02052f3a (SleighInstructionPrototype)  
ERROR Pcode error at 02052f4a: Program does not contain referenced instruction: 02052f4c (SleighInstructionPrototype)  
ERROR Pcode error at 02052f50: Could not find cached delayslot parser context (SleighInstructionPrototype)  
ERROR Pcode error at 02052fe8: Program does not contain referenced instruction: 02052fea (SleighInstructionPrototype)  
ERROR Pcode error at 02052ff2: Program does not contain referenced instruction: 02052ff6 (SleighInstructionPrototype)  
ERROR Pcode error at 02053042: Program does not contain referenced instruction: 02053044 (SleighInstructionPrototype)  
ERROR Pcode error at 02053154: Could not find cached delayslot parser context (SleighInstructionPrototype)  
ERROR Pcode error at 02053364: Program does not contain referenced instruction: 02053366 (SleighInstructionPrototype)  
ERROR Pcode error at 02053360: Could not find cached delayslot parser context (SleighInstructionPrototype)  
ERROR Pcode error at 02053476: Could not find cached delayslot parser context (SleighInstructionPrototype)  
ERROR Pcode error at 02053518: Could not find cached delayslot parser context (SleighInstructionPrototype)  
ERROR Pcode error at 02053520: Program does not contain referenced instruction: 02053522 (SleighInstructionPrototype)  
ERROR Pcode error at 0205d738: Program does not contain referenced instruction: 0205d73a (SleighInstructionPrototype)  
ERROR Pcode error at 020538b8: Program does not contain referenced instruction: 020538ba (SleighInstructionPrototype)  
ERROR Pcode error at 02053984: Program does not contain referenced instruction: 02053986 (SleighInstructionPrototype)  
ERROR Pcode error at 020539ec: Could not find cached delayslot parser context (SleighInstructionPrototype)  
ERROR Pcode error at 02053a70: Could not find cached delayslot parser context (SleighInstructionPrototype)  
ERROR Pcode error at 02053ac0: Program does not contain referenced instruction: 02053ac2 (SleighInstructionPrototype)  
ERROR Pcode error at 02053b52: Program does not contain referenced instruction: 02053b54 (SleighInstructionPrototype)  
ERROR Pcode error at 02053b76: Program does not contain referenced instruction: 02053b78 (SleighInstructionPrototype)  
ERROR Pcode error at 02053cd6: Could not find cached delayslot parser context (SleighInstructionPrototype)  
ERROR Pcode error at 02053d4c: Program does not contain referenced instruction: 02053d4e (SleighInstructionPrototype)  
ERROR Pcode error at 02053dd8: Program does not contain referenced instruction: 02053dda (SleighInstructionPrototype)  
ERROR Pcode error at 02053f74: Program does not contain referenced instruction: 02053f76 (SleighInstructionPrototype)  
ERROR Pcode error at 02053f7e: Could not find cached delayslot parser context (SleighInstructionPrototype)  
ERROR Pcode error at 02054096: Program does not contain referenced instruction: 02054098 (SleighInstructionPrototype)  
ERROR Pcode error at 02054060: Program does not contain referenced instruction: 02054064 (SleighInstructionPrototype)  
ERROR Pcode error at 0205416a: Program does not contain referenced instruction: 0205416c (SleighInstructionPrototype)  
ERROR Pcode error at 020541de: Program does not contain referenced instruction: 020541e0 (SleighInstructionPrototype)  
ERROR Pcode error at 02054266: Program does not contain referenced instruction: 02054268 (SleighInstructionPrototype)  
ERROR Pcode error at 0205427c: Could not find cached delayslot parser context (SleighInstructionPrototype)  
ERROR Pcode error at 02054638: Program does not contain referenced instruction: 0205463c (SleighInstructionPrototype)  
ERROR Pcode error at 02054640: Program does not contain referenced instruction: 02054642 (SleighInstructionPrototype)  
ERROR Pcode error at 020546ee: Program does not contain referenced instruction: 020546f2 (SleighInstructionPrototype)  
ERROR Pcode error at 02057754: Program does not contain referenced instruction: 02057756 (SleighInstructionPrototype)  
ERROR Pcode error at 020547a2: Program does not contain referenced instruction: 020547a4 (SleighInstructionPrototype)  
ERROR Pcode error at 0205485c: Program does not contain referenced instruction: 02054860 (SleighInstructionPrototype)  
ERROR Pcode error at 02054930: Program does not contain referenced instruction: 02054934 (SleighInstructionPrototype)  
ERROR Pcode error at 02054a2e: Program does not contain referenced instruction: 02054a30 (SleighInstructionPrototype)  
ERROR Pcode error at 02054a4a: Program does not contain referenced instruction: 02054a4c (SleighInstructionPrototype)  
ERROR Pcode error at 02054ae6: Program does not contain referenced instruction: 02054ae8 (SleighInstructionPrototype)  
ERROR Pcode error at 02054be8: Could not find cached delayslot parser context (SleighInstructionPrototype)  
ERROR Pcode error at 02054c3a: Program does not contain referenced instruction: 02054c3e (SleighInstructionPrototype)  
ERROR Pcode error at 02054c46: Program does not contain referenced instruction: 02054c48 (SleighInstructionPrototype)  
ERROR Pcode error at 02054d10: Program does not contain referenced instruction: 02054d12 (SleighInstructionPrototype)  
ERROR Pcode error at 02054d98: Could not find cached delayslot parser context (SleighInstructionPrototype)  
ERROR Pcode error at 02054db2: Program does not contain referenced instruction: 02054db4 (SleighInstructionPrototype)  
ERROR Pcode error at 02054e80: Program does not contain referenced instruction: 02054e84 (SleighInstructionPrototype)  
ERROR Pcode error at 02054e88: Could not find cached delayslot parser context (SleighInstructionPrototype)  
ERROR Pcode error at 02054ecc: Could not find cached delayslot parser context (SleighInstructionPrototype)  
ERROR Pcode error at 02054fb6: Program does not contain referenced instruction: 02054fba (SleighInstructionPrototype)  
ERROR Pcode error at 02054ff8: Program does not contain referenced instruction: 02054ffa (SleighInstructionPrototype)  
ERROR Pcode error at 02055d9e: Program does not contain referenced instruction: 02055da0 (SleighInstructionPrototype)  
ERROR Pcode error at 0205522e: Program does not contain referenced instruction: 02055232 (SleighInstructionPrototype)  
ERROR Pcode error at 0205523c: Could not find cached delayslot parser context (SleighInstructionPrototype)  
ERROR Pcode error at 0205545c: Program does not contain referenced instruction: 0205545e (SleighInstructionPrototype)  
ERROR Pcode error at 0205551a: Could not find cached delayslot parser context (SleighInstructionPrototype)  
ERROR Pcode error at 0205556c: Could not find cached delayslot parser context (SleighInstructionPrototype)  
ERROR Pcode error at 0205595a: Could not find cached delayslot parser context (SleighInstructionPrototype)  
ERROR Pcode error at 020559e2: Could not find cached delayslot parser context (SleighInstructionPrototype)  
ERROR Pcode error at 02055b4c: Program does not contain referenced instruction: 02055b4e (SleighInstructionPrototype)  
ERROR Pcode error at 02055b5e: Program does not contain referenced instruction: 02055b60 (SleighInstructionPrototype)  
ERROR Pcode error at 02055b62: Program does not contain referenced instruction: 02055b64 (SleighInstructionPrototype)  
ERROR Pcode error at 02055b70: Program does not contain referenced instruction: 02055b72 (SleighInstructionPrototype)  
ERROR Pcode error at 02055b7a: Program does not contain referenced instruction: 02055b7c (SleighInstructionPrototype)  
ERROR Pcode error at 02055d7a: Delay Slot recursion problem for Instruction at 02055d7c (SleighInstructionPrototype)  
ERROR Pcode error at 02055bb0: Program does not contain referenced instruction: 02055bb4 (SleighInstructionPrototype)  
ERROR Pcode error at 02055bb8: Program does not contain referenced instruction: 02055bba (SleighInstructionPrototype)  
ERROR Pcode error at 02055bd4: Program does not contain referenced instruction: 02055bd8 (SleighInstructionPrototype)  
ERROR Pcode error at 02055bde: Program does not contain referenced instruction: 02055be0 (SleighInstructionPrototype)  
ERROR Pcode error at 02055bee: Program does not contain referenced instruction: 02055bf0 (SleighInstructionPrototype)  
ERROR Pcode error at 02055bfc: Program does not contain referenced instruction: 02055bfe (SleighInstructionPrototype)  
ERROR Pcode error at 02055c00: Program does not contain referenced instruction: 02055c02 (SleighInstructionPrototype)  
ERROR Pcode error at 02055c04: Program does not contain referenced instruction: 02055c06 (SleighInstructionPrototype)  
ERROR Pcode error at 02055c0c: Program does not contain referenced instruction: 02055c0e (SleighInstructionPrototype)  
ERROR Pcode error at 02055c16: Program does not contain referenced instruction: 02055c18 (SleighInstructionPrototype)  
ERROR Pcode error at 02055c22: Program does not contain referenced instruction: 02055c24 (SleighInstructionPrototype)  
ERROR Pcode error at 02055c5c: Program does not contain referenced instruction: 02055c5e (SleighInstructionPrototype)  
ERROR Pcode error at 02055cac: Program does not contain referenced instruction: 02055cb0 (SleighInstructionPrototype)  
ERROR Pcode error at 02055cb8: Program does not contain referenced instruction: 02055cba (SleighInstructionPrototype)  
ERROR Pcode error at 02055cda: Program does not contain referenced instruction: 02055cdc (SleighInstructionPrototype)  
ERROR Pcode error at 02055ce4: Program does not contain referenced instruction: 02055ce6 (SleighInstructionPrototype)  
ERROR Pcode error at 02055cf6: Program does not contain referenced instruction: 02055cf8 (SleighInstructionPrototype)  
ERROR Pcode error at 02055d58: Program does not contain referenced instruction: 02055d5a (SleighInstructionPrototype)  
ERROR Pcode error at 02055d64: Program does not contain referenced instruction: 02055d66 (SleighInstructionPrototype)  
ERROR Pcode error at 02055d90: Program does not contain referenced instruction: 02055d92 (SleighInstructionPrototype)  
ERROR Pcode error at 02055de2: Program does not contain referenced instruction: 02055de4 (SleighInstructionPrototype)  
ERROR Pcode error at 02055dfe: Program does not contain referenced instruction: 02055e00 (SleighInstructionPrototype)  
ERROR Pcode error at 02055e04: Program does not contain referenced instruction: 02055e06 (SleighInstructionPrototype)  
ERROR Pcode error at 02055e1a: Could not find cached delayslot parser context (SleighInstructionPrototype)  
ERROR Pcode error at 02055e52: Delay Slot recursion problem for Instruction at 02055e54 (SleighInstructionPrototype)  
ERROR Pcode error at 02055ea4: Program does not contain referenced instruction: 02055ea8 (SleighInstructionPrototype)  
ERROR Pcode error at 02055eaa: Could not find cached delayslot parser context (SleighInstructionPrototype)  
ERROR Pcode error at 02055f4c: Program does not contain referenced instruction: 02055f4e (SleighInstructionPrototype)  
ERROR Pcode error at 02055f6e: Delay Slot recursion problem for Instruction at 02055f70 (SleighInstructionPrototype)  
ERROR Pcode error at 02055f82: Could not find cached delayslot parser context (SleighInstructionPrototype)  
ERROR Pcode error at 02055f9c: Could not find cached delayslot parser context (SleighInstructionPrototype)  
ERROR Pcode error at 02055faa: Delay Slot recursion problem for Instruction at 02055fac (SleighInstructionPrototype)  
ERROR Pcode error at 02055fd4: Delay Slot recursion problem for Instruction at 02055fd6 (SleighInstructionPrototype)  
ERROR Pcode error at 02055fd6: Delay Slot recursion problem for Instruction at 02055fd8 (SleighInstructionPrototype)  
ERROR Pcode error at 02055fd8: Could not find cached delayslot parser context (SleighInstructionPrototype)  
ERROR Pcode error at 02055fc0: Program does not contain referenced instruction: 02055fc2 (SleighInstructionPrototype)  
ERROR Pcode error at 02055fce: Delay Slot recursion problem for Instruction at 02055fd0 (SleighInstructionPrototype)  
ERROR Pcode error at 02055fd0: Delay Slot recursion problem for Instruction at 02055fd2 (SleighInstructionPrototype)  
ERROR Pcode error at 02055fd2: Delay Slot recursion problem for Instruction at 02055fd4 (SleighInstructionPrototype)  
ERROR Pcode error at 0205603e: Could not find cached delayslot parser context (SleighInstructionPrototype)  
ERROR Pcode error at 02056044: Program does not contain referenced instruction: 02056046 (SleighInstructionPrototype)  
ERROR Pcode error at 0205606a: Could not find cached delayslot parser context (SleighInstructionPrototype)  
ERROR Pcode error at 02056070: Program does not contain referenced instruction: 02056072 (SleighInstructionPrototype)  
ERROR Pcode error at 020560ac: Program does not contain referenced instruction: 020560ae (SleighInstructionPrototype)  
ERROR Pcode error at 020560b4: Delay Slot recursion problem for Instruction at 020560b6 (SleighInstructionPrototype)  
ERROR Pcode error at 020560b6: Program does not contain referenced instruction: 020560b8 (SleighInstructionPrototype)  
ERROR Pcode error at 020560bc: Program does not contain referenced instruction: 020560be (SleighInstructionPrototype)  
ERROR Pcode error at 02056108: Program does not contain referenced instruction: 0205610c (SleighInstructionPrototype)  
ERROR Pcode error at 02056112: Program does not contain referenced instruction: 02056114 (SleighInstructionPrototype)  
ERROR Pcode error at 0205612c: Program does not contain referenced instruction: 0205612e (SleighInstructionPrototype)  
ERROR Pcode error at 0205615c: Program does not contain referenced instruction: 0205615e (SleighInstructionPrototype)  
ERROR Pcode error at 02056148: Delay Slot recursion problem for Instruction at 0205614a (SleighInstructionPrototype)  
ERROR Pcode error at 0205618e: Could not find cached delayslot parser context (SleighInstructionPrototype)  
ERROR Pcode error at 02056198: Program does not contain referenced instruction: 0205619a (SleighInstructionPrototype)  
ERROR Pcode error at 020561bc: Delay Slot recursion problem for Instruction at 020561be (SleighInstructionPrototype)  
ERROR Pcode error at 020561c6: Delay Slot recursion problem for Instruction at 020561c8 (SleighInstructionPrototype)  
ERROR Pcode error at 020561c8: Program does not contain referenced instruction: 020561ca (SleighInstructionPrototype)  
ERROR Pcode error at 020561d8: Program does not contain referenced instruction: 020561dc (SleighInstructionPrototype)  
ERROR Pcode error at 020561f0: Delay Slot recursion problem for Instruction at 020561f2 (SleighInstructionPrototype)  
ERROR Pcode error at 020561f2: Program does not contain referenced instruction: 020561f4 (SleighInstructionPrototype)  
ERROR Pcode error at 020561f6: Program does not contain referenced instruction: 020561f8 (SleighInstructionPrototype)  
ERROR Pcode error at 02056270: Program does not contain referenced instruction: 02056272 (SleighInstructionPrototype)  
ERROR Pcode error at 02056278: Could not find cached delayslot parser context (SleighInstructionPrototype)  
ERROR Pcode error at 02056282: Delay Slot recursion problem for Instruction at 02056284 (SleighInstructionPrototype)  
ERROR Pcode error at 02056284: Program does not contain referenced instruction: 02056286 (SleighInstructionPrototype)  
ERROR Pcode error at 02056292: Program does not contain referenced instruction: 02056294 (SleighInstructionPrototype)  
ERROR Pcode error at 0205642a: Could not find cached delayslot parser context (SleighInstructionPrototype)  
ERROR Pcode error at 020562aa: Could not find cached delayslot parser context (SleighInstructionPrototype)  
ERROR Pcode error at 020562ea: Program does not contain referenced instruction: 020562ec (SleighInstructionPrototype)  
ERROR Pcode error at 020562f4: Delay Slot recursion problem for Instruction at 020562f6 (SleighInstructionPrototype)  
ERROR Pcode error at 02056310: Program does not contain referenced instruction: 02056314 (SleighInstructionPrototype)  
ERROR Pcode error at 0205631e: Program does not contain referenced instruction: 02056322 (SleighInstructionPrototype)  
ERROR Pcode error at 02056e3a: Program does not contain referenced instruction: 02056e3c (SleighInstructionPrototype)  
ERROR Pcode error at 02056850: Could not find cached delayslot parser context (SleighInstructionPrototype)  
ERROR Pcode error at 0205816a: Could not find cached delayslot parser context (SleighInstructionPrototype)  
ERROR Pcode error at 02056540: Could not find cached delayslot parser context (SleighInstructionPrototype)  
ERROR Pcode error at 02057562: Could not find cached delayslot parser context (SleighInstructionPrototype)  
ERROR Pcode error at 02056794: Program does not contain referenced instruction: 02056796 (SleighInstructionPrototype)  
ERROR Pcode error at 02056970: Program does not contain referenced instruction: 02056972 (SleighInstructionPrototype)  
ERROR Pcode error at 020567d0: Program does not contain referenced instruction: 020567d2 (SleighInstructionPrototype)  
ERROR Pcode error at 020567da: Program does not contain referenced instruction: 020567dc (SleighInstructionPrototype)  
ERROR Pcode error at 02056a62: Could not find cached delayslot parser context (SleighInstructionPrototype)  
ERROR Pcode error at 02056c78: Program does not contain referenced instruction: 02056c7a (SleighInstructionPrototype)  
ERROR Pcode error at 02056e70: Could not find cached delayslot parser context (SleighInstructionPrototype)  
ERROR Pcode error at 02056e70: Could not find cached delayslot parser context (SleighInstructionPrototype)  
ERROR Pcode error at 02057664: Program does not contain referenced instruction: 02057666 (SleighInstructionPrototype)  
ERROR Pcode error at 020576b4: Program does not contain referenced instruction: 020576b6 (SleighInstructionPrototype)  
ERROR Pcode error at 0205771c: Program does not contain referenced instruction: 0205771e (SleighInstructionPrototype)  
ERROR Pcode error at 02057d0a: Program does not contain referenced instruction: 02057d0e (SleighInstructionPrototype)  
INFO  Applied data type archive: generic_clib (ApplyDataArchiveAnalyzer)  
ERROR Pcode error at 0203522a: Program does not contain referenced instruction: 0203522c (SleighInstructionPrototype)  
ERROR Pcode error at 02016274: Program does not contain referenced instruction: 02016276 (SleighInstructionPrototype)  
ERROR Pcode error at 020323ea: Program does not contain referenced instruction: 020323ee (SleighInstructionPrototype)  
ERROR Pcode error at 02032054: Program does not contain referenced instruction: 02032058 (SleighInstructionPrototype)  
ERROR Pcode error at 02033840: Program does not contain referenced instruction: 02033844 (SleighInstructionPrototype)  
ERROR Pcode error at 0205690e: Could not find cached delayslot parser context (SleighInstructionPrototype)  
ERROR Pcode error at 020141e6: Program does not contain referenced instruction: 020141e8 (SleighInstructionPrototype)  
ERROR Pcode error at 02055e4a: Program does not contain referenced instruction: 02055e4c (SleighInstructionPrototype)  
ERROR Pcode error at 0201ff5e: Program does not contain referenced instruction: 0201ff62 (SleighInstructionPrototype)  
ERROR Pcode error at 020347f4: Program does not contain referenced instruction: 020347f6 (SleighInstructionPrototype)  
ERROR Pcode error at 0202d4aa: Program does not contain referenced instruction: 0202d4ac (SleighInstructionPrototype)  
ERROR Pcode error at 0203555e: Program does not contain referenced instruction: 02035562 (SleighInstructionPrototype)  
ERROR Pcode error at 020335ce: Program does not contain referenced instruction: 020335d0 (SleighInstructionPrototype)  
INFO  -----------------------------------------------------
    ASCII Strings                              0.019 secs
    Apply Data Archives                        0.012 secs
    Basic Constant Reference Analyzer          1.542 secs
    Call Convention ID                         0.005 secs
    Call-Fixup Installer                       0.004 secs
    Create Address Tables                      0.019 secs
    Create Address Tables - One Time           0.012 secs
    Create Function                            0.076 secs
    Data Reference                             0.107 secs
    Decompiler Switch Analysis                 9.628 secs
    Demangler GNU                              0.003 secs
    Disassemble Entry Points                   0.013 secs
    Embedded Media                             0.008 secs
    External Entry References                  0.000 secs
    Function ID                                0.000 secs
    Non-Returning Functions - Discovered       1.108 secs
    Reference                                  0.073 secs
    Shared Return Calls                        0.112 secs
    Stack                                      0.459 secs
    Subroutine References                      0.071 secs
    Subroutine References - One Time           0.001 secs
-----------------------------------------------------
     Total Time   13 secs
-----------------------------------------------------
 (AutoAnalysisManager)  
INFO  V16DecoderAnalysis.java> EVIDENCE_REF phase=exhaustive from=02000766 text=lb.z r7,[r5 ++= 1] to=020584ae type=READ function=- (GhidraScript)  
INFO  V16DecoderAnalysis.java> EVIDENCE_REF phase=exhaustive from=02000766 text=lb.z r7,[r5 ++= 1] to=020584af type=READ function=- (GhidraScript)  
INFO  V16DecoderAnalysis.java> EVIDENCE_REF phase=exhaustive from=0200082a text=mov r0,#0x2058241 to=02058241 type=PARAM function=FUN_02000812@02000812 (GhidraScript)  
INFO  V16DecoderAnalysis.java> EVIDENCE_SCALAR phase=exhaustive at=0200082a value=02058241 text=mov r0,#0x2058241 function=FUN_02000812@02000812 (GhidraScript)  
INFO  V16DecoderAnalysis.java> EVIDENCE_PCODE_CONST phase=exhaustive at=0200082a value=02058241 op=COPY text=mov r0,#0x2058241 function=FUN_02000812@02000812 (GhidraScript)  
INFO  V16DecoderAnalysis.java> EVIDENCE_REF phase=exhaustive from=020008f0 text=mov r0,#0x2058241 to=02058241 type=PARAM function=FUN_02000886@02000886 (GhidraScript)  
INFO  V16DecoderAnalysis.java> EVIDENCE_SCALAR phase=exhaustive at=020008f0 value=02058241 text=mov r0,#0x2058241 function=FUN_02000886@02000886 (GhidraScript)  
INFO  V16DecoderAnalysis.java> EVIDENCE_PCODE_CONST phase=exhaustive at=020008f0 value=02058241 op=COPY text=mov r0,#0x2058241 function=FUN_02000886@02000886 (GhidraScript)  
ERROR Pcode error at 020009a6: Program does not contain referenced instruction: 020009a8 (SleighInstructionPrototype)  
INFO  V16DecoderAnalysis.java> EVIDENCE_REF phase=exhaustive from=02000b72 text=lb.z r2,[r2 + r3] to=020585d0 type=DATA function=FUN_02000b1c@02000b1c (GhidraScript)  
INFO  V16DecoderAnalysis.java> EVIDENCE_REF phase=exhaustive from=02000c16 text=lb.z r2,[r2 + r4] to=020585d0 type=DATA function=FUN_02000b1c@02000b1c (GhidraScript)  
INFO  V16DecoderAnalysis.java> EVIDENCE_REF phase=exhaustive from=02000c8e text=lb.z r7,[r2 + r4] to=020584f0 type=DATA function=FUN_02000b1c@02000b1c (GhidraScript)  
INFO  V16DecoderAnalysis.java> EVIDENCE_REF phase=exhaustive from=02000e48 text=lb.z r13,[r1 + r2] to=020585d0 type=DATA function=- (GhidraScript)  
INFO  V16DecoderAnalysis.java> EVIDENCE_REF phase=exhaustive from=0200100e text=add r1,r8,#0x8ae to=020584be type=PARAM function=- (GhidraScript)  
INFO  V16DecoderAnalysis.java> EVIDENCE_REF phase=exhaustive from=020010a6 text=lb.z r6,[r0 + r1] to=020584f0 type=DATA function=FUN_02001052@02001052 (GhidraScript)  
INFO  V16DecoderAnalysis.java> EVIDENCE_REF phase=exhaustive from=02001120 text=lb.z r6,[r1 + r2] to=020585d0 type=DATA function=FUN_02001052@02001052 (GhidraScript)  
INFO  V16DecoderAnalysis.java> EVIDENCE_REF phase=exhaustive from=020011d0 text=add r0,r0,#0x631 to=02058241 type=PARAM function=FUN_02001052@02001052 (GhidraScript)  
INFO  V16DecoderAnalysis.java> EVIDENCE_REF phase=exhaustive from=02001238 text=lb.z r15,[r1 + r2] to=020585d0 type=READ function=FUN_02001052@02001052 (GhidraScript)  
INFO  V16DecoderAnalysis.java> EVIDENCE_REF phase=exhaustive from=020012ba text=add r0,r0,#0x631 to=02058241 type=PARAM function=FUN_02001052@02001052 (GhidraScript)  
INFO  V16DecoderAnalysis.java> EVIDENCE_REF phase=exhaustive from=02001376 text=add r0,r0,#0x631 to=02058241 type=PARAM function=FUN_02001052@02001052 (GhidraScript)  
INFO  V16DecoderAnalysis.java> EVIDENCE_SCALAR phase=exhaustive at=02001418 value=02058241 text=mov r10,#0x2058241 function=- (GhidraScript)  
INFO  V16DecoderAnalysis.java> EVIDENCE_PCODE_CONST phase=exhaustive at=02001418 value=02058241 op=COPY text=mov r10,#0x2058241 function=- (GhidraScript)  
INFO  V16DecoderAnalysis.java> EVIDENCE_REF phase=exhaustive from=0200145e text=mov r0,r10 to=02058241 type=PARAM function=- (GhidraScript)  
INFO  V16DecoderAnalysis.java> EVIDENCE_REF phase=exhaustive from=020016f0 text=lb.z r2,[r2 + r3] to=020586f8 type=DATA function=- (GhidraScript)  
ERROR Pcode error at 02001c70: Could not find cached delayslot parser context (SleighInstructionPrototype)  
INFO  V16DecoderAnalysis.java> EVIDENCE_REF phase=exhaustive from=0200204c text=lb.z r3,[r3 + 0xc0a] to=0205881a type=DATA function=- (GhidraScript)  
INFO  V16DecoderAnalysis.java> EVIDENCE_REF phase=exhaustive from=02002056 text=lb.z r4,[r4 + 0xc0e] to=0205881e type=DATA function=- (GhidraScript)  
INFO  V16DecoderAnalysis.java> EVIDENCE_SCALAR phase=exhaustive at=020027b0 value=020580ed text=mov r0,#0x20580ed function=FUN_02002688@02002688 (GhidraScript)  
INFO  V16DecoderAnalysis.java> EVIDENCE_PCODE_CONST phase=exhaustive at=020027b0 value=020580ed op=COPY text=mov r0,#0x20580ed function=FUN_02002688@02002688 (GhidraScript)  
INFO  V16DecoderAnalysis.java> EVIDENCE_REF phase=exhaustive from=020027b6 text=sw r0,[r1 + 0x0] to=020580ed type=DATA function=FUN_02002688@02002688 (GhidraScript)  
INFO  V16DecoderAnalysis.java> EVIDENCE_REF phase=exhaustive from=0200379a text=mov r0,#0x20580ed to=020580ed type=PARAM function=FUN_02003672@02003672 (GhidraScript)  
INFO  V16DecoderAnalysis.java> EVIDENCE_SCALAR phase=exhaustive at=0200379a value=020580ed text=mov r0,#0x20580ed function=FUN_02003672@02003672 (GhidraScript)  
INFO  V16DecoderAnalysis.java> EVIDENCE_PCODE_CONST phase=exhaustive at=0200379a value=020580ed op=COPY text=mov r0,#0x20580ed function=FUN_02003672@02003672 (GhidraScript)  
INFO  V16DecoderAnalysis.java> EVIDENCE_SCALAR phase=exhaustive at=02004a62 value=02058354 text=mov r0,#0x2058354 function=FUN_02004a56@02004a56 (GhidraScript)  
INFO  V16DecoderAnalysis.java> EVIDENCE_PCODE_CONST phase=exhaustive at=02004a62 value=02058354 op=COPY text=mov r0,#0x2058354 function=FUN_02004a56@02004a56 (GhidraScript)  
INFO  V16DecoderAnalysis.java> EVIDENCE_REF phase=exhaustive from=02004a68 text=add r3,r0,#0xc to=02058360 type=PARAM function=FUN_02004a56@02004a56 (GhidraScript)  
INFO  V16DecoderAnalysis.java> EVIDENCE_REF phase=exhaustive from=02004f62 text=sw r0,[r6+r1<<2] to=02058550 type=DATA function=FUN_02004f08@02004f08 (GhidraScript)  
INFO  V16DecoderAnalysis.java> EVIDENCE_REF phase=exhaustive from=02004f66 text=add r0,r4,#0xb60 to=020587d9 type=PARAM function=FUN_02004f08@02004f08 (GhidraScript)  
INFO  V16DecoderAnalysis.java> EVIDENCE_REF phase=exhaustive from=02004ff6 text=lh.z r3,[r2 ++= 2] to=0205811e type=READ function=FUN_02004f08@02004f08 (GhidraScript)  
INFO  V16DecoderAnalysis.java> EVIDENCE_REF phase=exhaustive from=02004ff6 text=lh.z r3,[r2 ++= 2] to=02058120 type=READ function=FUN_02004f08@02004f08 (GhidraScript)  
INFO  V16DecoderAnalysis.java> EVIDENCE_REF phase=exhaustive from=02005010 text=lh.z r3,[r2 ++= 2] to=02058128 type=READ function=FUN_02004f08@02004f08 (GhidraScript)  
INFO  V16DecoderAnalysis.java> EVIDENCE_REF phase=exhaustive from=02005010 text=lh.z r3,[r2 ++= 2] to=0205812a type=READ function=FUN_02004f08@02004f08 (GhidraScript)  
INFO  V16DecoderAnalysis.java> EVIDENCE_REF phase=exhaustive from=02005026 text=lh.z r2,[r1 ++= 2] to=02058132 type=READ function=FUN_02004f08@02004f08 (GhidraScript)  
INFO  V16DecoderAnalysis.java> EVIDENCE_REF phase=exhaustive from=02005026 text=lh.z r2,[r1 ++= 2] to=02058134 type=READ function=FUN_02004f08@02004f08 (GhidraScript)  
ERROR Pcode error at 02005274: Could not find cached delayslot parser context (SleighInstructionPrototype)  
ERROR Pcode error at 020052ae: Could not find cached delayslot parser context (SleighInstructionPrototype)  
ERROR Pcode error at 02005324: Program does not contain referenced instruction: 02005326 (SleighInstructionPrototype)  
ERROR Pcode error at 020053c0: Could not find cached delayslot parser context (SleighInstructionPrototype)  
ERROR Pcode error at 02005480: Could not find cached delayslot parser context (SleighInstructionPrototype)  
ERROR Pcode error at 020054ce: Could not find cached delayslot parser context (SleighInstructionPrototype)  
ERROR Pcode error at 020054e6: Could not find cached delayslot parser context (SleighInstructionPrototype)  
ERROR Pcode error at 02005a98: Could not find cached delayslot parser context (SleighInstructionPrototype)  
ERROR Pcode error at 02005c66: Could not find cached delayslot parser context (SleighInstructionPrototype)  
ERROR Pcode error at 02005d06: Could not find cached delayslot parser context (SleighInstructionPrototype)  
INFO  V16DecoderAnalysis.java> EVIDENCE_REF phase=exhaustive from=02005ed2 text=add r0,r1,#0xa99 to=020586a9 type=PARAM function=- (GhidraScript)  
ERROR Pcode error at 020066aa: Delay Slot recursion problem for Instruction at 020066ac (SleighInstructionPrototype)  
INFO  V16DecoderAnalysis.java> EVIDENCE_REF phase=exhaustive from=020067ae text=add r2,r11,#0x4cb to=020580db type=PARAM function=- (GhidraScript)  
INFO  V16DecoderAnalysis.java> EVIDENCE_REF phase=exhaustive from=020067ca text=mov r2,r8 to=0205818c type=PARAM function=- (GhidraScript)  
INFO  V16DecoderAnalysis.java> EVIDENCE_SCALAR phase=exhaustive at=02007492 value=02058054 text=mov r7,#0x2058054 function=- (GhidraScript)  
INFO  V16DecoderAnalysis.java> EVIDENCE_PCODE_CONST phase=exhaustive at=02007492 value=02058054 op=COPY text=mov r7,#0x2058054 function=- (GhidraScript)  
INFO  V16DecoderAnalysis.java> EVIDENCE_REF phase=exhaustive from=020074a0 text=lb.z r3,[r2 ++= 1] to=02058054 type=READ function=- (GhidraScript)  
INFO  V16DecoderAnalysis.java> EVIDENCE_REF phase=exhaustive from=020074a0 text=lb.z r3,[r2 ++= 1] to=02058055 type=READ function=- (GhidraScript)  
INFO  V16DecoderAnalysis.java> EVIDENCE_REF phase=exhaustive from=020074ae text=lb.z r3,[r2 ++= 1] to=0205805d type=READ function=- (GhidraScript)  
INFO  V16DecoderAnalysis.java> EVIDENCE_REF phase=exhaustive from=020074c2 text=lb.z r3,[r2 ++= 1] to=020584ce type=READ function=- (GhidraScript)  
INFO  V16DecoderAnalysis.java> EVIDENCE_REF phase=exhaustive from=020074c2 text=lb.z r3,[r2 ++= 1] to=020584cf type=READ function=- (GhidraScript)  
INFO  V16DecoderAnalysis.java> EVIDENCE_REF phase=exhaustive from=020074d4 text=add r1,r7,#0xd4e to=02058da2 type=PARAM function=- (GhidraScript)  
INFO  V16DecoderAnalysis.java> EVIDENCE_REF phase=exhaustive from=020074e4 text=add r1,r7,#0xd7b to=02058dcf type=PARAM function=- (GhidraScript)  
INFO  V16DecoderAnalysis.java> EVIDENCE_REF phase=exhaustive from=020074fa text=lb.z r2,[r1 ++= 1] to=02058b24 type=READ function=- (GhidraScript)  
INFO  V16DecoderAnalysis.java> EVIDENCE_REF phase=exhaustive from=020074fa text=lb.z r2,[r1 ++= 1] to=02058b25 type=READ function=- (GhidraScript)  
INFO  V16DecoderAnalysis.java> EVIDENCE_SCALAR phase=exhaustive at=0200762e value=0205800c text=mov r4,#0x205800c function=FUN_0200760c@0200760c (GhidraScript)  
INFO  V16DecoderAnalysis.java> EVIDENCE_PCODE_CONST phase=exhaustive at=0200762e value=0205800c op=COPY text=mov r4,#0x205800c function=FUN_0200760c@0200760c (GhidraScript)  
INFO  V16DecoderAnalysis.java> EVIDENCE_SCALAR phase=exhaustive at=020078b0 value=0205800c text=mov r4,#0x205800c function=FUN_0200788e@0200788e (GhidraScript)  
INFO  V16DecoderAnalysis.java> EVIDENCE_PCODE_CONST phase=exhaustive at=020078b0 value=0205800c op=COPY text=mov r4,#0x205800c function=FUN_0200788e@0200788e (GhidraScript)  
INFO  V16DecoderAnalysis.java> EVIDENCE_REF phase=exhaustive from=02007c28 text=mov r0,#0x2058241 to=02058241 type=PARAM function=- (GhidraScript)  
INFO  V16DecoderAnalysis.java> EVIDENCE_SCALAR phase=exhaustive at=02007c28 value=02058241 text=mov r0,#0x2058241 function=- (GhidraScript)  
INFO  V16DecoderAnalysis.java> EVIDENCE_PCODE_CONST phase=exhaustive at=02007c28 value=02058241 op=COPY text=mov r0,#0x2058241 function=- (GhidraScript)  
INFO  V16DecoderAnalysis.java> EVIDENCE_REF phase=exhaustive from=0200812a text=mov r0,#0x2058241 to=02058241 type=PARAM function=- (GhidraScript)  
INFO  V16DecoderAnalysis.java> EVIDENCE_SCALAR phase=exhaustive at=0200812a value=02058241 text=mov r0,#0x2058241 function=- (GhidraScript)  
INFO  V16DecoderAnalysis.java> EVIDENCE_PCODE_CONST phase=exhaustive at=0200812a value=02058241 op=COPY text=mov r0,#0x2058241 function=- (GhidraScript)  
INFO  V16DecoderAnalysis.java> EVIDENCE_REF phase=exhaustive from=0200847a text=add r0,r9,#0x631 to=02058241 type=PARAM function=FUN_02008438@02008438 (GhidraScript)  
INFO  V16DecoderAnalysis.java> EVIDENCE_REF phase=exhaustive from=0200856a text=add r0,r9,#0x631 to=02058241 type=PARAM function=FUN_02008438@02008438 (GhidraScript)  
INFO  V16DecoderAnalysis.java> EVIDENCE_REF phase=exhaustive from=020085c2 text=lb.z r4,[r4 + r11] to=020585d0 type=DATA function=FUN_02008438@02008438 (GhidraScript)  
INFO  V16DecoderAnalysis.java> EVIDENCE_REF phase=exhaustive from=02008680 text=add r0,r9,#0x631 to=02058241 type=PARAM function=FUN_02008438@02008438 (GhidraScript)  
INFO  V16DecoderAnalysis.java> EVIDENCE_SCALAR phase=exhaustive at=020086de value=0205800c text=mov r0,#0x205800c function=FUN_020086b2@020086b2 (GhidraScript)  
INFO  V16DecoderAnalysis.java> EVIDENCE_PCODE_CONST phase=exhaustive at=020086de value=0205800c op=COPY text=mov r0,#0x205800c function=FUN_020086b2@020086b2 (GhidraScript)  
INFO  V16DecoderAnalysis.java> EVIDENCE_SCALAR phase=exhaustive at=02008850 value=0205800c text=mov r0,#0x205800c function=FUN_020087da@020087da (GhidraScript)  
INFO  V16DecoderAnalysis.java> EVIDENCE_PCODE_CONST phase=exhaustive at=02008850 value=0205800c op=COPY text=mov r0,#0x205800c function=FUN_020087da@020087da (GhidraScript)  
INFO  V16DecoderAnalysis.java> EVIDENCE_REF phase=exhaustive from=02008f0e text=mov r3,#0x2058066 to=02058066 type=PARAM function=- (GhidraScript)  
INFO  V16DecoderAnalysis.java> EVIDENCE_SCALAR phase=exhaustive at=02008f0e value=02058066 text=mov r3,#0x2058066 function=- (GhidraScript)  
INFO  V16DecoderAnalysis.java> EVIDENCE_PCODE_CONST phase=exhaustive at=02008f0e value=02058066 op=COPY text=mov r3,#0x2058066 function=- (GhidraScript)  
INFO  V16DecoderAnalysis.java> EVIDENCE_REF phase=exhaustive from=02008f1c text=lb.z r5,[r2 ++= 1] to=02058066 type=READ function=- (GhidraScript)  
INFO  V16DecoderAnalysis.java> EVIDENCE_REF phase=exhaustive from=02008f1c text=lb.z r5,[r2 ++= 1] to=02058067 type=READ function=- (GhidraScript)  
INFO  V16DecoderAnalysis.java> EVIDENCE_REF phase=exhaustive from=02008f38 text=lb.z r5,[r2 ++= 1] to=02058262 type=READ function=- (GhidraScript)  
INFO  V16DecoderAnalysis.java> EVIDENCE_REF phase=exhaustive from=02008f38 text=lb.z r5,[r2 ++= 1] to=02058263 type=READ function=- (GhidraScript)  
INFO  V16DecoderAnalysis.java> EVIDENCE_REF phase=exhaustive from=02008f44 text=lb.z r5,[r2 ++= 1] to=020580ff type=READ function=- (GhidraScript)  
INFO  V16DecoderAnalysis.java> EVIDENCE_REF phase=exhaustive from=02008f44 text=lb.z r5,[r2 ++= 1] to=02058100 type=READ function=- (GhidraScript)  
INFO  V16DecoderAnalysis.java> EVIDENCE_REF phase=exhaustive from=02008f50 text=lb.z r5,[r2 ++= 1] to=0205806f type=READ function=- (GhidraScript)  
INFO  V16DecoderAnalysis.java> EVIDENCE_REF phase=exhaustive from=02008f50 text=lb.z r5,[r2 ++= 1] to=02058070 type=READ function=- (GhidraScript)  
INFO  V16DecoderAnalysis.java> EVIDENCE_REF phase=exhaustive from=02008f5a text=add r1,r3,#0xee6 to=02058f4c type=PARAM function=- (GhidraScript)  
INFO  V16DecoderAnalysis.java> EVIDENCE_REF phase=exhaustive from=020092fa text=lb.z r7,[r2 ++= 1] to=02058066 type=READ function=- (GhidraScript)  
INFO  V16DecoderAnalysis.java> EVIDENCE_REF phase=exhaustive from=020092fa text=lb.z r7,[r2 ++= 1] to=02058067 type=READ function=- (GhidraScript)  
INFO  V16DecoderAnalysis.java> EVIDENCE_REF phase=exhaustive from=0200930c text=lb.z r7,[r2 ++= 1] to=02058078 type=READ function=- (GhidraScript)  
INFO  V16DecoderAnalysis.java> EVIDENCE_REF phase=exhaustive from=0200930c text=lb.z r7,[r2 ++= 1] to=02058079 type=READ function=- (GhidraScript)  
INFO  V16DecoderAnalysis.java> EVIDENCE_REF phase=exhaustive from=02009326 text=lb.z r3,[r7 ++= 1] to=0205826e type=READ function=- (GhidraScript)  
INFO  V16DecoderAnalysis.java> EVIDENCE_REF phase=exhaustive from=02009326 text=lb.z r3,[r7 ++= 1] to=0205826f type=READ function=- (GhidraScript)  
INFO  V16DecoderAnalysis.java> EVIDENCE_REF phase=exhaustive from=0200932e text=lb.z r3,[r2 ++= 1] to=02058081 type=READ function=- (GhidraScript)  
INFO  V16DecoderAnalysis.java> EVIDENCE_REF phase=exhaustive from=0200932e text=lb.z r3,[r2 ++= 1] to=02058082 type=READ function=- (GhidraScript)  
INFO  V16DecoderAnalysis.java> EVIDENCE_REF phase=exhaustive from=02009344 text=lb.z r2,[r6 ++= 1] to=02058109 type=READ function=- (GhidraScript)  
INFO  V16DecoderAnalysis.java> EVIDENCE_REF phase=exhaustive from=02009344 text=lb.z r2,[r6 ++= 1] to=0205810a type=READ function=- (GhidraScript)  
INFO  V16DecoderAnalysis.java> EVIDENCE_REF phase=exhaustive from=0200934e text=add r1,r8,0x109a to=02058f80 type=PARAM function=- (GhidraScript)  
INFO  V16DecoderAnalysis.java> EVIDENCE_REF phase=exhaustive from=020094a4 text=lb.z r6,[r1 ++= 1] to=02058066 type=READ function=- (GhidraScript)  
INFO  V16DecoderAnalysis.java> EVIDENCE_REF phase=exhaustive from=020094a4 text=lb.z r6,[r1 ++= 1] to=02058067 type=READ function=- (GhidraScript)  
INFO  V16DecoderAnalysis.java> EVIDENCE_REF phase=exhaustive from=020094b8 text=lb.z r6,[r2 ++= 1] to=02058113 type=READ function=- (GhidraScript)  
INFO  V16DecoderAnalysis.java> EVIDENCE_REF phase=exhaustive from=020094b8 text=lb.z r6,[r2 ++= 1] to=02058114 type=READ function=- (GhidraScript)  
INFO  V16DecoderAnalysis.java> EVIDENCE_REF phase=exhaustive from=020094e4 text=lb.z r6,[r2 ++= 1] to=02058262 type=READ function=- (GhidraScript)  
INFO  V16DecoderAnalysis.java> EVIDENCE_REF phase=exhaustive from=020094e4 text=lb.z r6,[r2 ++= 1] to=02058263 type=READ function=- (GhidraScript)  
INFO  V16DecoderAnalysis.java> EVIDENCE_REF phase=exhaustive from=020094f0 text=lb.z r6,[r2 ++= 1] to=0205826e type=READ function=- (GhidraScript)  
INFO  V16DecoderAnalysis.java> EVIDENCE_REF phase=exhaustive from=020094f0 text=lb.z r6,[r2 ++= 1] to=0205826f type=READ function=- (GhidraScript)  
INFO  V16DecoderAnalysis.java> EVIDENCE_REF phase=exhaustive from=02009632 text=mov r2,#0x2058ae6 to=02058ae6 type=PARAM function=- (GhidraScript)  
INFO  V16DecoderAnalysis.java> EVIDENCE_SCALAR phase=exhaustive at=02009632 value=02058ae6 text=mov r2,#0x2058ae6 function=- (GhidraScript)  
INFO  V16DecoderAnalysis.java> EVIDENCE_PCODE_CONST phase=exhaustive at=02009632 value=02058ae6 op=COPY text=mov r2,#0x2058ae6 function=- (GhidraScript)  
INFO  V16DecoderAnalysis.java> EVIDENCE_REF phase=exhaustive from=0200968e text=}  add r2, #0x1e to=02058b04 type=PARAM function=- (GhidraScript)  
INFO  V16DecoderAnalysis.java> EVIDENCE_REF phase=exhaustive from=020096a0 text=}  add r2, r2, #0x1f2 to=02058cd8 type=PARAM function=- (GhidraScript)  
INFO  V16DecoderAnalysis.java> EVIDENCE_REF phase=exhaustive from=020096b4 text=}  add r2, r2, #0x1aa to=02058c90 type=PARAM function=- (GhidraScript)  
INFO  V16DecoderAnalysis.java> EVIDENCE_SCALAR phase=exhaustive at=020098b4 value=0205800c text=mov r0,#0x205800c function=- (GhidraScript)  
INFO  V16DecoderAnalysis.java> EVIDENCE_PCODE_CONST phase=exhaustive at=020098b4 value=0205800c op=COPY text=mov r0,#0x205800c function=- (GhidraScript)  
ERROR Pcode error at 02009baa: Could not find cached delayslot parser context (SleighInstructionPrototype)  
ERROR Pcode error at 0200c9c6: Program does not contain referenced instruction: 0200c9ca (SleighInstructionPrototype)  
ERROR Pcode error at 0200c9d8: Program does not contain referenced instruction: 0200c9da (SleighInstructionPrototype)  
ERROR Pcode error at 0200d35e: Program does not contain referenced instruction: 0200d362 (SleighInstructionPrototype)  
ERROR Pcode error at 0200f126: Program does not contain referenced instruction: 0200f12a (SleighInstructionPrototype)  
ERROR Pcode error at 0200f2b8: Program does not contain referenced instruction: 0200f2bc (SleighInstructionPrototype)  
INFO  V16DecoderAnalysis.java> EVIDENCE_REF phase=exhaustive from=02013cee text=lb.z r5,[r0 + 0x50d] to=0205811d type=DATA function=FUN_02013c96@02013c96 (GhidraScript)  
INFO  V16DecoderAnalysis.java> EVIDENCE_REF phase=exhaustive from=02013d42 text=lb.z r5,[r0 + r1] to=020584de type=DATA function=FUN_02013c96@02013c96 (GhidraScript)  
ERROR Pcode error at 02013f2c: Program does not contain referenced instruction: 02013f30 (SleighInstructionPrototype)  
ERROR Pcode error at 02013f34: Program does not contain referenced instruction: 02013f38 (SleighInstructionPrototype)  
ERROR Pcode error at 02013f80: Program does not contain referenced instruction: 02013f84 (SleighInstructionPrototype)  
ERROR Pcode error at 02013f90: Program does not contain referenced instruction: 02013f92 (SleighInstructionPrototype)  
ERROR Pcode error at 02014106: Program does not contain referenced instruction: 02014108 (SleighInstructionPrototype)  
ERROR Pcode error at 020141e6: Program does not contain referenced instruction: 020141e8 (SleighInstructionPrototype)  
ERROR Pcode error at 02014244: Program does not contain referenced instruction: 02014246 (SleighInstructionPrototype)  
ERROR Pcode error at 02014940: Program does not contain referenced instruction: 02014942 (SleighInstructionPrototype)  
ERROR Pcode error at 02014952: Program does not contain referenced instruction: 02014954 (SleighInstructionPrototype)  
ERROR Pcode error at 020153ee: Program does not contain referenced instruction: 020153f2 (SleighInstructionPrototype)  
ERROR Pcode error at 02016274: Program does not contain referenced instruction: 02016276 (SleighInstructionPrototype)  
ERROR Pcode error at 02016650: Program does not contain referenced instruction: 02016652 (SleighInstructionPrototype)  
INFO  V16DecoderAnalysis.java> EVIDENCE_SCALAR phase=exhaustive at=02018794 value=02058908 text=mov r5,#0x2058908 function=- (GhidraScript)  
INFO  V16DecoderAnalysis.java> EVIDENCE_PCODE_CONST phase=exhaustive at=02018794 value=02058908 op=COPY text=mov r5,#0x2058908 function=- (GhidraScript)  
INFO  V16DecoderAnalysis.java> EVIDENCE_REF phase=exhaustive from=0201879a text=mov r0,r5 to=02058908 type=PARAM function=- (GhidraScript)  
ERROR Pcode error at 020196a4: Could not find cached delayslot parser context (SleighInstructionPrototype)  
ERROR Pcode error at 020196a8: Delay Slot recursion problem for Instruction at 020196aa (SleighInstructionPrototype)  
ERROR Pcode error at 020196aa: Could not find cached delayslot parser context (SleighInstructionPrototype)  
ERROR Pcode error at 0201a228: Program does not contain referenced instruction: 0201a22c (SleighInstructionPrototype)  
ERROR Pcode error at 0201aec0: Program does not contain referenced instruction: 0201aec4 (SleighInstructionPrototype)  
ERROR Pcode error at 0201b8cc: Program does not contain referenced instruction: 0201b8ce (SleighInstructionPrototype)  
INFO  V16DecoderAnalysis.java> EVIDENCE_REF phase=exhaustive from=0201c2c6 text=lb.z r5,[r3 + r1] to=020586bc type=READ function=- (GhidraScript)  
INFO  V16DecoderAnalysis.java> EVIDENCE_REF phase=exhaustive from=0201c4be text=lb.z r0,[r6 ++= 1] to=02058685 type=READ function=- (GhidraScript)  
INFO  V16DecoderAnalysis.java> EVIDENCE_REF phase=exhaustive from=0201c610 text=mov r0,#0x2058241 to=02058241 type=PARAM function=FUN_0201c5a2@0201c5a2 (GhidraScript)  
INFO  V16DecoderAnalysis.java> EVIDENCE_SCALAR phase=exhaustive at=0201c610 value=02058241 text=mov r0,#0x2058241 function=FUN_0201c5a2@0201c5a2 (GhidraScript)  
INFO  V16DecoderAnalysis.java> EVIDENCE_PCODE_CONST phase=exhaustive at=0201c610 value=02058241 op=COPY text=mov r0,#0x2058241 function=FUN_0201c5a2@0201c5a2 (GhidraScript)  
INFO  V16DecoderAnalysis.java> EVIDENCE_REF phase=exhaustive from=0201ce38 text=lb.z r0,[r0 + r10] to=02058994 type=DATA function=- (GhidraScript)  
INFO  V16DecoderAnalysis.java> EVIDENCE_REF phase=exhaustive from=0201ced2 text=lb.z r0,[r0 + r10] to=02058994 type=DATA function=- (GhidraScript)  
INFO  V16DecoderAnalysis.java> EVIDENCE_REF phase=exhaustive from=0201d0ee text=lb.z r0,[r0 + r15] to=02058994 type=DATA function=- (GhidraScript)  
INFO  V16DecoderAnalysis.java> EVIDENCE_REF phase=exhaustive from=0201d16c text=lb.z r0,[r0 + r15] to=02058994 type=DATA function=- (GhidraScript)  
INFO  V16DecoderAnalysis.java> EVIDENCE_REF phase=exhaustive from=0201d296 text=lb.z r0,[r0 + r14] to=02058994 type=DATA function=FUN_0201d22c@0201d22c (GhidraScript)  
INFO  V16DecoderAnalysis.java> EVIDENCE_REF phase=exhaustive from=0201d328 text=lb.z r0,[r0 + r13] to=02058994 type=DATA function=FUN_0201d22c@0201d22c (GhidraScript)  
INFO  V16DecoderAnalysis.java> EVIDENCE_REF phase=exhaustive from=0201d8c0 text=lb.z r10,[r0 + r2] to=02058540 type=DATA function=- (GhidraScript)  
ERROR Pcode error at 0201dbf6: Program does not contain referenced instruction: 0201dbf8 (SleighInstructionPrototype)  
ERROR Pcode error at 0201dc18: Program does not contain referenced instruction: 0201dc1a (SleighInstructionPrototype)  
ERROR Pcode error at 0201dcde: Program does not contain referenced instruction: 0201dce0 (SleighInstructionPrototype)  
ERROR Pcode error at 0201ddea: Program does not contain referenced instruction: 0201ddec (SleighInstructionPrototype)  
ERROR Pcode error at 0201de98: Program does not contain referenced instruction: 0201de9a (SleighInstructionPrototype)  
ERROR Pcode error at 0201debc: Program does not contain referenced instruction: 0201debe (SleighInstructionPrototype)  
INFO  V16DecoderAnalysis.java> EVIDENCE_SCALAR phase=exhaustive at=0201e0f6 value=02058241 text=mov r0,#0x2058241 function=FUN_0201e0c4@0201e0c4 (GhidraScript)  
INFO  V16DecoderAnalysis.java> EVIDENCE_PCODE_CONST phase=exhaustive at=0201e0f6 value=02058241 op=COPY text=mov r0,#0x2058241 function=FUN_0201e0c4@0201e0c4 (GhidraScript)  
INFO  V16DecoderAnalysis.java> EVIDENCE_SCALAR phase=exhaustive at=0201e276 value=02058520 text=mov r2,#0x2058520 function=FUN_0201e276@0201e276 (GhidraScript)  
INFO  V16DecoderAnalysis.java> EVIDENCE_PCODE_CONST phase=exhaustive at=0201e276 value=02058520 op=COPY text=mov r2,#0x2058520 function=FUN_0201e276@0201e276 (GhidraScript)  
INFO  V16DecoderAnalysis.java> EVIDENCE_REF phase=exhaustive from=0201e27c text=lh.z r1,[r2 + r1] to=02058520 type=DATA function=FUN_0201e276@0201e276 (GhidraScript)  
INFO  V16DecoderAnalysis.java> EVIDENCE_REF phase=exhaustive from=0201f3b6 text=add r1,r13,#0xd1c to=0205895c type=PARAM function=FUN_0201f364@0201f364 (GhidraScript)  
INFO  V16DecoderAnalysis.java> EVIDENCE_REF phase=exhaustive from=0201f3dc text=add r1,r13,#0x489 to=020580c9 type=PARAM function=FUN_0201f364@0201f364 (GhidraScript)  
INFO  V16DecoderAnalysis.java> EVIDENCE_REF phase=exhaustive from=0201f7e6 text=add r1,r9,#0x38 to=0205895c type=PARAM function=FUN_0201f790@0201f790 (GhidraScript)  
INFO  V16DecoderAnalysis.java> EVIDENCE_REF phase=exhaustive from=0201f832 text=mov r1,r11 to=02058940 type=PARAM function=FUN_0201f790@0201f790 (GhidraScript)  
INFO  V16DecoderAnalysis.java> EVIDENCE_REF phase=exhaustive from=0201f886 text=mov r1,r11 to=02058940 type=PARAM function=FUN_0201f790@0201f790 (GhidraScript)  
INFO  V16DecoderAnalysis.java> EVIDENCE_REF phase=exhaustive from=0201f8b2 text=add r1,r13,#0x78d to=0205839d type=PARAM function=FUN_0201f790@0201f790 (GhidraScript)  
INFO  V16DecoderAnalysis.java> EVIDENCE_REF phase=exhaustive from=0201f8de text=mov r1,r9 to=02058924 type=PARAM function=FUN_0201f790@0201f790 (GhidraScript)  
INFO  V16DecoderAnalysis.java> EVIDENCE_REF phase=exhaustive from=0201f906 text=add r1,r13,#0x540 to=02058150 type=PARAM function=FUN_0201f790@0201f790 (GhidraScript)  
INFO  V16DecoderAnalysis.java> EVIDENCE_REF phase=exhaustive from=0201f9c6 text=lh.s r2,[r1 + r7] to=02058536 type=READ function=FUN_0201f790@0201f790 (GhidraScript)  
INFO  V16DecoderAnalysis.java> EVIDENCE_REF phase=exhaustive from=0201f9ca text=lh.s r3,[r1 + r6] to=02058537 type=READ function=FUN_0201f790@0201f790 (GhidraScript)  
INFO  V16DecoderAnalysis.java> EVIDENCE_REF phase=exhaustive from=0201fa52 text=add r1,r11,#0xd4c to=0205895c type=PARAM function=FUN_0201fa02@0201fa02 (GhidraScript)  
INFO  V16DecoderAnalysis.java> EVIDENCE_REF phase=exhaustive from=0201fb08 text=mov r1,r10 to=02058940 type=PARAM function=FUN_0201fa02@0201fa02 (GhidraScript)  
INFO  V16DecoderAnalysis.java> EVIDENCE_REF phase=exhaustive from=0201fb2a text=add r1,r11,#0x4a7 to=020580b7 type=PARAM function=FUN_0201fa02@0201fa02 (GhidraScript)  
INFO  V16DecoderAnalysis.java> EVIDENCE_REF phase=exhaustive from=0201fb4e text=mov r1,r10 to=02058940 type=PARAM function=FUN_0201fa02@0201fa02 (GhidraScript)  
INFO  V16DecoderAnalysis.java> EVIDENCE_REF phase=exhaustive from=0201fb9c text=mov r1,r10 to=02058940 type=PARAM function=FUN_0201fa02@0201fa02 (GhidraScript)  
INFO  V16DecoderAnalysis.java> EVIDENCE_REF phase=exhaustive from=0201fc4c text=lh.s r2,[r6 + r13] to=0205863c type=READ function=FUN_0201fa02@0201fa02 (GhidraScript)  
INFO  V16DecoderAnalysis.java> EVIDENCE_REF phase=exhaustive from=0201fc50 text=lh.s r3,[r6 + r14] to=0205863d type=READ function=FUN_0201fa02@0201fa02 (GhidraScript)  
INFO  V16DecoderAnalysis.java> EVIDENCE_REF phase=exhaustive from=0201fcc4 text=lh.s r2,[r6 + r8] to=020583ea type=READ function=FUN_0201fa02@0201fa02 (GhidraScript)  
INFO  V16DecoderAnalysis.java> EVIDENCE_REF phase=exhaustive from=0201fcc8 text=lh.s r3,[r6 + r10] to=020583eb type=READ function=FUN_0201fa02@0201fa02 (GhidraScript)  
ERROR Pcode error at 0201ff5e: Program does not contain referenced instruction: 0201ff62 (SleighInstructionPrototype)  
INFO  V16DecoderAnalysis.java> EVIDENCE_REF phase=exhaustive from=020205e0 text=add r1,r4,#0x54 to=0205895c type=PARAM function=FUN_0202052e@0202052e (GhidraScript)  
INFO  V16DecoderAnalysis.java> EVIDENCE_REF phase=exhaustive from=02020626 text=add r1,r4,#0x38 to=02058940 type=PARAM function=FUN_0202052e@0202052e (GhidraScript)  
INFO  V16DecoderAnalysis.java> EVIDENCE_REF phase=exhaustive from=02020662 text=mov r0,r4 to=02058908 type=PARAM function=FUN_0202052e@0202052e (GhidraScript)  
INFO  V16DecoderAnalysis.java> EVIDENCE_REF phase=exhaustive from=02020738 text=add r1,r12,#0xd4c to=0205895c type=PARAM function=FUN_0202052e@0202052e (GhidraScript)  
INFO  V16DecoderAnalysis.java> EVIDENCE_REF phase=exhaustive from=02020780 text=add r1,r12,#0xd30 to=02058940 type=PARAM function=FUN_0202052e@0202052e (GhidraScript)  
INFO  V16DecoderAnalysis.java> EVIDENCE_REF phase=exhaustive from=020208aa text=add r1,r12,#0xd14 to=02058924 type=PARAM function=FUN_0202052e@0202052e (GhidraScript)  
INFO  V16DecoderAnalysis.java> EVIDENCE_REF phase=exhaustive from=02020940 text=add r1,r12,#0xd4c to=0205895c type=PARAM function=FUN_0202052e@0202052e (GhidraScript)  
INFO  V16DecoderAnalysis.java> EVIDENCE_REF phase=exhaustive from=02020a64 text=add r1,r12,#0xd30 to=02058940 type=PARAM function=FUN_0202052e@0202052e (GhidraScript)  
INFO  V16DecoderAnalysis.java> EVIDENCE_REF phase=exhaustive from=02020afe text=mov r1,r8 to=0205895c type=PARAM function=FUN_0202052e@0202052e (GhidraScript)  
INFO  V16DecoderAnalysis.java> EVIDENCE_REF phase=exhaustive from=02020b4a text=mov r1,r4 to=02058940 type=PARAM function=FUN_0202052e@0202052e (GhidraScript)  
INFO  V16DecoderAnalysis.java> EVIDENCE_REF phase=exhaustive from=02020b6a text=add r1,r12,#0x605 to=02058215 type=PARAM function=FUN_0202052e@0202052e (GhidraScript)  
INFO  V16DecoderAnalysis.java> EVIDENCE_REF phase=exhaustive from=02020b92 text=mov r1,r4 to=02058940 type=PARAM function=FUN_0202052e@0202052e (GhidraScript)  
INFO  V16DecoderAnalysis.java> EVIDENCE_REF phase=exhaustive from=02020bd8 text=mov r1,r8 to=0205895c type=PARAM function=FUN_0202052e@0202052e (GhidraScript)  
INFO  V16DecoderAnalysis.java> EVIDENCE_REF phase=exhaustive from=02020c1a text=mov r1,r8 to=0205895c type=PARAM function=FUN_0202052e@0202052e (GhidraScript)  
INFO  V16DecoderAnalysis.java> EVIDENCE_REF phase=exhaustive from=02020c5c text=mov r1,r8 to=0205895c type=PARAM function=FUN_0202052e@0202052e (GhidraScript)  
INFO  V16DecoderAnalysis.java> EVIDENCE_REF phase=exhaustive from=02020cf6 text=lh.s r2,[r1 + r4] to=0205830a type=READ function=FUN_0202052e@0202052e (GhidraScript)  
INFO  V16DecoderAnalysis.java> EVIDENCE_REF phase=exhaustive from=02020cfa text=lh.s r3,[r1 + r6] to=0205830b type=READ function=FUN_0202052e@0202052e (GhidraScript)  
INFO  V16DecoderAnalysis.java> EVIDENCE_REF phase=exhaustive from=02020d64 text=add r1,r12,#0xd4c to=0205895c type=PARAM function=FUN_0202052e@0202052e (GhidraScript)  
INFO  V16DecoderAnalysis.java> EVIDENCE_REF phase=exhaustive from=02020d8e text=add r1,r12,#0x6a8 to=020582b8 type=PARAM function=FUN_0202052e@0202052e (GhidraScript)  
INFO  V16DecoderAnalysis.java> EVIDENCE_REF phase=exhaustive from=02020dd2 text=lh.s r7,[r2 + r6] to=02058412 type=READ function=FUN_0202052e@0202052e (GhidraScript)  
INFO  V16DecoderAnalysis.java> EVIDENCE_REF phase=exhaustive from=02020df0 text=mov r1,r5 to=02058940 type=PARAM function=FUN_0202052e@0202052e (GhidraScript)  
INFO  V16DecoderAnalysis.java> EVIDENCE_REF phase=exhaustive from=02020e10 text=lh.s r13,[r1 + r6] to=02058420 type=READ function=FUN_0202052e@0202052e (GhidraScript)  
INFO  V16DecoderAnalysis.java> EVIDENCE_REF phase=exhaustive from=02020e4a text=mov r1,r5 to=02058940 type=PARAM function=FUN_0202052e@0202052e (GhidraScript)  
INFO  V16DecoderAnalysis.java> EVIDENCE_REF phase=exhaustive from=02020ec0 text=mov r1,r5 to=02058940 type=PARAM function=FUN_0202052e@0202052e (GhidraScript)  
INFO  V16DecoderAnalysis.java> EVIDENCE_REF phase=exhaustive from=02020f4e text=add r1,r12,#0xd4c to=0205895c type=PARAM function=FUN_0202052e@0202052e (GhidraScript)  
INFO  V16DecoderAnalysis.java> EVIDENCE_REF phase=exhaustive from=02020f78 text=add r1,r12,#0x6e4 to=020582f4 type=PARAM function=FUN_0202052e@0202052e (GhidraScript)  
INFO  V16DecoderAnalysis.java> EVIDENCE_REF phase=exhaustive from=02020fbc text=lh.s r7,[r2 + r6] to=02058164 type=READ function=FUN_0202052e@0202052e (GhidraScript)  
INFO  V16DecoderAnalysis.java> EVIDENCE_REF phase=exhaustive from=02020fda text=mov r1,r5 to=02058940 type=PARAM function=FUN_0202052e@0202052e (GhidraScript)  
INFO  V16DecoderAnalysis.java> EVIDENCE_REF phase=exhaustive from=02020ffa text=lh.s r13,[r1 + r6] to=02058420 type=READ function=FUN_0202052e@0202052e (GhidraScript)  
INFO  V16DecoderAnalysis.java> EVIDENCE_REF phase=exhaustive from=02021034 text=mov r1,r5 to=02058940 type=PARAM function=FUN_0202052e@0202052e (GhidraScript)  
INFO  V16DecoderAnalysis.java> EVIDENCE_REF phase=exhaustive from=020210a8 text=mov r1,r5 to=02058940 type=PARAM function=FUN_0202052e@0202052e (GhidraScript)  
INFO  V16DecoderAnalysis.java> EVIDENCE_REF phase=exhaustive from=02021136 text=add r1,r12,#0xd4c to=0205895c type=PARAM function=FUN_0202052e@0202052e (GhidraScript)  
INFO  V16DecoderAnalysis.java> EVIDENCE_REF phase=exhaustive from=020211a6 text=mov r1,r5 to=02058940 type=PARAM function=FUN_0202052e@0202052e (GhidraScript)  
INFO  V16DecoderAnalysis.java> EVIDENCE_REF phase=exhaustive from=020211e4 text=mov r1,r5 to=02058940 type=PARAM function=FUN_0202052e@0202052e (GhidraScript)  
INFO  V16DecoderAnalysis.java> EVIDENCE_REF phase=exhaustive from=0202123a text=mov r1,r5 to=02058940 type=PARAM function=FUN_0202052e@0202052e (GhidraScript)  
INFO  V16DecoderAnalysis.java> EVIDENCE_REF phase=exhaustive from=0202127c text=mov r1,r5 to=02058940 type=PARAM function=FUN_0202052e@0202052e (GhidraScript)  
INFO  V16DecoderAnalysis.java> EVIDENCE_REF phase=exhaustive from=020212be text=mov r1,r5 to=02058940 type=PARAM function=FUN_0202052e@0202052e (GhidraScript)  
INFO  V16DecoderAnalysis.java> EVIDENCE_REF phase=exhaustive from=02021316 text=mov r1,r5 to=02058940 type=PARAM function=FUN_0202052e@0202052e (GhidraScript)  
INFO  V16DecoderAnalysis.java> EVIDENCE_REF phase=exhaustive from=020213a6 text=lh.s r2,[r1 + r5] to=02058566 type=READ function=FUN_0202052e@0202052e (GhidraScript)  
INFO  V16DecoderAnalysis.java> EVIDENCE_REF phase=exhaustive from=020213aa text=lh.s r3,[r1 + r6] to=02058567 type=READ function=FUN_0202052e@0202052e (GhidraScript)  
INFO  V16DecoderAnalysis.java> EVIDENCE_REF phase=exhaustive from=02021416 text=add r1,r12,#0xd4c to=0205895c type=PARAM function=FUN_0202052e@0202052e (GhidraScript)  
INFO  V16DecoderAnalysis.java> EVIDENCE_REF phase=exhaustive from=02021484 text=mov r1,r5 to=02058940 type=PARAM function=FUN_0202052e@0202052e (GhidraScript)  
INFO  V16DecoderAnalysis.java> EVIDENCE_REF phase=exhaustive from=020214c4 text=mov r1,r5 to=02058940 type=PARAM function=FUN_0202052e@0202052e (GhidraScript)  
INFO  V16DecoderAnalysis.java> EVIDENCE_REF phase=exhaustive from=02021506 text=mov r1,r5 to=02058940 type=PARAM function=FUN_0202052e@0202052e (GhidraScript)  
INFO  V16DecoderAnalysis.java> EVIDENCE_REF phase=exhaustive from=02021566 text=mov r1,r5 to=02058940 type=PARAM function=FUN_0202052e@0202052e (GhidraScript)  
INFO  V16DecoderAnalysis.java> EVIDENCE_REF phase=exhaustive from=020215bc text=mov r1,r5 to=02058940 type=PARAM function=FUN_0202052e@0202052e (GhidraScript)  
INFO  V16DecoderAnalysis.java> EVIDENCE_REF phase=exhaustive from=020215fe text=mov r1,r5 to=02058940 type=PARAM function=FUN_0202052e@0202052e (GhidraScript)  
INFO  V16DecoderAnalysis.java> EVIDENCE_REF phase=exhaustive from=0202168e text=lh.s r2,[r1 + r4] to=02058566 type=READ function=FUN_0202052e@0202052e (GhidraScript)  
INFO  V16DecoderAnalysis.java> EVIDENCE_REF phase=exhaustive from=02021692 text=lh.s r3,[r1 + r5] to=02058567 type=READ function=FUN_0202052e@0202052e (GhidraScript)  
INFO  V16DecoderAnalysis.java> EVIDENCE_REF phase=exhaustive from=020216fa text=mov r1,r4 to=0205895c type=PARAM function=FUN_0202052e@0202052e (GhidraScript)  
INFO  V16DecoderAnalysis.java> EVIDENCE_REF phase=exhaustive from=02021720 text=add r1,r12,#0x572 to=02058182 type=PARAM function=FUN_0202052e@0202052e (GhidraScript)  
INFO  V16DecoderAnalysis.java> EVIDENCE_REF phase=exhaustive from=02021740 text=mov r1,r4 to=0205895c type=PARAM function=FUN_0202052e@0202052e (GhidraScript)  
INFO  V16DecoderAnalysis.java> EVIDENCE_REF phase=exhaustive from=020217f4 text=lh.s r2,[r1 + r4] to=0205857e type=READ function=FUN_0202052e@0202052e (GhidraScript)  
INFO  V16DecoderAnalysis.java> EVIDENCE_REF phase=exhaustive from=020217f8 text=lh.s r3,[r1 + r5] to=0205857f type=READ function=FUN_0202052e@0202052e (GhidraScript)  
INFO  V16DecoderAnalysis.java> EVIDENCE_REF phase=exhaustive from=02021874 text=add r1,r12,#0xd4c to=0205895c type=PARAM function=FUN_0202052e@0202052e (GhidraScript)  
INFO  V16DecoderAnalysis.java> EVIDENCE_REF phase=exhaustive from=0202189a text=add r1,r12,#0x4c2 to=020580d2 type=PARAM function=FUN_0202052e@0202052e (GhidraScript)  
INFO  V16DecoderAnalysis.java> EVIDENCE_REF phase=exhaustive from=02021a8e text=add r1,r12,#0xd4c to=0205895c type=PARAM function=FUN_0202052e@0202052e (GhidraScript)  
INFO  V16DecoderAnalysis.java> EVIDENCE_REF phase=exhaustive from=02021ad2 text=add r1,r12,#0x66c to=0205827c type=PARAM function=FUN_0202052e@0202052e (GhidraScript)  
INFO  V16DecoderAnalysis.java> EVIDENCE_REF phase=exhaustive from=02021b04 text=add r1,r12,#0x678 to=02058288 type=PARAM function=FUN_0202052e@0202052e (GhidraScript)  
INFO  V16DecoderAnalysis.java> EVIDENCE_REF phase=exhaustive from=02021b68 text=mov r1,r5 to=02058940 type=PARAM function=FUN_0202052e@0202052e (GhidraScript)  
INFO  V16DecoderAnalysis.java> EVIDENCE_REF phase=exhaustive from=02021b88 text=lh.s r4,[r1 + r6] to=02058420 type=READ function=FUN_0202052e@0202052e (GhidraScript)  
INFO  V16DecoderAnalysis.java> EVIDENCE_REF phase=exhaustive from=02021bc2 text=mov r1,r5 to=02058940 type=PARAM function=FUN_0202052e@0202052e (GhidraScript)  
INFO  V16DecoderAnalysis.java> EVIDENCE_REF phase=exhaustive from=02021bec text=lh.s r2,[r1 + r6] to=0205842e type=READ function=FUN_0202052e@0202052e (GhidraScript)  
INFO  V16DecoderAnalysis.java> EVIDENCE_REF phase=exhaustive from=02021c3e text=mov r1,r5 to=02058940 type=PARAM function=FUN_0202052e@0202052e (GhidraScript)  
INFO  V16DecoderAnalysis.java> EVIDENCE_REF phase=exhaustive from=02021d0a text=add r1,r12,#0xd4c to=0205895c type=PARAM function=FUN_0202052e@0202052e (GhidraScript)  
INFO  V16DecoderAnalysis.java> EVIDENCE_REF phase=exhaustive from=02021d34 text=add r1,r12,#0x55e to=0205816e type=PARAM function=FUN_0202052e@0202052e (GhidraScript)  
INFO  V16DecoderAnalysis.java> EVIDENCE_REF phase=exhaustive from=02021d4e text=add r1,r12,#0x66c to=0205827c type=PARAM function=FUN_0202052e@0202052e (GhidraScript)  
INFO  V16DecoderAnalysis.java> EVIDENCE_REF phase=exhaustive from=02021d80 text=add r1,r12,#0x678 to=02058288 type=PARAM function=FUN_0202052e@0202052e (GhidraScript)  
INFO  V16DecoderAnalysis.java> EVIDENCE_REF phase=exhaustive from=02021de4 text=mov r1,r7 to=02058940 type=PARAM function=FUN_0202052e@0202052e (GhidraScript)  
INFO  V16DecoderAnalysis.java> EVIDENCE_REF phase=exhaustive from=02021e04 text=lh.s r13,[r1 + r5] to=02058420 type=READ function=FUN_0202052e@0202052e (GhidraScript)  
INFO  V16DecoderAnalysis.java> EVIDENCE_REF phase=exhaustive from=02021e3e text=mov r1,r7 to=02058940 type=PARAM function=FUN_0202052e@0202052e (GhidraScript)  
INFO  V16DecoderAnalysis.java> EVIDENCE_REF phase=exhaustive from=02021e98 text=mov r1,r7 to=02058940 type=PARAM function=FUN_0202052e@0202052e (GhidraScript)  
INFO  V16DecoderAnalysis.java> EVIDENCE_REF phase=exhaustive from=02021ec2 text=lh.s r2,[r1 + r5] to=02058458 type=READ function=FUN_0202052e@0202052e (GhidraScript)  
INFO  V16DecoderAnalysis.java> EVIDENCE_REF phase=exhaustive from=02021f5e text=add r1,r12,#0xd4c to=0205895c type=PARAM function=FUN_0202052e@0202052e (GhidraScript)  
INFO  V16DecoderAnalysis.java> EVIDENCE_REF phase=exhaustive from=02021f90 text=add r1,r12,#0x5ce to=020581de type=PARAM function=FUN_0202052e@0202052e (GhidraScript)  
INFO  V16DecoderAnalysis.java> EVIDENCE_REF phase=exhaustive from=02022082 text=add r1,r12,#0xd4c to=0205895c type=PARAM function=FUN_0202052e@0202052e (GhidraScript)  
INFO  V16DecoderAnalysis.java> EVIDENCE_REF phase=exhaustive from=020220aa text=add r1,r12,#0x4c2 to=020580d2 type=PARAM function=FUN_0202052e@0202052e (GhidraScript)  
INFO  V16DecoderAnalysis.java> EVIDENCE_REF phase=exhaustive from=020220d8 text=mov r1,r4 to=02058940 type=PARAM function=FUN_0202052e@0202052e (GhidraScript)  
INFO  V16DecoderAnalysis.java> EVIDENCE_REF phase=exhaustive from=02022100 text=add r1,r12,#0x61b to=0205822b type=PARAM function=FUN_0202052e@0202052e (GhidraScript)  
INFO  V16DecoderAnalysis.java> EVIDENCE_REF phase=exhaustive from=02022124 text=mov r1,r4 to=02058940 type=PARAM function=FUN_0202052e@0202052e (GhidraScript)  
INFO  V16DecoderAnalysis.java> EVIDENCE_REF phase=exhaustive from=02022284 text=add r1,r12,#0xd4c to=0205895c type=PARAM function=FUN_0202052e@0202052e (GhidraScript)  
INFO  V16DecoderAnalysis.java> EVIDENCE_REF phase=exhaustive from=020222ae text=add r1,r12,#0x49e to=020580ae type=PARAM function=FUN_0202052e@0202052e (GhidraScript)  
INFO  V16DecoderAnalysis.java> EVIDENCE_REF phase=exhaustive from=020222d4 text=mov r1,r13 to=02058940 type=PARAM function=FUN_0202052e@0202052e (GhidraScript)  
INFO  V16DecoderAnalysis.java> EVIDENCE_REF phase=exhaustive from=020222f8 text=add r1,r12,#0x61b to=0205822b type=PARAM function=FUN_0202052e@0202052e (GhidraScript)  
INFO  V16DecoderAnalysis.java> EVIDENCE_REF phase=exhaustive from=02022318 text=mov r1,r13 to=02058940 type=PARAM function=FUN_0202052e@0202052e (GhidraScript)  
INFO  V16DecoderAnalysis.java> EVIDENCE_REF phase=exhaustive from=0202237c text=mov r1,r13 to=02058940 type=PARAM function=FUN_0202052e@0202052e (GhidraScript)  
INFO  V16DecoderAnalysis.java> EVIDENCE_REF phase=exhaustive from=0202241a text=lh.z r2,[r0 + r15] to=0205854f type=READ function=FUN_0202052e@0202052e (GhidraScript)  
INFO  V16DecoderAnalysis.java> EVIDENCE_REF phase=exhaustive from=02022424 text=lh.z r2,[r0 + r11] to=0205854e type=READ function=FUN_0202052e@0202052e (GhidraScript)  
INFO  V16DecoderAnalysis.java> EVIDENCE_REF phase=exhaustive from=020224ec text=mov r1,r5 to=02058940 type=PARAM function=FUN_0202052e@0202052e (GhidraScript)  
INFO  V16DecoderAnalysis.java> EVIDENCE_REF phase=exhaustive from=02022532 text=mov r1,r5 to=02058940 type=PARAM function=FUN_0202052e@0202052e (GhidraScript)  
INFO  V16DecoderAnalysis.java> EVIDENCE_REF phase=exhaustive from=02022584 text=mov r1,r5 to=02058940 type=PARAM function=FUN_0202052e@0202052e (GhidraScript)  
INFO  V16DecoderAnalysis.java> EVIDENCE_REF phase=exhaustive from=020225a6 text=add r1,r12,#0x79a to=020583aa type=PARAM function=FUN_0202052e@0202052e (GhidraScript)  
INFO  V16DecoderAnalysis.java> EVIDENCE_REF phase=exhaustive from=020225c6 text=mov r1,r5 to=02058940 type=PARAM function=FUN_0202052e@0202052e (GhidraScript)  
INFO  V16DecoderAnalysis.java> EVIDENCE_REF phase=exhaustive from=0202264c text=mov r1,r13 to=02058940 type=PARAM function=FUN_0202052e@0202052e (GhidraScript)  
INFO  V16DecoderAnalysis.java> EVIDENCE_REF phase=exhaustive from=020226c4 text=mov r1,r13 to=02058940 type=PARAM function=FUN_0202052e@0202052e (GhidraScript)  
INFO  V16DecoderAnalysis.java> EVIDENCE_REF phase=exhaustive from=020226d8 text=lh.z r1,[r1 + r6] to=02058420 type=READ function=FUN_0202052e@0202052e (GhidraScript)  
INFO  V16DecoderAnalysis.java> EVIDENCE_REF phase=exhaustive from=02022708 text=mov r1,r13 to=02058940 type=PARAM function=FUN_0202052e@0202052e (GhidraScript)  
INFO  V16DecoderAnalysis.java> EVIDENCE_REF phase=exhaustive from=020227e2 text=mov r1,r13 to=02058940 type=PARAM function=FUN_0202052e@0202052e (GhidraScript)  
INFO  V16DecoderAnalysis.java> EVIDENCE_REF phase=exhaustive from=020228fa text=add r1,r12,#0xd4c to=0205895c type=PARAM function=FUN_0202052e@0202052e (GhidraScript)  
INFO  V16DecoderAnalysis.java> EVIDENCE_REF phase=exhaustive from=0202297e text=mov r1,r5 to=02058940 type=PARAM function=FUN_0202052e@0202052e (GhidraScript)  
INFO  V16DecoderAnalysis.java> EVIDENCE_REF phase=exhaustive from=0202299e text=lh.s r4,[r1 + r6] to=02058420 type=READ function=FUN_0202052e@0202052e (GhidraScript)  
INFO  V16DecoderAnalysis.java> EVIDENCE_REF phase=exhaustive from=020229d8 text=mov r1,r5 to=02058940 type=PARAM function=FUN_0202052e@0202052e (GhidraScript)  
INFO  V16DecoderAnalysis.java> EVIDENCE_REF phase=exhaustive from=02022a02 text=lh.s r2,[r1 + r6] to=02058146 type=READ function=FUN_0202052e@0202052e (GhidraScript)  
INFO  V16DecoderAnalysis.java> EVIDENCE_REF phase=exhaustive from=02022a54 text=mov r1,r5 to=02058940 type=PARAM function=FUN_0202052e@0202052e (GhidraScript)  
INFO  V16DecoderAnalysis.java> EVIDENCE_REF phase=exhaustive from=02022ae2 text=add r1,r12,#0xd4c to=0205895c type=PARAM function=FUN_0202052e@0202052e (GhidraScript)  
INFO  V16DecoderAnalysis.java> EVIDENCE_REF phase=exhaustive from=02022b86 text=mov r1,r5 to=02058940 type=PARAM function=FUN_0202052e@0202052e (GhidraScript)  
INFO  V16DecoderAnalysis.java> EVIDENCE_REF phase=exhaustive from=02022ba6 text=lh.s r7,[r1 + r4] to=02058420 type=READ function=FUN_0202052e@0202052e (GhidraScript)  
INFO  V16DecoderAnalysis.java> EVIDENCE_REF phase=exhaustive from=02022be8 text=mov r1,r5 to=02058940 type=PARAM function=FUN_0202052e@0202052e (GhidraScript)  
INFO  V16DecoderAnalysis.java> EVIDENCE_REF phase=exhaustive from=02022c12 text=lh.s r2,[r1 + r4] to=020582dc type=READ function=FUN_0202052e@0202052e (GhidraScript)  
INFO  V16DecoderAnalysis.java> EVIDENCE_REF phase=exhaustive from=02022c7c text=mov r1,r5 to=02058940 type=PARAM function=FUN_0202052e@0202052e (GhidraScript)  
INFO  V16DecoderAnalysis.java> EVIDENCE_REF phase=exhaustive from=02022d56 text=mov r1,r5 to=02058940 type=PARAM function=FUN_0202052e@0202052e (GhidraScript)  
INFO  V16DecoderAnalysis.java> EVIDENCE_REF phase=exhaustive from=02022d84 text=add r1,r12,#0xe9c to=02058aac type=PARAM function=FUN_0202052e@0202052e (GhidraScript)  
INFO  V16DecoderAnalysis.java> EVIDENCE_REF phase=exhaustive from=02022dba text=mov r1,r5 to=02058940 type=PARAM function=FUN_0202052e@0202052e (GhidraScript)  
INFO  V16DecoderAnalysis.java> EVIDENCE_REF phase=exhaustive from=02022dce text=lh.z r1,[r1 + r6] to=02058420 type=READ function=FUN_0202052e@0202052e (GhidraScript)  
INFO  V16DecoderAnalysis.java> EVIDENCE_REF phase=exhaustive from=02022e0a text=mov r1,r5 to=02058940 type=PARAM function=FUN_0202052e@0202052e (GhidraScript)  
INFO  V16DecoderAnalysis.java> EVIDENCE_REF phase=exhaustive from=02022ebe text=add r1,r12,#0xd4c to=0205895c type=PARAM function=FUN_0202052e@0202052e (GhidraScript)  
INFO  V16DecoderAnalysis.java> EVIDENCE_REF phase=exhaustive from=02022ee6 text=add r1,r12,#0x720 to=02058330 type=PARAM function=FUN_0202052e@0202052e (GhidraScript)  
INFO  V16DecoderAnalysis.java> EVIDENCE_REF phase=exhaustive from=02022f0c text=mov r1,r4 to=02058940 type=PARAM function=FUN_0202052e@0202052e (GhidraScript)  
INFO  V16DecoderAnalysis.java> EVIDENCE_REF phase=exhaustive from=02022f50 text=mov r1,r4 to=02058940 type=PARAM function=FUN_0202052e@0202052e (GhidraScript)  
INFO  V16DecoderAnalysis.java> EVIDENCE_REF phase=exhaustive from=02022fa2 text=add r1,r12,0x1140 to=02058d50 type=PARAM function=FUN_0202052e@0202052e (GhidraScript)  
INFO  V16DecoderAnalysis.java> EVIDENCE_REF phase=exhaustive from=02022fc2 text=mov r1,r4 to=02058940 type=PARAM function=FUN_0202052e@0202052e (GhidraScript)  
INFO  V16DecoderAnalysis.java> EVIDENCE_REF phase=exhaustive from=02022fee text=add r1,r12,#0xa41 to=02058651 type=PARAM function=FUN_0202052e@0202052e (GhidraScript)  
INFO  V16DecoderAnalysis.java> EVIDENCE_REF phase=exhaustive from=020234ca text=add r1,r12,#0xd30 to=02058940 type=PARAM function=FUN_0202052e@0202052e (GhidraScript)  
INFO  V16DecoderAnalysis.java> EVIDENCE_REF phase=exhaustive from=02023b94 text=lb.z r3,[r2 + r3] to=020582d0 type=DATA function=FUN_02023872@02023872 (GhidraScript)  
INFO  V16DecoderAnalysis.java> EVIDENCE_REF phase=exhaustive from=02023bfe text=add r1,r9,#0x48c to=0205809c type=PARAM function=FUN_02023872@02023872 (GhidraScript)  
INFO  V16DecoderAnalysis.java> EVIDENCE_REF phase=exhaustive from=02023c02 text=sw r4,[sp] to=02058714 type=DATA function=FUN_02023872@02023872 (GhidraScript)  
INFO  V16DecoderAnalysis.java> EVIDENCE_REF phase=exhaustive from=02023c78 text=add r1,r8,#0x4a7 to=020580b7 type=PARAM function=FUN_02023c28@02023c28 (GhidraScript)  
INFO  V16DecoderAnalysis.java> EVIDENCE_REF phase=exhaustive from=02023c86 text=add r1,r8,#0x610 to=02058220 type=PARAM function=FUN_02023c28@02023c28 (GhidraScript)  
INFO  V16DecoderAnalysis.java> EVIDENCE_REF phase=exhaustive from=02023d18 text=lb.z r3,[r1 + r3] to=020582d0 type=DATA function=FUN_02023c28@02023c28 (GhidraScript)  
INFO  V16DecoderAnalysis.java> EVIDENCE_REF phase=exhaustive from=02023d9e text=add r1,r8,#0x489 to=020580c0 type=PARAM function=FUN_02023d4a@02023d4a (GhidraScript)  
INFO  V16DecoderAnalysis.java> EVIDENCE_REF phase=exhaustive from=02023e48 text=add r1,r8,#0xbb9 to=020587f0 type=PARAM function=FUN_02023d4a@02023d4a (GhidraScript)  
INFO  V16DecoderAnalysis.java> EVIDENCE_REF phase=exhaustive from=02024058 text=add r1,r4,#0x7ff to=0205843c type=PARAM function=FUN_0202403c@0202403c (GhidraScript)  
INFO  V16DecoderAnalysis.java> EVIDENCE_REF phase=exhaustive from=0202406e text=add r1,r4,#0x76d to=020583aa type=PARAM function=FUN_0202403c@0202403c (GhidraScript)  
INFO  V16DecoderAnalysis.java> EVIDENCE_REF phase=exhaustive from=0202407c text=add r1,r4,#0x6c3 to=02058300 type=PARAM function=FUN_0202403c@0202403c (GhidraScript)  
INFO  V16DecoderAnalysis.java> EVIDENCE_REF phase=exhaustive from=02024092 text=add r1,r4,#0x77a to=020583b7 type=PARAM function=FUN_0202403c@0202403c (GhidraScript)  
INFO  V16DecoderAnalysis.java> EVIDENCE_REF phase=exhaustive from=020240ac text=add r1,r4,#0x80d to=0205844a type=PARAM function=FUN_0202403c@0202403c (GhidraScript)  
INFO  V16DecoderAnalysis.java> EVIDENCE_REF phase=exhaustive from=020240c2 text=add r1,r4,#0x77a to=020583b7 type=PARAM function=FUN_0202403c@0202403c (GhidraScript)  
INFO  V16DecoderAnalysis.java> EVIDENCE_REF phase=exhaustive from=02024aa4 text=add r1,r12,#0x495 to=020580a5 type=PARAM function=- (GhidraScript)  
INFO  V16DecoderAnalysis.java> EVIDENCE_REF phase=exhaustive from=02024af8 text=add r1,r4,#0x5fa to=0205820a type=PARAM function=- (GhidraScript)  
INFO  V16DecoderAnalysis.java> EVIDENCE_REF phase=exhaustive from=02024b8e text=add r1,r6,#0xbb3 to=020587c3 type=PARAM function=- (GhidraScript)  
INFO  V16DecoderAnalysis.java> EVIDENCE_REF phase=exhaustive from=02024bcc text=add r2,r6,0x10a4 to=02058cb4 type=PARAM function=- (GhidraScript)  
INFO  V16DecoderAnalysis.java> EVIDENCE_REF phase=exhaustive from=02024e24 text=lb.z r1,[r1 + r2] to=020589e8 type=DATA function=- (GhidraScript)  
INFO  V16DecoderAnalysis.java> EVIDENCE_REF phase=exhaustive from=02024e54 text=add r2,r6,#0xf94 to=02058ba4 type=PARAM function=- (GhidraScript)  
INFO  V16DecoderAnalysis.java> EVIDENCE_REF phase=exhaustive from=02024ec8 text=add r1,r1,#0x7c1 to=020583d1 type=PARAM function=- (GhidraScript)  
INFO  V16DecoderAnalysis.java> EVIDENCE_REF phase=exhaustive from=020251fa text=add r1,r1,#0x5ce to=020581de type=PARAM function=- (GhidraScript)  
INFO  V16DecoderAnalysis.java> EVIDENCE_REF phase=exhaustive from=02025222 text=add r1,r1,#0x6d8 to=020582e8 type=PARAM function=- (GhidraScript)  
INFO  V16DecoderAnalysis.java> EVIDENCE_REF phase=exhaustive from=0202528e text=add r1,r6,#0x483 to=02058093 type=PARAM function=- (GhidraScript)  
INFO  V16DecoderAnalysis.java> EVIDENCE_REF phase=exhaustive from=020254e4 text=add r1,r2,#0xc8b to=0205889b type=PARAM function=- (GhidraScript)  
INFO  V16DecoderAnalysis.java> EVIDENCE_REF phase=exhaustive from=02025502 text=add r1,r2,#0xcc1 to=020588d1 type=PARAM function=- (GhidraScript)  
INFO  V16DecoderAnalysis.java> EVIDENCE_REF phase=exhaustive from=02025506 text=} else {  add r1, r2, #0xca6 to=020588b6 type=PARAM function=- (GhidraScript)  
INFO  V16DecoderAnalysis.java> EVIDENCE_REF phase=exhaustive from=020255a6 text=add r1,r5,#0xbf7 to=02058807 type=PARAM function=- (GhidraScript)  
INFO  V16DecoderAnalysis.java> EVIDENCE_REF phase=exhaustive from=02025614 text=add r1,r9,#0x568 to=02058178 type=PARAM function=- (GhidraScript)  
INFO  V16DecoderAnalysis.java> EVIDENCE_REF phase=exhaustive from=0202565e text=add r1,r9,#0x7b4 to=020583c4 type=PARAM function=- (GhidraScript)  
INFO  V16DecoderAnalysis.java> EVIDENCE_REF phase=exhaustive from=02025694 text=add r1,r1,#0x626 to=02058236 type=PARAM function=- (GhidraScript)  
INFO  V16DecoderAnalysis.java> EVIDENCE_REF phase=exhaustive from=020257c6 text=lb.z r3,[r1 + r3] to=020582d0 type=READ function=- (GhidraScript)  
INFO  V16DecoderAnalysis.java> EVIDENCE_REF phase=exhaustive from=020257c6 text=lb.z r3,[r1 + r3] to=020582da type=READ function=- (GhidraScript)  
INFO  V16DecoderAnalysis.java> EVIDENCE_REF phase=exhaustive from=020257ec text=add r1,r4,#0x54a to=0205815a type=PARAM function=- (GhidraScript)  
INFO  V16DecoderAnalysis.java> EVIDENCE_REF phase=exhaustive from=020259be text=add r1,r1,#0x5d9 to=020581e9 type=PARAM function=- (GhidraScript)  
INFO  V16DecoderAnalysis.java> EVIDENCE_REF phase=exhaustive from=020259ca text=add r1,r1,#0x5e4 to=020581f4 type=PARAM function=- (GhidraScript)  
INFO  V16DecoderAnalysis.java> EVIDENCE_REF phase=exhaustive from=02025b8a text=add r1,r1,#0x52c to=0205813c type=PARAM function=- (GhidraScript)  
INFO  V16DecoderAnalysis.java> EVIDENCE_REF phase=exhaustive from=02025b9c text=add r1,r1,#0x47a to=0205808a type=PARAM function=- (GhidraScript)  
INFO  V16DecoderAnalysis.java> EVIDENCE_REF phase=exhaustive from=02025dfa text=add r1,r1,#0x714 to=02058324 type=PARAM function=- (GhidraScript)  
INFO  V16DecoderAnalysis.java> EVIDENCE_REF phase=exhaustive from=02025e26 text=add r1,r4,#0xb89 to=02058799 type=PARAM function=- (GhidraScript)  
INFO  V16DecoderAnalysis.java> EVIDENCE_REF phase=exhaustive from=02025e52 text=add r1,r4,#0xa87 to=02058697 type=PARAM function=- (GhidraScript)  
INFO  V16DecoderAnalysis.java> EVIDENCE_REF phase=exhaustive from=02025f66 text=add r1,r4,#0xc0c to=0205881c type=PARAM function=FUN_02025efe@02025efe (GhidraScript)  
INFO  V16DecoderAnalysis.java> EVIDENCE_REF phase=exhaustive from=0202607c text=}  lb.z r6, [r6 + r10] to=020585d0 type=DATA function=FUN_0202602a@0202602a (GhidraScript)  
INFO  V16DecoderAnalysis.java> EVIDENCE_REF phase=exhaustive from=0202609e text=lb.z r6,[r6 + r10] to=020585d0 type=READ function=FUN_0202602a@0202602a (GhidraScript)  
INFO  V16DecoderAnalysis.java> EVIDENCE_REF phase=exhaustive from=0202612e text=add r0,r9,#0x631 to=02058241 type=PARAM function=FUN_0202602a@0202602a (GhidraScript)  
INFO  V16DecoderAnalysis.java> EVIDENCE_REF phase=exhaustive from=020263fa text=lb.z r0,[r0 + r15] to=02058994 type=DATA function=FUN_020262f6@020262f6 (GhidraScript)  
INFO  V16DecoderAnalysis.java> EVIDENCE_REF phase=exhaustive from=020264f2 text=lb.z r0,[r0 + r11] to=02058994 type=DATA function=FUN_020262f6@020262f6 (GhidraScript)  
INFO  V16DecoderAnalysis.java> EVIDENCE_REF phase=exhaustive from=02026598 text=lb.z r0,[r0 + r14] to=02058994 type=READ function=FUN_0202651c@0202651c (GhidraScript)  
INFO  V16DecoderAnalysis.java> EVIDENCE_REF phase=exhaustive from=02026648 text=lb.z r0,[r0 + r12] to=02058994 type=DATA function=FUN_0202651c@0202651c (GhidraScript)  
INFO  V16DecoderAnalysis.java> EVIDENCE_REF phase=exhaustive from=02029ad0 text=mov r1,#0x2058784 to=02058784 type=PARAM function=FUN_02029ab6@02029ab6 (GhidraScript)  
INFO  V16DecoderAnalysis.java> EVIDENCE_SCALAR phase=exhaustive at=02029ad0 value=02058784 text=mov r1,#0x2058784 function=FUN_02029ab6@02029ab6 (GhidraScript)  
INFO  V16DecoderAnalysis.java> EVIDENCE_PCODE_CONST phase=exhaustive at=02029ad0 value=02058784 op=COPY text=mov r1,#0x2058784 function=FUN_02029ab6@02029ab6 (GhidraScript)  
INFO  V16DecoderAnalysis.java> EVIDENCE_REF phase=exhaustive from=02029ae0 text=add r1,r1,#0x4c3 to=02058c47 type=PARAM function=FUN_02029ab6@02029ab6 (GhidraScript)  
INFO  V16DecoderAnalysis.java> EVIDENCE_REF phase=exhaustive from=02029b1c text=mov r1,#0x2058640 to=02058640 type=PARAM function=FUN_02029b02@02029b02 (GhidraScript)  
INFO  V16DecoderAnalysis.java> EVIDENCE_SCALAR phase=exhaustive at=02029b1c value=02058640 text=mov r1,#0x2058640 function=FUN_02029b02@02029b02 (GhidraScript)  
INFO  V16DecoderAnalysis.java> EVIDENCE_PCODE_CONST phase=exhaustive at=02029b1c value=02058640 op=COPY text=mov r1,#0x2058640 function=FUN_02029b02@02029b02 (GhidraScript)  
INFO  V16DecoderAnalysis.java> EVIDENCE_REF phase=exhaustive from=02029b42 text=add r1,r1,#0x8f to=020586cf type=PARAM function=FUN_02029b02@02029b02 (GhidraScript)  
INFO  V16DecoderAnalysis.java> EVIDENCE_SCALAR phase=exhaustive at=0202a722 value=02058530 text=mov r2,#0x2058530 function=FUN_0202a722@0202a722 (GhidraScript)  
INFO  V16DecoderAnalysis.java> EVIDENCE_PCODE_CONST phase=exhaustive at=0202a722 value=02058530 op=COPY text=mov r2,#0x2058530 function=FUN_0202a722@0202a722 (GhidraScript)  
INFO  V16DecoderAnalysis.java> EVIDENCE_REF phase=exhaustive from=0202a728 text=lh.z r1,[r2 + r1] to=02058530 type=DATA function=FUN_0202a722@0202a722 (GhidraScript)  
INFO  V16DecoderAnalysis.java> EVIDENCE_REF phase=exhaustive from=0202cc5c text=lb.z r2,[r1 ++= 1] to=020588ec type=READ function=FUN_0202cbe4@0202cbe4 (GhidraScript)  
INFO  V16DecoderAnalysis.java> EVIDENCE_REF phase=exhaustive from=0202cd14 text=add r0,r9,#0x3ea to=020583de type=PARAM function=FUN_0202cbe4@0202cbe4 (GhidraScript)  
INFO  V16DecoderAnalysis.java> EVIDENCE_REF phase=exhaustive from=0202cd6c text=add r0,r9,#0x24d to=02058241 type=PARAM function=FUN_0202cbe4@0202cbe4 (GhidraScript)  
ERROR Pcode error at 0202d4aa: Program does not contain referenced instruction: 0202d4ac (SleighInstructionPrototype)  
ERROR Pcode error at 0202d5ae: Program does not contain referenced instruction: 0202d5b0 (SleighInstructionPrototype)  
INFO  V16DecoderAnalysis.java> EVIDENCE_REF phase=exhaustive from=0202d938 text=lb.z r7,[r0 + r1] to=020585d0 type=DATA function=FUN_0202d8ee@0202d8ee (GhidraScript)  
INFO  V16DecoderAnalysis.java> EVIDENCE_REF phase=exhaustive from=0202d938 text=lb.z r7,[r0 + r1] to=020585d4 type=READ function=FUN_0202d8ee@0202d8ee (GhidraScript)  
INFO  V16DecoderAnalysis.java> EVIDENCE_REF phase=exhaustive from=0202dc96 text=mov r0,#0x2058241 to=02058241 type=PARAM function=FUN_0202dc3c@0202dc3c (GhidraScript)  
INFO  V16DecoderAnalysis.java> EVIDENCE_SCALAR phase=exhaustive at=0202dc96 value=02058241 text=mov r0,#0x2058241 function=FUN_0202dc3c@0202dc3c (GhidraScript)  
INFO  V16DecoderAnalysis.java> EVIDENCE_PCODE_CONST phase=exhaustive at=0202dc96 value=02058241 op=COPY text=mov r0,#0x2058241 function=FUN_0202dc3c@0202dc3c (GhidraScript)  
INFO  V16DecoderAnalysis.java> EVIDENCE_REF phase=exhaustive from=0202dd42 text=mov r0,#0x2058241 to=02058241 type=PARAM function=FUN_0202cbe4@0202cbe4 (GhidraScript)  
INFO  V16DecoderAnalysis.java> EVIDENCE_SCALAR phase=exhaustive at=0202dd42 value=02058241 text=mov r0,#0x2058241 function=FUN_0202cbe4@0202cbe4 (GhidraScript)  
INFO  V16DecoderAnalysis.java> EVIDENCE_PCODE_CONST phase=exhaustive at=0202dd42 value=02058241 op=COPY text=mov r0,#0x2058241 function=FUN_0202cbe4@0202cbe4 (GhidraScript)  
INFO  V16DecoderAnalysis.java> EVIDENCE_SCALAR phase=exhaustive at=0202de6c value=02058004 text=mov r4,#0x2058004 function=- (GhidraScript)  
INFO  V16DecoderAnalysis.java> EVIDENCE_PCODE_CONST phase=exhaustive at=0202de6c value=02058004 op=COPY text=mov r4,#0x2058004 function=- (GhidraScript)  
INFO  V16DecoderAnalysis.java> EVIDENCE_REF phase=exhaustive from=0202de94 text=lb.z r3,[r2 ++= 1] to=0205849f type=READ function=- (GhidraScript)  
INFO  V16DecoderAnalysis.java> EVIDENCE_REF phase=exhaustive from=0202de94 text=lb.z r3,[r2 ++= 1] to=020584a0 type=READ function=- (GhidraScript)  
INFO  V16DecoderAnalysis.java> EVIDENCE_REF phase=exhaustive from=0202de94 text=lb.z r3,[r2 ++= 1] to=020584a1 type=PARAM function=- (GhidraScript)  
INFO  V16DecoderAnalysis.java> EVIDENCE_REF phase=exhaustive from=0202debc text=add r0,r4,#0x2a8 to=020582ac type=PARAM function=- (GhidraScript)  
INFO  V16DecoderAnalysis.java> EVIDENCE_REF phase=exhaustive from=0202dec6 text=add r0,r4,#0x38c to=02058390 type=PARAM function=- (GhidraScript)  
INFO  V16DecoderAnalysis.java> EVIDENCE_REF phase=exhaustive from=0202df30 text=mov r1,r4 to=02058004 type=PARAM function=- (GhidraScript)  
INFO  V16DecoderAnalysis.java> EVIDENCE_SCALAR phase=exhaustive at=0202e0fc value=020583eb text=mov r1,#0x20583eb function=- (GhidraScript)  
INFO  V16DecoderAnalysis.java> EVIDENCE_PCODE_CONST phase=exhaustive at=0202e0fc value=020583eb op=COPY text=mov r1,#0x20583eb function=- (GhidraScript)  
INFO  V16DecoderAnalysis.java> EVIDENCE_REF phase=exhaustive from=0202e106 text=lb.z r3,[r1 ++= 1] to=020583eb type=READ function=- (GhidraScript)  
INFO  V16DecoderAnalysis.java> EVIDENCE_REF phase=exhaustive from=0202e106 text=lb.z r3,[r1 ++= 1] to=020583ec type=READ function=- (GhidraScript)  
INFO  V16DecoderAnalysis.java> EVIDENCE_REF phase=exhaustive from=0202e106 text=lb.z r3,[r1 ++= 1] to=020583ed type=PARAM function=- (GhidraScript)  
INFO  V16DecoderAnalysis.java> EVIDENCE_REF phase=exhaustive from=0202e286 text=add r1,r6,#0x7ae to=02058474 type=PARAM function=FUN_0202e276@0202e276 (GhidraScript)  
INFO  V16DecoderAnalysis.java> EVIDENCE_REF phase=exhaustive from=0202e296 text=add r1,r6,#0x725 to=020583eb type=PARAM function=FUN_0202e276@0202e276 (GhidraScript)  
INFO  V16DecoderAnalysis.java> EVIDENCE_SCALAR phase=exhaustive at=0202e41e value=02058474 text=mov r5,#0x2058474 function=FUN_0202e3d2@0202e3d2 (GhidraScript)  
INFO  V16DecoderAnalysis.java> EVIDENCE_PCODE_CONST phase=exhaustive at=0202e41e value=02058474 op=COPY text=mov r5,#0x2058474 function=FUN_0202e3d2@0202e3d2 (GhidraScript)  
INFO  V16DecoderAnalysis.java> EVIDENCE_REF phase=exhaustive from=0202e426 text=mov r2,r5 to=02058474 type=PARAM function=FUN_0202e3d2@0202e3d2 (GhidraScript)  
INFO  V16DecoderAnalysis.java> EVIDENCE_REF phase=exhaustive from=0202e440 text=mov r2,r5 to=02058474 type=PARAM function=FUN_0202e3d2@0202e3d2 (GhidraScript)  
INFO  V16DecoderAnalysis.java> EVIDENCE_SCALAR phase=exhaustive at=0202e58c value=020583eb text=mov r5,#0x20583eb function=FUN_0202e546@0202e546 (GhidraScript)  
INFO  V16DecoderAnalysis.java> EVIDENCE_PCODE_CONST phase=exhaustive at=0202e58c value=020583eb op=COPY text=mov r5,#0x20583eb function=FUN_0202e546@0202e546 (GhidraScript)  
INFO  V16DecoderAnalysis.java> EVIDENCE_REF phase=exhaustive from=0202e594 text=mov r2,r5 to=020583eb type=PARAM function=FUN_0202e546@0202e546 (GhidraScript)  
INFO  V16DecoderAnalysis.java> EVIDENCE_REF phase=exhaustive from=0202e5ae text=mov r2,r5 to=020583eb type=PARAM function=FUN_0202e546@0202e546 (GhidraScript)  
INFO  V16DecoderAnalysis.java> EVIDENCE_REF phase=exhaustive from=0202e62c text=add r1,r8,#0x725 to=020583eb type=PARAM function=- (GhidraScript)  
INFO  V16DecoderAnalysis.java> EVIDENCE_SCALAR phase=exhaustive at=0202ea06 value=020583eb text=mov r9,#0x20583eb function=FUN_0202e9ea@0202e9ea (GhidraScript)  
INFO  V16DecoderAnalysis.java> EVIDENCE_PCODE_CONST phase=exhaustive at=0202ea06 value=020583eb op=COPY text=mov r9,#0x20583eb function=FUN_0202e9ea@0202e9ea (GhidraScript)  
INFO  V16DecoderAnalysis.java> EVIDENCE_REF phase=exhaustive from=0202ea16 text=add r1,r9,#0x89 to=02058474 type=PARAM function=FUN_0202e9ea@0202e9ea (GhidraScript)  
INFO  V16DecoderAnalysis.java> EVIDENCE_REF phase=exhaustive from=0202ea24 text=mov r1,r9 to=020583eb type=PARAM function=FUN_0202e9ea@0202e9ea (GhidraScript)  
INFO  V16DecoderAnalysis.java> EVIDENCE_REF phase=exhaustive from=0202ed90 text=add r0,r10,#0x828 to=02058474 type=PARAM function=- (GhidraScript)  
INFO  V16DecoderAnalysis.java> EVIDENCE_REF phase=exhaustive from=0202ed98 text=add r0,r10,#0x79f to=020583eb type=PARAM function=- (GhidraScript)  
INFO  V16DecoderAnalysis.java> EVIDENCE_REF phase=exhaustive from=0202ee48 text=add r1,r10,#0x600 to=0205824c type=PARAM function=- (GhidraScript)  
INFO  V16DecoderAnalysis.java> EVIDENCE_SCALAR phase=exhaustive at=02030c88 value=0205833c text=mov r1,#0x205833c function=FUN_02030c5e@02030c5e (GhidraScript)  
INFO  V16DecoderAnalysis.java> EVIDENCE_PCODE_CONST phase=exhaustive at=02030c88 value=0205833c op=COPY text=mov r1,#0x205833c function=FUN_02030c5e@02030c5e (GhidraScript)  
ERROR Pcode error at 02031bd0: Program does not contain referenced instruction: 02031bd4 (SleighInstructionPrototype)  
ERROR Pcode error at 02032054: Program does not contain referenced instruction: 02032058 (SleighInstructionPrototype)  
ERROR Pcode error at 02032096: Program does not contain referenced instruction: 02032098 (SleighInstructionPrototype)  
ERROR Pcode error at 020323ea: Program does not contain referenced instruction: 020323ee (SleighInstructionPrototype)  
ERROR Pcode error at 02032410: Program does not contain referenced instruction: 02032414 (SleighInstructionPrototype)  
ERROR Pcode error at 02032436: Program does not contain referenced instruction: 0203243a (SleighInstructionPrototype)  
ERROR Pcode error at 020335ce: Program does not contain referenced instruction: 020335d0 (SleighInstructionPrototype)  
ERROR Pcode error at 02033840: Program does not contain referenced instruction: 02033844 (SleighInstructionPrototype)  
ERROR Pcode error at 020340b2: Program does not contain referenced instruction: 020340b6 (SleighInstructionPrototype)  
ERROR Pcode error at 020347f4: Program does not contain referenced instruction: 020347f6 (SleighInstructionPrototype)  
ERROR Pcode error at 0203522a: Program does not contain referenced instruction: 0203522c (SleighInstructionPrototype)  
ERROR Pcode error at 0203555e: Program does not contain referenced instruction: 02035562 (SleighInstructionPrototype)  
INFO  V16DecoderAnalysis.java> EVIDENCE_SCALAR phase=exhaustive at=020379c4 value=020580ed text=mov r8,#0x20580ed function=- (GhidraScript)  
INFO  V16DecoderAnalysis.java> EVIDENCE_PCODE_CONST phase=exhaustive at=020379c4 value=020580ed op=COPY text=mov r8,#0x20580ed function=- (GhidraScript)  
INFO  V16DecoderAnalysis.java> EVIDENCE_REF phase=exhaustive from=02037c70 text=mov r0,#0x205818c to=0205818c type=PARAM function=- (GhidraScript)  
INFO  V16DecoderAnalysis.java> EVIDENCE_SCALAR phase=exhaustive at=02037c70 value=0205818c text=mov r0,#0x205818c function=- (GhidraScript)  
INFO  V16DecoderAnalysis.java> EVIDENCE_PCODE_CONST phase=exhaustive at=02037c70 value=0205818c op=COPY text=mov r0,#0x205818c function=- (GhidraScript)  
INFO  V16DecoderAnalysis.java> EVIDENCE_SCALAR phase=exhaustive at=02037cf8 value=020580ed text=mov r8,#0x20580ed function=- (GhidraScript)  
INFO  V16DecoderAnalysis.java> EVIDENCE_PCODE_CONST phase=exhaustive at=02037cf8 value=020580ed op=COPY text=mov r8,#0x20580ed function=- (GhidraScript)  
INFO  V16DecoderAnalysis.java> EVIDENCE_REF phase=exhaustive from=02037d72 text=sw r8,[r5 + 0x18] to=020580ed type=DATA function=- (GhidraScript)  
INFO  V16DecoderAnalysis.java> EVIDENCE_REF phase=exhaustive from=02037d80 text=mov r0,r8 to=020580ed type=PARAM function=- (GhidraScript)  
INFO  V16DecoderAnalysis.java> EVIDENCE_SCALAR phase=exhaustive at=02038732 value=0205875c text=mov r6,#0x205875c function=- (GhidraScript)  
INFO  V16DecoderAnalysis.java> EVIDENCE_PCODE_CONST phase=exhaustive at=02038732 value=0205875c op=COPY text=mov r6,#0x205875c function=- (GhidraScript)  
INFO  V16DecoderAnalysis.java> EVIDENCE_REF phase=exhaustive from=02038738 text=add r0,r6,#0x2fc to=02058a58 type=PARAM function=- (GhidraScript)  
INFO  V16DecoderAnalysis.java> EVIDENCE_REF phase=exhaustive from=02038774 text=mov r0,r6 to=0205875c type=PARAM function=- (GhidraScript)  
INFO  V16DecoderAnalysis.java> EVIDENCE_REF phase=exhaustive from=020389c0 text=mov r0,#0x205875c to=0205875c type=PARAM function=FUN_020389bc@020389bc (GhidraScript)  
INFO  V16DecoderAnalysis.java> EVIDENCE_SCALAR phase=exhaustive at=020389c0 value=0205875c text=mov r0,#0x205875c function=FUN_020389bc@020389bc (GhidraScript)  
INFO  V16DecoderAnalysis.java> EVIDENCE_PCODE_CONST phase=exhaustive at=020389c0 value=0205875c op=COPY text=mov r0,#0x205875c function=FUN_020389bc@020389bc (GhidraScript)  
INFO  V16DecoderAnalysis.java> EVIDENCE_REF phase=exhaustive from=02038e82 text=mov r0,#0x20580ed to=020580ed type=PARAM function=FUN_0202cbe4@0202cbe4 (GhidraScript)  
INFO  V16DecoderAnalysis.java> EVIDENCE_SCALAR phase=exhaustive at=02038e82 value=020580ed text=mov r0,#0x20580ed function=FUN_0202cbe4@0202cbe4 (GhidraScript)  
INFO  V16DecoderAnalysis.java> EVIDENCE_PCODE_CONST phase=exhaustive at=02038e82 value=020580ed op=COPY text=mov r0,#0x20580ed function=FUN_0202cbe4@0202cbe4 (GhidraScript)  
INFO  V16DecoderAnalysis.java> EVIDENCE_SCALAR phase=exhaustive at=020395ca value=0205800c text=mov r1,#0x205800c function=FUN_020395b0@020395b0 (GhidraScript)  
INFO  V16DecoderAnalysis.java> EVIDENCE_PCODE_CONST phase=exhaustive at=020395ca value=0205800c op=COPY text=mov r1,#0x205800c function=FUN_020395b0@020395b0 (GhidraScript)  
INFO  V16DecoderAnalysis.java> EVIDENCE_SCALAR phase=exhaustive at=0203972a value=0205800c text=mov r0,#0x205800c function=FUN_02039682@02039682 (GhidraScript)  
INFO  V16DecoderAnalysis.java> EVIDENCE_PCODE_CONST phase=exhaustive at=0203972a value=0205800c op=COPY text=mov r0,#0x205800c function=FUN_02039682@02039682 (GhidraScript)  
INFO  V16DecoderAnalysis.java> EVIDENCE_SCALAR phase=exhaustive at=0203aab6 value=0205800c text=mov r9,#0x205800c function=- (GhidraScript)  
INFO  V16DecoderAnalysis.java> EVIDENCE_PCODE_CONST phase=exhaustive at=0203aab6 value=0205800c op=COPY text=mov r9,#0x205800c function=- (GhidraScript)  
INFO  V16DecoderAnalysis.java> EVIDENCE_REF phase=exhaustive from=0203ab20 text=add r0,r9,#0x180 to=0205818c type=PARAM function=- (GhidraScript)  
INFO  V16DecoderAnalysis.java> EVIDENCE_SCALAR phase=exhaustive at=0203c51a value=02058770 text=mov r0,#0x2058770 function=- (GhidraScript)  
INFO  V16DecoderAnalysis.java> EVIDENCE_PCODE_CONST phase=exhaustive at=0203c51a value=02058770 op=COPY text=mov r0,#0x2058770 function=- (GhidraScript)  
INFO  V16DecoderAnalysis.java> EVIDENCE_REF phase=exhaustive from=0203c52a text=lb.z r4,[r0 ++= 1] to=02058770 type=READ function=- (GhidraScript)  
INFO  V16DecoderAnalysis.java> EVIDENCE_REF phase=exhaustive from=0203c52a text=lb.z r4,[r0 ++= 1] to=02058771 type=READ function=- (GhidraScript)  
INFO  V16DecoderAnalysis.java> EVIDENCE_REF phase=exhaustive from=0203c532 text=lb.z r2,[r3 ++= 1] to=02058ad2 type=READ function=- (GhidraScript)  
INFO  V16DecoderAnalysis.java> EVIDENCE_REF phase=exhaustive from=0203c532 text=lb.z r2,[r3 ++= 1] to=02058ad3 type=READ function=- (GhidraScript)  
INFO  V16DecoderAnalysis.java> EVIDENCE_REF phase=exhaustive from=0203c532 text=lb.z r2,[r3 ++= 1] to=02058ad4 type=PARAM function=- (GhidraScript)  
ERROR Pcode error at 0203e216: Program does not contain referenced instruction: 0203e21a (SleighInstructionPrototype)  
INFO  V16DecoderAnalysis.java> EVIDENCE_REF phase=exhaustive from=0203ed64 text=mov r0,#0x2058482 to=02058482 type=PARAM function=FUN_0202cbe4@0202cbe4 (GhidraScript)  
INFO  V16DecoderAnalysis.java> EVIDENCE_SCALAR phase=exhaustive at=0203ed64 value=02058482 text=mov r0,#0x2058482 function=FUN_0202cbe4@0202cbe4 (GhidraScript)  
INFO  V16DecoderAnalysis.java> EVIDENCE_PCODE_CONST phase=exhaustive at=0203ed64 value=02058482 op=COPY text=mov r0,#0x2058482 function=FUN_0202cbe4@0202cbe4 (GhidraScript)  
INFO  V16DecoderAnalysis.java> EVIDENCE_REF phase=exhaustive from=0203f010 text=add r1,r4,#0x3a1 to=02058257 type=PARAM function=- (GhidraScript)  
INFO  V16DecoderAnalysis.java> EVIDENCE_REF phase=exhaustive from=0203f064 text=add r2,r4,#0x54f to=02058405 type=PARAM function=- (GhidraScript)  
INFO  V16DecoderAnalysis.java> EVIDENCE_REF phase=exhaustive from=0203f3d4 text=lw r2,[r0 ++= 4] to=02058378 type=READ function=FUN_0203f28c@0203f28c (GhidraScript)  
INFO  V16DecoderAnalysis.java> EVIDENCE_REF phase=exhaustive from=0203f3d4 text=lw r2,[r0 ++= 4] to=0205837c type=READ function=FUN_0203f28c@0203f28c (GhidraScript)  
INFO  V16DecoderAnalysis.java> EVIDENCE_REF phase=exhaustive from=0203f480 text=sw r0,[r12 + 0x8] to=02058a74 type=DATA function=FUN_0203f28c@0203f28c (GhidraScript)  
INFO  V16DecoderAnalysis.java> EVIDENCE_REF phase=exhaustive from=0203f498 text=lw r2,[r1 + 0x0] to=02058a74 type=READ function=FUN_0203f28c@0203f28c (GhidraScript)  
INFO  V16DecoderAnalysis.java> EVIDENCE_REF phase=exhaustive from=0203f4b8 text=sw r0,[r5 + 0x0] to=02058a74 type=DATA function=FUN_0203f28c@0203f28c (GhidraScript)  
INFO  V16DecoderAnalysis.java> EVIDENCE_REF phase=exhaustive from=0203f5ae text=add r1,r2,#0x2e2 to=0205803c type=PARAM function=FUN_0203f28c@0203f28c (GhidraScript)  
INFO  V16DecoderAnalysis.java> EVIDENCE_REF phase=exhaustive from=0203f7ce text=ldw r1,r9,#0x10 to=02058004 type=READ function=FUN_0203f28c@0203f28c (GhidraScript)  
INFO  V16DecoderAnalysis.java> EVIDENCE_REF phase=exhaustive from=0203f7d6 text=lw r1,[r6 + 0x14] to=02058008 type=READ function=FUN_0203f28c@0203f28c (GhidraScript)  
INFO  V16DecoderAnalysis.java> EVIDENCE_REF phase=exhaustive from=0203f820 text=sw r0,[r6 + 0xc] to=02058000 type=WRITE function=FUN_0203f28c@0203f28c (GhidraScript)  
INFO  V16DecoderAnalysis.java> EVIDENCE_SCALAR phase=exhaustive at=020405e6 value=02058482 text=mov r5,#0x2058482 function=FUN_020405c8@020405c8 (GhidraScript)  
INFO  V16DecoderAnalysis.java> EVIDENCE_PCODE_CONST phase=exhaustive at=020405e6 value=02058482 op=COPY text=mov r5,#0x2058482 function=FUN_020405c8@020405c8 (GhidraScript)  
INFO  V16DecoderAnalysis.java> EVIDENCE_REF phase=exhaustive from=020405fc text=mov r0,r5 to=02058482 type=PARAM function=FUN_020405c8@020405c8 (GhidraScript)  
INFO  V16DecoderAnalysis.java> EVIDENCE_REF phase=exhaustive from=02040662 text=add r0,r6,#0x700 to=02058482 type=PARAM function=FUN_02040632@02040632 (GhidraScript)  
INFO  V16DecoderAnalysis.java> EVIDENCE_REF phase=exhaustive from=0204145a text=sw r1,[sp+0xc] to=02058384 type=DATA function=- (GhidraScript)  
INFO  V16DecoderAnalysis.java> EVIDENCE_REF phase=exhaustive from=020415cc text=sw r0,[sp+0xc] to=02058384 type=DATA function=- (GhidraScript)  
INFO  V16DecoderAnalysis.java> EVIDENCE_SCALAR phase=exhaustive at=02041bdc value=020581b4 text=mov r5,#0x20581b4 function=- (GhidraScript)  
INFO  V16DecoderAnalysis.java> EVIDENCE_PCODE_CONST phase=exhaustive at=02041bdc value=020581b4 op=COPY text=mov r5,#0x20581b4 function=- (GhidraScript)  
INFO  V16DecoderAnalysis.java> EVIDENCE_REF phase=exhaustive from=02041be2 text=sw r5,[r11 + 0x8] to=020581b4 type=DATA function=- (GhidraScript)  
INFO  V16DecoderAnalysis.java> EVIDENCE_REF phase=exhaustive from=02041d2a text=lb.s r0,[r2+#0x5] to=020581b9 type=READ function=- (GhidraScript)  
INFO  V16DecoderAnalysis.java> EVIDENCE_REF phase=exhaustive from=02041d42 text=lb.s r2,[r2+#0x7] to=020581c0 type=READ function=- (GhidraScript)  
INFO  V16DecoderAnalysis.java> EVIDENCE_REF phase=exhaustive from=02041d46 text=add r1,r5,#0x4ae to=02058662 type=PARAM function=- (GhidraScript)  
INFO  V16DecoderAnalysis.java> EVIDENCE_REF phase=exhaustive from=0204238a text=add r1,r5,#0xa to=020581be type=PARAM function=- (GhidraScript)  
INFO  V16DecoderAnalysis.java> EVIDENCE_REF phase=exhaustive from=02045e64 text=mov r3,#0x2058f1c to=02058f1c type=PARAM function=- (GhidraScript)  
INFO  V16DecoderAnalysis.java> EVIDENCE_SCALAR phase=exhaustive at=02045e64 value=02058f1c text=mov r3,#0x2058f1c function=- (GhidraScript)  
INFO  V16DecoderAnalysis.java> EVIDENCE_PCODE_CONST phase=exhaustive at=02045e64 value=02058f1c op=COPY text=mov r3,#0x2058f1c function=- (GhidraScript)  
INFO  V16DecoderAnalysis.java> EVIDENCE_REF phase=exhaustive from=02046692 text=lb.z r7,[r0 + r5] to=0205804c type=READ function=FUN_02046624@02046624 (GhidraScript)  
INFO  V16DecoderAnalysis.java> EVIDENCE_REF phase=exhaustive from=0204713c text=ldw r0,r9,#0x384 to=02058378 type=READ function=FUN_0202cbe4@0202cbe4 (GhidraScript)  
INFO  V16DecoderAnalysis.java> EVIDENCE_REF phase=exhaustive from=02047162 text=sw r0,[r9 + 0x384] to=02058378 type=WRITE function=FUN_0202cbe4@0202cbe4 (GhidraScript)  
INFO  V16DecoderAnalysis.java> EVIDENCE_REF phase=exhaustive from=020471de text=ldw r1,r9,#0x374 to=02058368 type=READ function=FUN_0202cbe4@0202cbe4 (GhidraScript)  
INFO  V16DecoderAnalysis.java> EVIDENCE_REF phase=exhaustive from=0204723c text=sb r0,[r9 + 0x8a] to=0205807e type=WRITE function=FUN_0202cbe4@0202cbe4 (GhidraScript)  
INFO  V16DecoderAnalysis.java> EVIDENCE_REF phase=exhaustive from=020475da text=lb.z r0,[r0 + r1] to=020580fe type=READ function=- (GhidraScript)  
INFO  V16DecoderAnalysis.java> EVIDENCE_REF phase=exhaustive from=020475da text=lb.z r0,[r0 + r1] to=020580f6 type=READ function=- (GhidraScript)  
INFO  V16DecoderAnalysis.java> EVIDENCE_REF phase=exhaustive from=020475da text=lb.z r0,[r0 + r1] to=020580f8 type=READ function=- (GhidraScript)  
INFO  V16DecoderAnalysis.java> EVIDENCE_REF phase=exhaustive from=020475da text=lb.z r0,[r0 + r1] to=020580fa type=READ function=- (GhidraScript)  
INFO  V16DecoderAnalysis.java> EVIDENCE_REF phase=exhaustive from=020475da text=lb.z r0,[r0 + r1] to=020580f9 type=READ function=- (GhidraScript)  
INFO  V16DecoderAnalysis.java> EVIDENCE_REF phase=exhaustive from=020475da text=lb.z r0,[r0 + r1] to=020580fb type=READ function=- (GhidraScript)  
INFO  V16DecoderAnalysis.java> EVIDENCE_REF phase=exhaustive from=020475da text=lb.z r0,[r0 + r1] to=020580fd type=READ function=- (GhidraScript)  
INFO  V16DecoderAnalysis.java> EVIDENCE_REF phase=exhaustive from=020475da text=lb.z r0,[r0 + r1] to=020580fc type=READ function=- (GhidraScript)  
INFO  V16DecoderAnalysis.java> EVIDENCE_REF phase=exhaustive from=020475da text=lb.z r0,[r0 + r1] to=020580f7 type=READ function=- (GhidraScript)  
ERROR Pcode error at 0204aa78: Could not find cached delayslot parser context (SleighInstructionPrototype)  
ERROR Pcode error at 0204aaea: Could not find cached delayslot parser context (SleighInstructionPrototype)  
ERROR Pcode error at 0204ab1a: Could not find cached delayslot parser context (SleighInstructionPrototype)  
ERROR Pcode error at 0204ac86: Program does not contain referenced instruction: 0204ac88 (SleighInstructionPrototype)  
ERROR Pcode error at 0204ae1c: Program does not contain referenced instruction: 0204ae1e (SleighInstructionPrototype)  
ERROR Pcode error at 0204ae38: Program does not contain referenced instruction: 0204ae3c (SleighInstructionPrototype)  
ERROR Pcode error at 0204ae64: Program does not contain referenced instruction: 0204ae68 (SleighInstructionPrototype)  
ERROR Pcode error at 0204ae84: Could not find cached delayslot parser context (SleighInstructionPrototype)  
ERROR Pcode error at 0204af5c: Program does not contain referenced instruction: 0204af5e (SleighInstructionPrototype)  
ERROR Pcode error at 0204b05c: Program does not contain referenced instruction: 0204b060 (SleighInstructionPrototype)  
ERROR Pcode error at 0204b098: Program does not contain referenced instruction: 0204b09a (SleighInstructionPrototype)  
ERROR Pcode error at 0204b0b4: Could not find cached delayslot parser context (SleighInstructionPrototype)  
ERROR Pcode error at 0204b0ba: Could not find cached delayslot parser context (SleighInstructionPrototype)  
ERROR Pcode error at 0204b0d2: Program does not contain referenced instruction: 0204b0d4 (SleighInstructionPrototype)  
ERROR Pcode error at 0204b19a: Program does not contain referenced instruction: 0204b19c (SleighInstructionPrototype)  
ERROR Pcode error at 0204b248: Could not find cached delayslot parser context (SleighInstructionPrototype)  
ERROR Pcode error at 0204b3a0: Program does not contain referenced instruction: 0204b3a2 (SleighInstructionPrototype)  
ERROR Pcode error at 0204b52a: Program does not contain referenced instruction: 0204b52e (SleighInstructionPrototype)  
ERROR Pcode error at 0204b572: Could not find cached delayslot parser context (SleighInstructionPrototype)  
ERROR Pcode error at 0204b57a: Program does not contain referenced instruction: 0204b57e (SleighInstructionPrototype)  
ERROR Pcode error at 0204b638: Program does not contain referenced instruction: 0204b63a (SleighInstructionPrototype)  
ERROR Pcode error at 0204b654: Could not find cached delayslot parser context (SleighInstructionPrototype)  
ERROR Pcode error at 0204b70e: Could not find cached delayslot parser context (SleighInstructionPrototype)  
ERROR Pcode error at 0204b852: Program does not contain referenced instruction: 0204b854 (SleighInstructionPrototype)  
ERROR Pcode error at 0204b8d8: Program does not contain referenced instruction: 0204b8da (SleighInstructionPrototype)  
ERROR Pcode error at 0204b8de: Program does not contain referenced instruction: 0204b8e0 (SleighInstructionPrototype)  
ERROR Pcode error at 0204b918: Program does not contain referenced instruction: 0204b91a (SleighInstructionPrototype)  
ERROR Pcode error at 0204b988: Could not find cached delayslot parser context (SleighInstructionPrototype)  
ERROR Pcode error at 0204bbca: Program does not contain referenced instruction: 0204bbcc (SleighInstructionPrototype)  
ERROR Pcode error at 0204bc3c: Program does not contain referenced instruction: 0204bc40 (SleighInstructionPrototype)  
ERROR Pcode error at 0204bce0: Delay Slot recursion problem for Instruction at 0204bce2 (SleighInstructionPrototype)  
ERROR Pcode error at 0204bce2: Program does not contain referenced instruction: 0204bce4 (SleighInstructionPrototype)  
ERROR Pcode error at 0204bd34: Could not find cached delayslot parser context (SleighInstructionPrototype)  
ERROR Pcode error at 0204bd94: Could not find cached delayslot parser context (SleighInstructionPrototype)  
ERROR Pcode error at 0204be16: Program does not contain referenced instruction: 0204be1a (SleighInstructionPrototype)  
ERROR Pcode error at 0204be9a: Program does not contain referenced instruction: 0204be9e (SleighInstructionPrototype)  
ERROR Pcode error at 0204bea0: Program does not contain referenced instruction: 0204bea2 (SleighInstructionPrototype)  
ERROR Pcode error at 0204beb8: Program does not contain referenced instruction: 0204beba (SleighInstructionPrototype)  
ERROR Pcode error at 0204bec8: Program does not contain referenced instruction: 0204beca (SleighInstructionPrototype)  
ERROR Pcode error at 0204bedc: Program does not contain referenced instruction: 0204bee0 (SleighInstructionPrototype)  
ERROR Pcode error at 0204bf32: Program does not contain referenced instruction: 0204bf36 (SleighInstructionPrototype)  
ERROR Pcode error at 0204bfb6: Program does not contain referenced instruction: 0204bfb8 (SleighInstructionPrototype)  
ERROR Pcode error at 0204c082: Could not find cached delayslot parser context (SleighInstructionPrototype)  
ERROR Pcode error at 0204c0f2: Program does not contain referenced instruction: 0204c0f6 (SleighInstructionPrototype)  
ERROR Pcode error at 0204c13c: Program does not contain referenced instruction: 0204c13e (SleighInstructionPrototype)  
ERROR Pcode error at 0204c206: Could not find cached delayslot parser context (SleighInstructionPrototype)  
ERROR Pcode error at 0204c3a0: Program does not contain referenced instruction: 0204c3a2 (SleighInstructionPrototype)  
ERROR Pcode error at 0204c424: Could not find cached delayslot parser context (SleighInstructionPrototype)  
ERROR Pcode error at 0204c468: Could not find cached delayslot parser context (SleighInstructionPrototype)  
ERROR Pcode error at 0204c470: Could not find cached delayslot parser context (SleighInstructionPrototype)  
ERROR Pcode error at 0204c478: Could not find cached delayslot parser context (SleighInstructionPrototype)  
ERROR Pcode error at 0204c870: Could not find cached delayslot parser context (SleighInstructionPrototype)  
ERROR Pcode error at 0204c8f8: Could not find cached delayslot parser context (SleighInstructionPrototype)  
ERROR Pcode error at 0204ca82: Program does not contain referenced instruction: 0204ca86 (SleighInstructionPrototype)  
ERROR Pcode error at 0204cb0a: Program does not contain referenced instruction: 0204cb0e (SleighInstructionPrototype)  
ERROR Pcode error at 0204cb18: Program does not contain referenced instruction: 0204cb1a (SleighInstructionPrototype)  
ERROR Pcode error at 0204cb4a: Program does not contain referenced instruction: 0204cb4e (SleighInstructionPrototype)  
ERROR Pcode error at 0204cb54: Program does not contain referenced instruction: 0204cb56 (SleighInstructionPrototype)  
ERROR Pcode error at 0204cb58: Program does not contain referenced instruction: 0204cb5a (SleighInstructionPrototype)  
ERROR Pcode error at 0204cbd2: Program does not contain referenced instruction: 0204cbd6 (SleighInstructionPrototype)  
ERROR Pcode error at 0204cbe8: Delay Slot recursion problem for Instruction at 0204cbea (SleighInstructionPrototype)  
ERROR Pcode error at 0204cbea: Delay Slot recursion problem for Instruction at 0204cbec (SleighInstructionPrototype)  
ERROR Pcode error at 0204cbec: Delay Slot recursion problem for Instruction at 0204cbee (SleighInstructionPrototype)  
ERROR Pcode error at 0204cbee: Delay Slot recursion problem for Instruction at 0204cbf0 (SleighInstructionPrototype)  
ERROR Pcode error at 0204cbf0: Delay Slot recursion problem for Instruction at 0204cbf2 (SleighInstructionPrototype)  
ERROR Pcode error at 0204cbf2: Delay Slot recursion problem for Instruction at 0204cbf4 (SleighInstructionPrototype)  
ERROR Pcode error at 0204cc00: Program does not contain referenced instruction: 0204cc04 (SleighInstructionPrototype)  
ERROR Pcode error at 0204cc1e: Program does not contain referenced instruction: 0204cc22 (SleighInstructionPrototype)  
ERROR Pcode error at 0204cc64: Program does not contain referenced instruction: 0204cc66 (SleighInstructionPrototype)  
ERROR Pcode error at 0204cd2a: Program does not contain referenced instruction: 0204cd2e (SleighInstructionPrototype)  
ERROR Pcode error at 0204cdf6: Delay Slot recursion problem for Instruction at 0204cdf8 (SleighInstructionPrototype)  
ERROR Pcode error at 0204cf6e: Program does not contain referenced instruction: 0204cf70 (SleighInstructionPrototype)  
ERROR Pcode error at 0204d010: Could not find cached delayslot parser context (SleighInstructionPrototype)  
ERROR Pcode error at 0204d028: Could not find cached delayslot parser context (SleighInstructionPrototype)  
ERROR Pcode error at 0204d12e: Program does not contain referenced instruction: 0204d130 (SleighInstructionPrototype)  
ERROR Pcode error at 0204d1dc: Program does not contain referenced instruction: 0204d1de (SleighInstructionPrototype)  
ERROR Pcode error at 0204d1f6: Program does not contain referenced instruction: 0204d1f8 (SleighInstructionPrototype)  
ERROR Pcode error at 0204d372: Program does not contain referenced instruction: 0204d374 (SleighInstructionPrototype)  
ERROR Pcode error at 0204d3f0: Could not find cached delayslot parser context (SleighInstructionPrototype)  
ERROR Pcode error at 0204d41a: Program does not contain referenced instruction: 0204d41c (SleighInstructionPrototype)  
ERROR Pcode error at 0204d4e6: Could not find cached delayslot parser context (SleighInstructionPrototype)  
ERROR Pcode error at 0204d520: Could not find cached delayslot parser context (SleighInstructionPrototype)  
ERROR Pcode error at 0204d5b2: Program does not contain referenced instruction: 0204d5b4 (SleighInstructionPrototype)  
ERROR Pcode error at 0204d6da: Program does not contain referenced instruction: 0204d6de (SleighInstructionPrototype)  
ERROR Pcode error at 0204d7ac: Could not find cached delayslot parser context (SleighInstructionPrototype)  
ERROR Pcode error at 0204d7e6: Could not find cached delayslot parser context (SleighInstructionPrototype)  
ERROR Pcode error at 0204d8a4: Program does not contain referenced instruction: 0204d8a6 (SleighInstructionPrototype)  
ERROR Pcode error at 0204da24: Program does not contain referenced instruction: 0204da26 (SleighInstructionPrototype)  
ERROR Pcode error at 0204dace: Could not find cached delayslot parser context (SleighInstructionPrototype)  
ERROR Pcode error at 0204dd6a: Program does not contain referenced instruction: 0204dd6e (SleighInstructionPrototype)  
ERROR Pcode error at 0204dde6: Could not find cached delayslot parser context (SleighInstructionPrototype)  
ERROR Pcode error at 0204deac: Program does not contain referenced instruction: 0204deae (SleighInstructionPrototype)  
ERROR Pcode error at 0204defc: Could not find cached delayslot parser context (SleighInstructionPrototype)  
ERROR Pcode error at 0204df98: Program does not contain referenced instruction: 0204df9a (SleighInstructionPrototype)  
ERROR Pcode error at 0204dfe4: Program does not contain referenced instruction: 0204dfe6 (SleighInstructionPrototype)  
ERROR Pcode error at 0204e0d2: Program does not contain referenced instruction: 0204e0d6 (SleighInstructionPrototype)  
ERROR Pcode error at 0204e332: Program does not contain referenced instruction: 0204e334 (SleighInstructionPrototype)  
ERROR Pcode error at 0204e46e: Program does not contain referenced instruction: 0204e470 (SleighInstructionPrototype)  
ERROR Pcode error at 0204e4d6: Program does not contain referenced instruction: 0204e4da (SleighInstructionPrototype)  
ERROR Pcode error at 0204e638: Program does not contain referenced instruction: 0204e63c (SleighInstructionPrototype)  
ERROR Pcode error at 0204e650: Could not find cached delayslot parser context (SleighInstructionPrototype)  
ERROR Pcode error at 0204e6e8: Could not find cached delayslot parser context (SleighInstructionPrototype)  
ERROR Pcode error at 0204e748: Program does not contain referenced instruction: 0204e74a (SleighInstructionPrototype)  
ERROR Pcode error at 0204e754: Could not find cached delayslot parser context (SleighInstructionPrototype)  
ERROR Pcode error at 0204e794: Could not find cached delayslot parser context (SleighInstructionPrototype)  
ERROR Pcode error at 0204e886: Could not find cached delayslot parser context (SleighInstructionPrototype)  
ERROR Pcode error at 0204e8a8: Could not find cached delayslot parser context (SleighInstructionPrototype)  
ERROR Pcode error at 0204e8d4: Program does not contain referenced instruction: 0204e8d6 (SleighInstructionPrototype)  
ERROR Pcode error at 0204e8ee: Program does not contain referenced instruction: 0204e8f0 (SleighInstructionPrototype)  
ERROR Pcode error at 0204e908: Program does not contain referenced instruction: 0204e90a (SleighInstructionPrototype)  
ERROR Pcode error at 0204e94e: Program does not contain referenced instruction: 0204e950 (SleighInstructionPrototype)  
ERROR Pcode error at 0204e978: Program does not contain referenced instruction: 0204e97c (SleighInstructionPrototype)  
INFO  V16DecoderAnalysis.java> EVIDENCE_REF phase=exhaustive from=0204ea9c text=jmz r15,r15,0x020588a0 to=020588a0 type=CONDITIONAL_JUMP function=- (GhidraScript)  
ERROR Pcode error at 0204eac6: Program does not contain referenced instruction: 0204eac8 (SleighInstructionPrototype)  
ERROR Pcode error at 0204ead0: Delay Slot recursion problem for Instruction at 0204ead2 (SleighInstructionPrototype)  
ERROR Pcode error at 0204ead2: Could not find cached delayslot parser context (SleighInstructionPrototype)  
ERROR Pcode error at 0204eaf0: Program does not contain referenced instruction: 0204eaf4 (SleighInstructionPrototype)  
ERROR Pcode error at 0204ebb6: Could not find cached delayslot parser context (SleighInstructionPrototype)  
ERROR Pcode error at 0204ebda: Program does not contain referenced instruction: 0204ebde (SleighInstructionPrototype)  
ERROR Pcode error at 0204ed1a: Program does not contain referenced instruction: 0204ed1c (SleighInstructionPrototype)  
ERROR Pcode error at 0204edda: Program does not contain referenced instruction: 0204eddc (SleighInstructionPrototype)  
ERROR Pcode error at 0204ee26: Could not find cached delayslot parser context (SleighInstructionPrototype)  
ERROR Pcode error at 0204eeca: Program does not contain referenced instruction: 0204eecc (SleighInstructionPrototype)  
ERROR Pcode error at 0204eed2: Could not find cached delayslot parser context (SleighInstructionPrototype)  
ERROR Pcode error at 0204ef04: Program does not contain referenced instruction: 0204ef06 (SleighInstructionPrototype)  
ERROR Pcode error at 0204f178: Program does not contain referenced instruction: 0204f17c (SleighInstructionPrototype)  
ERROR Pcode error at 0204f190: Could not find cached delayslot parser context (SleighInstructionPrototype)  
ERROR Pcode error at 0204f2c4: Program does not contain referenced instruction: 0204f2c6 (SleighInstructionPrototype)  
ERROR Pcode error at 0204f30a: Could not find cached delayslot parser context (SleighInstructionPrototype)  
ERROR Pcode error at 0204f3c6: Program does not contain referenced instruction: 0204f3ca (SleighInstructionPrototype)  
ERROR Pcode error at 0204f40c: Program does not contain referenced instruction: 0204f40e (SleighInstructionPrototype)  
ERROR Pcode error at 0204f428: Program does not contain referenced instruction: 0204f42a (SleighInstructionPrototype)  
ERROR Pcode error at 0204f440: Program does not contain referenced instruction: 0204f444 (SleighInstructionPrototype)  
ERROR Pcode error at 0204f76a: Program does not contain referenced instruction: 0204f76c (SleighInstructionPrototype)  
ERROR Pcode error at 0204f84a: Could not find cached delayslot parser context (SleighInstructionPrototype)  
ERROR Pcode error at 0204f852: Program does not contain referenced instruction: 0204f854 (SleighInstructionPrototype)  
ERROR Pcode error at 0204f930: Program does not contain referenced instruction: 0204f934 (SleighInstructionPrototype)  
ERROR Pcode error at 0204f93e: Could not find cached delayslot parser context (SleighInstructionPrototype)  
ERROR Pcode error at 0204fc44: Could not find cached delayslot parser context (SleighInstructionPrototype)  
ERROR Pcode error at 0204ff66: Could not find cached delayslot parser context (SleighInstructionPrototype)  
ERROR Pcode error at 0204ff9e: Could not find cached delayslot parser context (SleighInstructionPrototype)  
ERROR Pcode error at 0204ffc4: Could not find cached delayslot parser context (SleighInstructionPrototype)  
ERROR Pcode error at 0205012e: Could not find cached delayslot parser context (SleighInstructionPrototype)  
ERROR Pcode error at 02050508: Program does not contain referenced instruction: 0205050a (SleighInstructionPrototype)  
ERROR Pcode error at 02050518: Program does not contain referenced instruction: 0205051a (SleighInstructionPrototype)  
ERROR Pcode error at 02050540: Program does not contain referenced instruction: 02050542 (SleighInstructionPrototype)  
ERROR Pcode error at 02050548: Program does not contain referenced instruction: 0205054a (SleighInstructionPrototype)  
ERROR Pcode error at 02050570: Program does not contain referenced instruction: 02050572 (SleighInstructionPrototype)  
ERROR Pcode error at 020505a2: Program does not contain referenced instruction: 020505a4 (SleighInstructionPrototype)  
ERROR Pcode error at 020505c2: Program does not contain referenced instruction: 020505c4 (SleighInstructionPrototype)  
ERROR Pcode error at 020505f2: Program does not contain referenced instruction: 020505f4 (SleighInstructionPrototype)  
ERROR Pcode error at 020505fc: Program does not contain referenced instruction: 020505fe (SleighInstructionPrototype)  
ERROR Pcode error at 02050638: Program does not contain referenced instruction: 0205063a (SleighInstructionPrototype)  
ERROR Pcode error at 02050654: Program does not contain referenced instruction: 02050656 (SleighInstructionPrototype)  
ERROR Pcode error at 0205066e: Program does not contain referenced instruction: 02050670 (SleighInstructionPrototype)  
ERROR Pcode error at 02050698: Program does not contain referenced instruction: 0205069a (SleighInstructionPrototype)  
ERROR Pcode error at 0205069e: Program does not contain referenced instruction: 020506a0 (SleighInstructionPrototype)  
ERROR Pcode error at 020506c4: Program does not contain referenced instruction: 020506c6 (SleighInstructionPrototype)  
ERROR Pcode error at 02050714: Program does not contain referenced instruction: 02050718 (SleighInstructionPrototype)  
ERROR Pcode error at 02050728: Program does not contain referenced instruction: 0205072a (SleighInstructionPrototype)  
ERROR Pcode error at 02050732: Program does not contain referenced instruction: 02050736 (SleighInstructionPrototype)  
ERROR Pcode error at 020507f4: Program does not contain referenced instruction: 020507f6 (SleighInstructionPrototype)  
ERROR Pcode error at 0205085a: Program does not contain referenced instruction: 0205085e (SleighInstructionPrototype)  
ERROR Pcode error at 0205089c: Program does not contain referenced instruction: 0205089e (SleighInstructionPrototype)  
ERROR Pcode error at 020509dc: Could not find cached delayslot parser context (SleighInstructionPrototype)  
ERROR Pcode error at 02050a36: Program does not contain referenced instruction: 02050a38 (SleighInstructionPrototype)  
ERROR Pcode error at 02050a76: Program does not contain referenced instruction: 02050a78 (SleighInstructionPrototype)  
ERROR Pcode error at 02050b84: Program does not contain referenced instruction: 02050b86 (SleighInstructionPrototype)  
ERROR Pcode error at 02050bee: Delay Slot recursion problem for Instruction at 02050bf2 (SleighInstructionPrototype)  
ERROR Pcode error at 02050bf2: Could not find cached delayslot parser context (SleighInstructionPrototype)  
ERROR Pcode error at 02050c60: Program does not contain referenced instruction: 02050c62 (SleighInstructionPrototype)  
ERROR Pcode error at 02050dc6: Program does not contain referenced instruction: 02050dc8 (SleighInstructionPrototype)  
ERROR Pcode error at 02050f84: Program does not contain referenced instruction: 02050f86 (SleighInstructionPrototype)  
ERROR Pcode error at 0205105c: Program does not contain referenced instruction: 0205105e (SleighInstructionPrototype)  
ERROR Pcode error at 020510ce: Program does not contain referenced instruction: 020510d0 (SleighInstructionPrototype)  
ERROR Pcode error at 020511c6: Program does not contain referenced instruction: 020511c8 (SleighInstructionPrototype)  
ERROR Pcode error at 020513d0: Program does not contain referenced instruction: 020513d4 (SleighInstructionPrototype)  
ERROR Pcode error at 02051566: Program does not contain referenced instruction: 0205156a (SleighInstructionPrototype)  
ERROR Pcode error at 02051572: Program does not contain referenced instruction: 02051574 (SleighInstructionPrototype)  
ERROR Pcode error at 02051652: Program does not contain referenced instruction: 02051654 (SleighInstructionPrototype)  
ERROR Pcode error at 0205166c: Program does not contain referenced instruction: 0205166e (SleighInstructionPrototype)  
ERROR Pcode error at 02051768: Program does not contain referenced instruction: 0205176a (SleighInstructionPrototype)  
ERROR Pcode error at 020519c2: Program does not contain referenced instruction: 020519c4 (SleighInstructionPrototype)  
ERROR Pcode error at 020519de: Program does not contain referenced instruction: 020519e2 (SleighInstructionPrototype)  
ERROR Pcode error at 02051c06: Program does not contain referenced instruction: 02051c08 (SleighInstructionPrototype)  
ERROR Pcode error at 02051c1c: Program does not contain referenced instruction: 02051c1e (SleighInstructionPrototype)  
ERROR Pcode error at 02051c7e: Program does not contain referenced instruction: 02051c80 (SleighInstructionPrototype)  
ERROR Pcode error at 02051cd0: Could not find cached delayslot parser context (SleighInstructionPrototype)  
ERROR Pcode error at 02051d52: Program does not contain referenced instruction: 02051d54 (SleighInstructionPrototype)  
ERROR Pcode error at 02051d76: Program does not contain referenced instruction: 02051d7a (SleighInstructionPrototype)  
ERROR Pcode error at 02051d84: Could not find cached delayslot parser context (SleighInstructionPrototype)  
ERROR Pcode error at 02051dfc: Program does not contain referenced instruction: 02051dfe (SleighInstructionPrototype)  
ERROR Pcode error at 02051f72: Program does not contain referenced instruction: 02051f74 (SleighInstructionPrototype)  
ERROR Pcode error at 02051f88: Could not find cached delayslot parser context (SleighInstructionPrototype)  
ERROR Pcode error at 02052118: Program does not contain referenced instruction: 0205211a (SleighInstructionPrototype)  
ERROR Pcode error at 02052188: Program does not contain referenced instruction: 0205218a (SleighInstructionPrototype)  
ERROR Pcode error at 020521a4: Could not find cached delayslot parser context (SleighInstructionPrototype)  
ERROR Pcode error at 02052212: Program does not contain referenced instruction: 02052214 (SleighInstructionPrototype)  
ERROR Pcode error at 0205222e: Could not find cached delayslot parser context (SleighInstructionPrototype)  
ERROR Pcode error at 020522a2: Program does not contain referenced instruction: 020522a4 (SleighInstructionPrototype)  
ERROR Pcode error at 020522f4: Could not find cached delayslot parser context (SleighInstructionPrototype)  
ERROR Pcode error at 02052330: Program does not contain referenced instruction: 02052332 (SleighInstructionPrototype)  
ERROR Pcode error at 02052504: Program does not contain referenced instruction: 02052506 (SleighInstructionPrototype)  
ERROR Pcode error at 02052582: Program does not contain referenced instruction: 02052584 (SleighInstructionPrototype)  
ERROR Pcode error at 0205259e: Could not find cached delayslot parser context (SleighInstructionPrototype)  
ERROR Pcode error at 020525e0: Program does not contain referenced instruction: 020525e2 (SleighInstructionPrototype)  
ERROR Pcode error at 0205269c: Program does not contain referenced instruction: 0205269e (SleighInstructionPrototype)  
ERROR Pcode error at 0205275a: Program does not contain referenced instruction: 0205275c (SleighInstructionPrototype)  
ERROR Pcode error at 0205277c: Could not find cached delayslot parser context (SleighInstructionPrototype)  
ERROR Pcode error at 020527f4: Program does not contain referenced instruction: 020527f8 (SleighInstructionPrototype)  
ERROR Pcode error at 02052848: Program does not contain referenced instruction: 0205284a (SleighInstructionPrototype)  
ERROR Pcode error at 0205286e: Program does not contain referenced instruction: 02052870 (SleighInstructionPrototype)  
ERROR Pcode error at 020528d0: Could not find cached delayslot parser context (SleighInstructionPrototype)  
ERROR Pcode error at 0205295c: Program does not contain referenced instruction: 0205295e (SleighInstructionPrototype)  
ERROR Pcode error at 0205298a: Could not find cached delayslot parser context (SleighInstructionPrototype)  
ERROR Pcode error at 02052b64: Program does not contain referenced instruction: 02052b66 (SleighInstructionPrototype)  
ERROR Pcode error at 02052bd6: Program does not contain referenced instruction: 02052bd8 (SleighInstructionPrototype)  
ERROR Pcode error at 02052be0: Program does not contain referenced instruction: 02052be4 (SleighInstructionPrototype)  
ERROR Pcode error at 02052ece: Could not find cached delayslot parser context (SleighInstructionPrototype)  
ERROR Pcode error at 02052f38: Program does not contain referenced instruction: 02052f3a (SleighInstructionPrototype)  
ERROR Pcode error at 02052f4a: Program does not contain referenced instruction: 02052f4c (SleighInstructionPrototype)  
ERROR Pcode error at 02052f50: Could not find cached delayslot parser context (SleighInstructionPrototype)  
ERROR Pcode error at 02052fe8: Program does not contain referenced instruction: 02052fea (SleighInstructionPrototype)  
ERROR Pcode error at 02052ff2: Program does not contain referenced instruction: 02052ff6 (SleighInstructionPrototype)  
ERROR Pcode error at 02053042: Program does not contain referenced instruction: 02053044 (SleighInstructionPrototype)  
ERROR Pcode error at 020530a2: Could not find cached delayslot parser context (SleighInstructionPrototype)  
ERROR Pcode error at 02053154: Could not find cached delayslot parser context (SleighInstructionPrototype)  
ERROR Pcode error at 02053360: Could not find cached delayslot parser context (SleighInstructionPrototype)  
ERROR Pcode error at 02053364: Program does not contain referenced instruction: 02053366 (SleighInstructionPrototype)  
ERROR Pcode error at 02053476: Could not find cached delayslot parser context (SleighInstructionPrototype)  
ERROR Pcode error at 02053518: Could not find cached delayslot parser context (SleighInstructionPrototype)  
ERROR Pcode error at 02053520: Program does not contain referenced instruction: 02053522 (SleighInstructionPrototype)  
ERROR Pcode error at 020538b8: Program does not contain referenced instruction: 020538ba (SleighInstructionPrototype)  
ERROR Pcode error at 02053984: Program does not contain referenced instruction: 02053986 (SleighInstructionPrototype)  
ERROR Pcode error at 020539ec: Could not find cached delayslot parser context (SleighInstructionPrototype)  
ERROR Pcode error at 02053a70: Could not find cached delayslot parser context (SleighInstructionPrototype)  
ERROR Pcode error at 02053ac0: Program does not contain referenced instruction: 02053ac2 (SleighInstructionPrototype)  
ERROR Pcode error at 02053b52: Program does not contain referenced instruction: 02053b54 (SleighInstructionPrototype)  
ERROR Pcode error at 02053b76: Program does not contain referenced instruction: 02053b78 (SleighInstructionPrototype)  
ERROR Pcode error at 02053cd6: Could not find cached delayslot parser context (SleighInstructionPrototype)  
ERROR Pcode error at 02053d4c: Program does not contain referenced instruction: 02053d4e (SleighInstructionPrototype)  
ERROR Pcode error at 02053dd8: Program does not contain referenced instruction: 02053dda (SleighInstructionPrototype)  
ERROR Pcode error at 02053f74: Program does not contain referenced instruction: 02053f76 (SleighInstructionPrototype)  
ERROR Pcode error at 02053f7e: Could not find cached delayslot parser context (SleighInstructionPrototype)  
ERROR Pcode error at 02054060: Program does not contain referenced instruction: 02054064 (SleighInstructionPrototype)  
ERROR Pcode error at 02054096: Program does not contain referenced instruction: 02054098 (SleighInstructionPrototype)  
ERROR Pcode error at 0205416a: Program does not contain referenced instruction: 0205416c (SleighInstructionPrototype)  
ERROR Pcode error at 020541de: Program does not contain referenced instruction: 020541e0 (SleighInstructionPrototype)  
ERROR Pcode error at 02054266: Program does not contain referenced instruction: 02054268 (SleighInstructionPrototype)  
ERROR Pcode error at 0205427c: Could not find cached delayslot parser context (SleighInstructionPrototype)  
ERROR Pcode error at 02054638: Program does not contain referenced instruction: 0205463c (SleighInstructionPrototype)  
ERROR Pcode error at 02054640: Program does not contain referenced instruction: 02054642 (SleighInstructionPrototype)  
ERROR Pcode error at 020546ee: Program does not contain referenced instruction: 020546f2 (SleighInstructionPrototype)  
ERROR Pcode error at 020547a2: Program does not contain referenced instruction: 020547a4 (SleighInstructionPrototype)  
ERROR Pcode error at 0205485c: Program does not contain referenced instruction: 02054860 (SleighInstructionPrototype)  
ERROR Pcode error at 02054930: Program does not contain referenced instruction: 02054934 (SleighInstructionPrototype)  
INFO  V16DecoderAnalysis.java> EVIDENCE_REF phase=exhaustive from=020549e6 text=jb r15,#0xfff,0x020589ce to=020589ce type=CONDITIONAL_JUMP function=- (GhidraScript)  
ERROR Pcode error at 02054a2e: Program does not contain referenced instruction: 02054a30 (SleighInstructionPrototype)  
ERROR Pcode error at 02054a4a: Program does not contain referenced instruction: 02054a4c (SleighInstructionPrototype)  
ERROR Pcode error at 02054ae6: Program does not contain referenced instruction: 02054ae8 (SleighInstructionPrototype)  
ERROR Pcode error at 02054be8: Could not find cached delayslot parser context (SleighInstructionPrototype)  
ERROR Pcode error at 02054c3a: Program does not contain referenced instruction: 02054c3e (SleighInstructionPrototype)  
ERROR Pcode error at 02054c46: Program does not contain referenced instruction: 02054c48 (SleighInstructionPrototype)  
ERROR Pcode error at 02054ce2: Program does not contain referenced instruction: 02054ce4 (SleighInstructionPrototype)  
ERROR Pcode error at 02054d10: Program does not contain referenced instruction: 02054d12 (SleighInstructionPrototype)  
ERROR Pcode error at 02054d98: Could not find cached delayslot parser context (SleighInstructionPrototype)  
ERROR Pcode error at 02054db2: Program does not contain referenced instruction: 02054db4 (SleighInstructionPrototype)  
ERROR Pcode error at 02054e80: Program does not contain referenced instruction: 02054e84 (SleighInstructionPrototype)  
ERROR Pcode error at 02054e88: Could not find cached delayslot parser context (SleighInstructionPrototype)  
ERROR Pcode error at 02054ecc: Could not find cached delayslot parser context (SleighInstructionPrototype)  
ERROR Pcode error at 02054fb6: Program does not contain referenced instruction: 02054fba (SleighInstructionPrototype)  
ERROR Pcode error at 02054ff8: Program does not contain referenced instruction: 02054ffa (SleighInstructionPrototype)  
INFO  V16DecoderAnalysis.java> EVIDENCE_REF phase=exhaustive from=02055134 text=ja r15,#0xfff,0x02058f7a to=02058f7a type=CONDITIONAL_JUMP function=- (GhidraScript)  
ERROR Pcode error at 0205522e: Program does not contain referenced instruction: 02055232 (SleighInstructionPrototype)  
ERROR Pcode error at 0205523c: Could not find cached delayslot parser context (SleighInstructionPrototype)  
ERROR Pcode error at 0205545c: Program does not contain referenced instruction: 0205545e (SleighInstructionPrototype)  
ERROR Pcode error at 0205551a: Could not find cached delayslot parser context (SleighInstructionPrototype)  
ERROR Pcode error at 0205556c: Could not find cached delayslot parser context (SleighInstructionPrototype)  
INFO  V16DecoderAnalysis.java> EVIDENCE_REF phase=exhaustive from=020555ba text=jae r0,#0xf09,0x020587a0 to=020587a0 type=CONDITIONAL_JUMP function=- (GhidraScript)  
INFO  V16DecoderAnalysis.java> EVIDENCE_REF phase=exhaustive from=020555c2 text=jne r1,#0x6,0x02058f08 to=02058f08 type=CONDITIONAL_JUMP function=- (GhidraScript)  
ERROR Pcode error at 0205595a: Could not find cached delayslot parser context (SleighInstructionPrototype)  
ERROR Pcode error at 020559e2: Could not find cached delayslot parser context (SleighInstructionPrototype)  
ERROR Pcode error at 02055b4c: Program does not contain referenced instruction: 02055b4e (SleighInstructionPrototype)  
ERROR Pcode error at 02055b5e: Program does not contain referenced instruction: 02055b60 (SleighInstructionPrototype)  
ERROR Pcode error at 02055b62: Program does not contain referenced instruction: 02055b64 (SleighInstructionPrototype)  
ERROR Pcode error at 02055b70: Program does not contain referenced instruction: 02055b72 (SleighInstructionPrototype)  
ERROR Pcode error at 02055b7a: Program does not contain referenced instruction: 02055b7c (SleighInstructionPrototype)  
ERROR Pcode error at 02055bb0: Program does not contain referenced instruction: 02055bb4 (SleighInstructionPrototype)  
ERROR Pcode error at 02055bb8: Program does not contain referenced instruction: 02055bba (SleighInstructionPrototype)  
ERROR Pcode error at 02055bd4: Program does not contain referenced instruction: 02055bd8 (SleighInstructionPrototype)  
ERROR Pcode error at 02055bde: Program does not contain referenced instruction: 02055be0 (SleighInstructionPrototype)  
ERROR Pcode error at 02055bee: Program does not contain referenced instruction: 02055bf0 (SleighInstructionPrototype)  
ERROR Pcode error at 02055bfc: Program does not contain referenced instruction: 02055bfe (SleighInstructionPrototype)  
ERROR Pcode error at 02055c00: Program does not contain referenced instruction: 02055c02 (SleighInstructionPrototype)  
ERROR Pcode error at 02055c04: Program does not contain referenced instruction: 02055c06 (SleighInstructionPrototype)  
ERROR Pcode error at 02055c0c: Program does not contain referenced instruction: 02055c0e (SleighInstructionPrototype)  
ERROR Pcode error at 02055c16: Program does not contain referenced instruction: 02055c18 (SleighInstructionPrototype)  
ERROR Pcode error at 02055c22: Program does not contain referenced instruction: 02055c24 (SleighInstructionPrototype)  
ERROR Pcode error at 02055c5c: Program does not contain referenced instruction: 02055c5e (SleighInstructionPrototype)  
ERROR Pcode error at 02055cac: Program does not contain referenced instruction: 02055cb0 (SleighInstructionPrototype)  
ERROR Pcode error at 02055cb8: Program does not contain referenced instruction: 02055cba (SleighInstructionPrototype)  
ERROR Pcode error at 02055cda: Program does not contain referenced instruction: 02055cdc (SleighInstructionPrototype)  
ERROR Pcode error at 02055ce4: Program does not contain referenced instruction: 02055ce6 (SleighInstructionPrototype)  
ERROR Pcode error at 02055cf6: Program does not contain referenced instruction: 02055cf8 (SleighInstructionPrototype)  
ERROR Pcode error at 02055d58: Program does not contain referenced instruction: 02055d5a (SleighInstructionPrototype)  
ERROR Pcode error at 02055d64: Program does not contain referenced instruction: 02055d66 (SleighInstructionPrototype)  
ERROR Pcode error at 02055d7a: Delay Slot recursion problem for Instruction at 02055d7c (SleighInstructionPrototype)  
ERROR Pcode error at 02055d90: Program does not contain referenced instruction: 02055d92 (SleighInstructionPrototype)  
ERROR Pcode error at 02055d9e: Program does not contain referenced instruction: 02055da0 (SleighInstructionPrototype)  
ERROR Pcode error at 02055de2: Program does not contain referenced instruction: 02055de4 (SleighInstructionPrototype)  
ERROR Pcode error at 02055dfe: Program does not contain referenced instruction: 02055e00 (SleighInstructionPrototype)  
ERROR Pcode error at 02055e04: Program does not contain referenced instruction: 02055e06 (SleighInstructionPrototype)  
ERROR Pcode error at 02055e1a: Could not find cached delayslot parser context (SleighInstructionPrototype)  
ERROR Pcode error at 02055e4a: Program does not contain referenced instruction: 02055e4c (SleighInstructionPrototype)  
ERROR Pcode error at 02055e52: Delay Slot recursion problem for Instruction at 02055e54 (SleighInstructionPrototype)  
ERROR Pcode error at 02055ea4: Program does not contain referenced instruction: 02055ea8 (SleighInstructionPrototype)  
ERROR Pcode error at 02055eaa: Could not find cached delayslot parser context (SleighInstructionPrototype)  
ERROR Pcode error at 02055f4c: Program does not contain referenced instruction: 02055f4e (SleighInstructionPrototype)  
ERROR Pcode error at 02055f6e: Delay Slot recursion problem for Instruction at 02055f70 (SleighInstructionPrototype)  
ERROR Pcode error at 02055f82: Could not find cached delayslot parser context (SleighInstructionPrototype)  
ERROR Pcode error at 02055f9c: Could not find cached delayslot parser context (SleighInstructionPrototype)  
ERROR Pcode error at 02055faa: Delay Slot recursion problem for Instruction at 02055fac (SleighInstructionPrototype)  
ERROR Pcode error at 02055fc0: Program does not contain referenced instruction: 02055fc2 (SleighInstructionPrototype)  
ERROR Pcode error at 02055fce: Delay Slot recursion problem for Instruction at 02055fd0 (SleighInstructionPrototype)  
ERROR Pcode error at 02055fd0: Delay Slot recursion problem for Instruction at 02055fd2 (SleighInstructionPrototype)  
ERROR Pcode error at 02055fd2: Delay Slot recursion problem for Instruction at 02055fd4 (SleighInstructionPrototype)  
ERROR Pcode error at 02055fd4: Delay Slot recursion problem for Instruction at 02055fd6 (SleighInstructionPrototype)  
ERROR Pcode error at 02055fd6: Delay Slot recursion problem for Instruction at 02055fd8 (SleighInstructionPrototype)  
ERROR Pcode error at 02055fd8: Could not find cached delayslot parser context (SleighInstructionPrototype)  
ERROR Pcode error at 0205603e: Could not find cached delayslot parser context (SleighInstructionPrototype)  
ERROR Pcode error at 02056044: Program does not contain referenced instruction: 02056046 (SleighInstructionPrototype)  
ERROR Pcode error at 0205606a: Could not find cached delayslot parser context (SleighInstructionPrototype)  
ERROR Pcode error at 02056070: Program does not contain referenced instruction: 02056072 (SleighInstructionPrototype)  
ERROR Pcode error at 020560ac: Program does not contain referenced instruction: 020560ae (SleighInstructionPrototype)  
ERROR Pcode error at 020560b4: Delay Slot recursion problem for Instruction at 020560b6 (SleighInstructionPrototype)  
ERROR Pcode error at 020560b6: Program does not contain referenced instruction: 020560b8 (SleighInstructionPrototype)  
ERROR Pcode error at 020560bc: Program does not contain referenced instruction: 020560be (SleighInstructionPrototype)  
ERROR Pcode error at 02056108: Program does not contain referenced instruction: 0205610c (SleighInstructionPrototype)  
ERROR Pcode error at 02056112: Program does not contain referenced instruction: 02056114 (SleighInstructionPrototype)  
ERROR Pcode error at 0205612c: Program does not contain referenced instruction: 0205612e (SleighInstructionPrototype)  
ERROR Pcode error at 02056148: Delay Slot recursion problem for Instruction at 0205614a (SleighInstructionPrototype)  
ERROR Pcode error at 0205615c: Program does not contain referenced instruction: 0205615e (SleighInstructionPrototype)  
ERROR Pcode error at 0205618e: Could not find cached delayslot parser context (SleighInstructionPrototype)  
ERROR Pcode error at 02056198: Program does not contain referenced instruction: 0205619a (SleighInstructionPrototype)  
ERROR Pcode error at 020561bc: Delay Slot recursion problem for Instruction at 020561be (SleighInstructionPrototype)  
ERROR Pcode error at 020561c6: Delay Slot recursion problem for Instruction at 020561c8 (SleighInstructionPrototype)  
ERROR Pcode error at 020561c8: Program does not contain referenced instruction: 020561ca (SleighInstructionPrototype)  
ERROR Pcode error at 020561d8: Program does not contain referenced instruction: 020561dc (SleighInstructionPrototype)  
ERROR Pcode error at 020561f0: Delay Slot recursion problem for Instruction at 020561f2 (SleighInstructionPrototype)  
ERROR Pcode error at 020561f2: Program does not contain referenced instruction: 020561f4 (SleighInstructionPrototype)  
ERROR Pcode error at 020561f6: Program does not contain referenced instruction: 020561f8 (SleighInstructionPrototype)  
ERROR Pcode error at 02056270: Program does not contain referenced instruction: 02056272 (SleighInstructionPrototype)  
ERROR Pcode error at 02056278: Could not find cached delayslot parser context (SleighInstructionPrototype)  
ERROR Pcode error at 02056282: Delay Slot recursion problem for Instruction at 02056284 (SleighInstructionPrototype)  
ERROR Pcode error at 02056284: Program does not contain referenced instruction: 02056286 (SleighInstructionPrototype)  
ERROR Pcode error at 02056292: Program does not contain referenced instruction: 02056294 (SleighInstructionPrototype)  
ERROR Pcode error at 020562aa: Could not find cached delayslot parser context (SleighInstructionPrototype)  
ERROR Pcode error at 020562ea: Program does not contain referenced instruction: 020562ec (SleighInstructionPrototype)  
ERROR Pcode error at 020562f4: Delay Slot recursion problem for Instruction at 020562f6 (SleighInstructionPrototype)  
ERROR Pcode error at 020562f6: Delay Slot recursion problem for Instruction at 020562f8 (SleighInstructionPrototype)  
ERROR Pcode error at 02056310: Program does not contain referenced instruction: 02056314 (SleighInstructionPrototype)  
ERROR Pcode error at 0205631e: Program does not contain referenced instruction: 02056322 (SleighInstructionPrototype)  
ERROR Pcode error at 0205642a: Could not find cached delayslot parser context (SleighInstructionPrototype)  
INFO  V16DecoderAnalysis.java> EVIDENCE_REF phase=exhaustive from=0205643a text=jne r0,#0x19e,0x02058cc0 to=02058cc0 type=CONDITIONAL_JUMP function=- (GhidraScript)  
INFO  V16DecoderAnalysis.java> EVIDENCE_REF phase=exhaustive from=0205645a text=jne r0,#0x20a,0x020580e0 to=020580e0 type=CONDITIONAL_JUMP function=- (GhidraScript)  
INFO  V16DecoderAnalysis.java> EVIDENCE_REF phase=exhaustive from=02056472 text=jne r0,#0x243,0x020580d8 to=020580d8 type=CONDITIONAL_JUMP function=- (GhidraScript)  
INFO  V16DecoderAnalysis.java> EVIDENCE_REF phase=exhaustive from=0205647a text=jne r0,#0x25a,0x02058140 to=02058140 type=CONDITIONAL_JUMP function=- (GhidraScript)  
INFO  V16DecoderAnalysis.java> EVIDENCE_REF phase=exhaustive from=020564a2 text=jne r0,#0x2a8,0x02058808 to=02058808 type=CONDITIONAL_JUMP function=- (GhidraScript)  
INFO  V16DecoderAnalysis.java> EVIDENCE_REF phase=exhaustive from=020564aa text=jne r0,#0x2c5,0x02058170 to=02058170 type=CONDITIONAL_JUMP function=- (GhidraScript)  
INFO  V16DecoderAnalysis.java> EVIDENCE_REF phase=exhaustive from=020564b2 text=jne r0,#0x2dc,0x020582b8 to=020582b8 type=CONDITIONAL_JUMP function=- (GhidraScript)  
INFO  V16DecoderAnalysis.java> EVIDENCE_REF phase=exhaustive from=020564c2 text=jne r0,#0x308,0x020582c8 to=020582c8 type=CONDITIONAL_JUMP function=- (GhidraScript)  
INFO  V16DecoderAnalysis.java> EVIDENCE_REF phase=exhaustive from=020564e2 text=jne r0,#0x361,0x02058168 to=02058168 type=CONDITIONAL_JUMP function=- (GhidraScript)  
INFO  V16DecoderAnalysis.java> EVIDENCE_REF phase=exhaustive from=020564ea text=jne r0,#0x376,0x02058050 to=02058050 type=CONDITIONAL_JUMP function=- (GhidraScript)  
INFO  V16DecoderAnalysis.java> EVIDENCE_REF phase=exhaustive from=020564f2 text=je r0,#0x38f,0x02058c18 to=02058c18 type=CONDITIONAL_JUMP function=- (GhidraScript)  
ERROR Pcode error at 02056540: Could not find cached delayslot parser context (SleighInstructionPrototype)  
INFO  V16DecoderAnalysis.java> EVIDENCE_REF phase=exhaustive from=020565a2 text=jne r0,#0x4d5,0x02058988 to=02058988 type=CONDITIONAL_JUMP function=- (GhidraScript)  
INFO  V16DecoderAnalysis.java> EVIDENCE_REF phase=exhaustive from=020565f2 text=je r0,#0x569,0x020587b8 to=020587b8 type=CONDITIONAL_JUMP function=- (GhidraScript)  
ERROR Pcode error at 02056794: Program does not contain referenced instruction: 02056796 (SleighInstructionPrototype)  
ERROR Pcode error at 020567d0: Program does not contain referenced instruction: 020567d2 (SleighInstructionPrototype)  
ERROR Pcode error at 020567da: Program does not contain referenced instruction: 020567dc (SleighInstructionPrototype)  
ERROR Pcode error at 02056850: Could not find cached delayslot parser context (SleighInstructionPrototype)  
ERROR Pcode error at 0205690e: Could not find cached delayslot parser context (SleighInstructionPrototype)  
ERROR Pcode error at 02056970: Program does not contain referenced instruction: 02056972 (SleighInstructionPrototype)  
ERROR Pcode error at 02056a62: Could not find cached delayslot parser context (SleighInstructionPrototype)  
ERROR Pcode error at 02056c78: Program does not contain referenced instruction: 02056c7a (SleighInstructionPrototype)  
ERROR Pcode error at 02056e3a: Program does not contain referenced instruction: 02056e3c (SleighInstructionPrototype)  
ERROR Pcode error at 02056e70: Could not find cached delayslot parser context (SleighInstructionPrototype)  
ERROR Pcode error at 02057562: Could not find cached delayslot parser context (SleighInstructionPrototype)  
ERROR Pcode error at 02057664: Program does not contain referenced instruction: 02057666 (SleighInstructionPrototype)  
ERROR Pcode error at 020576b4: Program does not contain referenced instruction: 020576b6 (SleighInstructionPrototype)  
ERROR Pcode error at 0205771c: Program does not contain referenced instruction: 0205771e (SleighInstructionPrototype)  
ERROR Pcode error at 02057754: Program does not contain referenced instruction: 02057756 (SleighInstructionPrototype)  
ERROR Pcode error at 02057d0a: Program does not contain referenced instruction: 02057d0e (SleighInstructionPrototype)  
INFO  V16DecoderAnalysis.java> EVIDENCE_REF phase=exhaustive from=02057eda text=je r5,#0x900,0x020580e0 to=020580e0 type=CONDITIONAL_JUMP function=- (GhidraScript)  
INFO  V16DecoderAnalysis.java> PHASE exhaustive (GhidraScript)  
INFO  V16DecoderAnalysis.java> METRIC phase=exhaustive key=instruction_count value=113384 (GhidraScript)  
INFO  V16DecoderAnalysis.java> METRIC phase=exhaustive key=instruction_bytes value=328366 (GhidraScript)  
INFO  V16DecoderAnalysis.java> METRIC phase=exhaustive key=code_region_bytes value=360448 (GhidraScript)  
INFO  V16DecoderAnalysis.java> METRIC phase=exhaustive key=undecoded_even_slots value=16041 (GhidraScript)  
INFO  V16DecoderAnalysis.java> METRIC phase=exhaustive key=function_count value=1444 (GhidraScript)  
INFO  V16DecoderAnalysis.java> METRIC phase=exhaustive key=call_instruction_count value=8262 (GhidraScript)  
INFO  V16DecoderAnalysis.java> METRIC phase=exhaustive key=direct_call_reference_count value=7867 (GhidraScript)  
INFO  V16DecoderAnalysis.java> METRIC phase=exhaustive key=branch_instruction_count value=14979 (GhidraScript)  
INFO  V16DecoderAnalysis.java> METRIC phase=exhaustive key=computed_flow_count value=738 (GhidraScript)  
INFO  V16DecoderAnalysis.java> METRIC phase=exhaustive key=no_pcode_instruction_count value=0 (GhidraScript)  
INFO  V16DecoderAnalysis.java> METRIC phase=exhaustive key=pcode_exception_count value=0 (GhidraScript)  
INFO  V16DecoderAnalysis.java> METRIC phase=exhaustive key=evidence_reference_count value=387 (GhidraScript)  
INFO  V16DecoderAnalysis.java> METRIC phase=exhaustive key=evidence_scalar_count value=45 (GhidraScript)  
INFO  V16DecoderAnalysis.java> METRIC phase=exhaustive key=evidence_pcode_constant_count value=45 (GhidraScript)  
INFO  V16DecoderAnalysis.java> HISTOGRAM phase=exhaustive key=instruction_size value={2=68889, 4=38191, 6=6304} (GhidraScript)  
INFO  V16DecoderAnalysis.java> HISTOGRAM phase=exhaustive key=mnemonic value={_add=30, _and=6, _bitclr=1, _bitset=1, _call=4, _cli=2, _csync=2, _goto=3, _ja=2, _jb=10, _jbe=4, _jl=3, _jle=3, _jmnz=1, _jmz=2, _jne=3, _jnz=2, _jz=3, _lb.z=332, _lh.z=209, _lockclr=1, _lsl=6, _lw=1684, _mov=12, _movs=1, _movz=1, _mul=2, _nop=47, _or=14, _pfetch=2, _pop=1, _qasl=1, _qasr=6, _rep=8, _rte=2, _sb=252, _sh=169, _sti=18, _sub=15, _sw=851, _swi=1, _tbb=1, _tbh=1, abs=18, add=12534, addc=44, addldw=124, addsdw=20, and=1516, bit.and=71, bit.nand=9, bit.or=18, bit.xor=2, bitclr=171, bitset=453, bittgl=179, bkpt=35, btbclr=1, call=8227, clc=3, cli=300, clr=483, clz=14, csync=953, decjnz=2, div=127, div.s=193, flush=5, flushinv=8, goto=3299, hbkpt=29, idle=60, if=854, iflush=12, ifs=332, insert=331, ja=482, jae=206, jb=604, jbe=406, je=1516, jg=206, jge=147, jl=440, jle=277, jmnz=621, jmz=245, jne=1801, jnz=1488, jz=2589, lb=114, lb.s=91, lb.z=4116, ldw=1513, lh=258, lh.s=341, lh.z=1517, lockclr=179, lockset=109, lsl=1418, lslr=2, lsr=768, lw=6566, mov=21122, movh=2, movl=6, movs=354, movz=2603, mul=1227, mul.z=57, muladd.s=148, nop=3699, not=131, or=2023, pfetch=152, pop=1518, push=1219, qasl=111, qasr=330, rep=670, rev8=6, rte=2, rti=24, rts=332, rtx=1, sb=2922, sdw=179, sextra=228, sh=1831, smin=58, ssync=9, sti=1066, sub=1593, subc=51, sw=3815, swi=71, sxtb=52, sxth=520, syscall=5, tbb=188, tbh=47, testset=144, uextra=433, umin=28, uxtb=472, uxth=280, xor=142, } =1189, } else { =158} (GhidraScript)  
INFO  V16DecoderAnalysis.java> TARGET_XREF phase=exhaustive target=midi_route_ascii from=02005010 to=02058128 type=READ source=ANALYSIS function=FUN_02004f08@02004f08 (GhidraScript)  
INFO  V16DecoderAnalysis.java> TARGET_XREF phase=exhaustive target=midi_route_ascii from=02005010 to=0205812a type=READ source=ANALYSIS function=FUN_02004f08@02004f08 (GhidraScript)  
INFO  V16DecoderAnalysis.java> TARGET_XREF_COUNT phase=exhaustive target=midi_route_ascii exact=0 interior=2 (GhidraScript)  
INFO  V16DecoderAnalysis.java> TARGET_XREF_COUNT phase=exhaustive target=midi_streaming_interface exact=0 interior=0 (GhidraScript)  
INFO  V16DecoderAnalysis.java> TARGET_XREF phase=exhaustive target=midi_streaming_header from=020240c2 to=020583b7 type=PARAM source=ANALYSIS function=FUN_0202403c@0202403c (GhidraScript)  
INFO  V16DecoderAnalysis.java> TARGET_XREF phase=exhaustive target=midi_streaming_header from=02024092 to=020583b7 type=PARAM source=ANALYSIS function=FUN_0202403c@0202403c (GhidraScript)  
INFO  V16DecoderAnalysis.java> TARGET_XREF_COUNT phase=exhaustive target=midi_streaming_header exact=2 interior=0 (GhidraScript)  
INFO  V16DecoderAnalysis.java> TARGET_XREF phase=exhaustive target=usb_midi_cin_payload_lengths from=0200100e to=020584be type=PARAM source=ANALYSIS function=- (GhidraScript)  
INFO  V16DecoderAnalysis.java> TARGET_XREF_COUNT phase=exhaustive target=usb_midi_cin_payload_lengths exact=0 interior=1 (GhidraScript)  
INFO  V16DecoderAnalysis.java> TARGET_XREF_COUNT phase=exhaustive target=usb_device_descriptor exact=0 interior=0 (GhidraScript)  
INFO  V16DecoderAnalysis.java> TARGET_XREF phase=exhaustive target=midi_product_utf16le from=02024e24 to=020589e8 type=DATA source=ANALYSIS function=- (GhidraScript)  
INFO  V16DecoderAnalysis.java> TARGET_XREF_COUNT phase=exhaustive target=midi_product_utf16le exact=0 interior=1 (GhidraScript)  
INFO  V16DecoderAnalysis.java> TARGET_XREF_COUNT phase=exhaustive target=midi_in_endpoint exact=0 interior=0 (GhidraScript)  
INFO  V16DecoderAnalysis.java> TARGET_XREF_COUNT phase=exhaustive target=midi_in_cs_endpoint exact=0 interior=0 (GhidraScript)  
INFO  V16DecoderAnalysis.java> TARGET_XREF_COUNT phase=exhaustive target=midi_out_endpoint exact=0 interior=0 (GhidraScript)  
INFO  V16DecoderAnalysis.java> TARGET_XREF_COUNT phase=exhaustive target=midi_out_cs_endpoint exact=0 interior=0 (GhidraScript)  
INFO  V16DecoderAnalysis.java> TARGET_XREF phase=exhaustive target=midi_jack_graph from=020096b4 to=02058c90 type=PARAM source=ANALYSIS function=- (GhidraScript)  
INFO  V16DecoderAnalysis.java> TARGET_XREF phase=exhaustive target=midi_jack_graph from=02024bcc to=02058cb4 type=PARAM source=ANALYSIS function=- (GhidraScript)  
INFO  V16DecoderAnalysis.java> TARGET_XREF phase=exhaustive target=midi_jack_graph from=0205643a to=02058cc0 type=CONDITIONAL_JUMP source=DEFAULT function=- (GhidraScript)  
INFO  V16DecoderAnalysis.java> TARGET_XREF phase=exhaustive target=midi_jack_graph from=02058cc0 to=02058cc2 type=DATA source=ANALYSIS function=- (GhidraScript)  
INFO  V16DecoderAnalysis.java> TARGET_XREF phase=exhaustive target=midi_jack_graph from=020096a0 to=02058cd8 type=PARAM source=ANALYSIS function=- (GhidraScript)  
INFO  V16DecoderAnalysis.java> TARGET_XREF_COUNT phase=exhaustive target=midi_jack_graph exact=0 interior=5 (GhidraScript)  
INFO  V16DecoderAnalysis.java> TARGET_XREF_COUNT phase=exhaustive target=ui_label_local exact=0 interior=0 (GhidraScript)  
INFO  V16DecoderAnalysis.java> TARGET_XREF phase=exhaustive target=ui_label_usb_rec from=0201a78c to=0205e330 type=PARAM source=ANALYSIS function=- (GhidraScript)  
INFO  V16DecoderAnalysis.java> TARGET_XREF_COUNT phase=exhaustive target=ui_label_usb_rec exact=0 interior=1 (GhidraScript)  
INFO  V16DecoderAnalysis.java> TARGET_XREF_COUNT phase=exhaustive target=ui_label_key_chn exact=0 interior=0 (GhidraScript)  
INFO  V16DecoderAnalysis.java> TARGET_XREF_COUNT phase=exhaustive target=ui_label_pad_chn exact=0 interior=0 (GhidraScript)  
INFO  V16DecoderAnalysis.java> LISTING phase=exhaustive path=/Users/spectrum/Documents/SMK37ProMod/baselines/v15/analysis/v15-vs-v16-app-diff-2026-10-01/results/v16-exhaustive-listing.tsv (GhidraScript)  
INFO  ANALYZING changes made by post scripts: file:///Users/spectrum/Documents/SMK37ProMod/build/v16-analysis/app-016-decoded.bin (HeadlessAnalyzer)  
INFO  REPORT: Post-analysis succeeded for file: file:///Users/spectrum/Documents/SMK37ProMod/build/v16-analysis/app-016-decoded.bin (HeadlessAnalyzer)  
INFO  /app-016-decoded.bin: file created (spectrum) (LocalFileSystem)  
INFO  REPORT: Save succeeded for: /app-016-decoded.bin (v16-20261001T031441Z:/app-016-decoded.bin) (HeadlessAnalyzer)  
INFO  REPORT: Import succeeded (HeadlessAnalyzer)  
